CustomerID,Recency,Frequency,Monetary,FirstPurchaseDate,LastPurchaseDate,R_Score,F_Score,M_Score,RFM_Score,Segment
16738,298,1,3.75,"2011-02-15 09:46:00","2011-02-15 09:46:00",1,1,1,111,Hibernating
14792,64,1,6.20,"2011-10-07 09:19:00","2011-10-07 09:19:00",3,2,1,321,"Needs Attention"
16454,45,2,6.90,"2011-10-06 16:57:00","2011-10-26 11:40:00",3,3,1,331,"Loyal Customers"
17956,250,1,12.75,"2011-04-04 13:47:00","2011-04-04 13:47:00",1,1,1,111,Hibernating
16878,85,1,13.30,"2011-09-16 17:39:00","2011-09-16 17:39:00",2,2,1,221,Hibernating
17763,264,1,15.00,"2011-03-21 14:25:00","2011-03-21 14:25:00",1,1,1,111,Hibernating
15823,373,1,15.00,"2010-12-02 15:08:00","2010-12-02 15:08:00",1,1,1,111,Hibernating
13307,121,1,15.00,"2011-08-11 17:14:00","2011-08-11 17:14:00",2,2,1,221,Hibernating
16093,107,1,17.00,"2011-08-25 11:09:00","2011-08-25 11:09:00",2,2,1,221,Hibernating
16953,31,1,20.80,"2011-11-09 15:54:00","2011-11-09 15:54:00",4,2,1,421,"New Customers"
17986,57,1,20.80,"2011-10-14 14:22:00","2011-10-14 14:22:00",3,2,1,321,"Needs Attention"
17102,262,1,25.50,"2011-03-23 10:08:00","2011-03-23 10:08:00",1,1,1,111,Hibernating
18268,135,1,25.50,"2011-07-28 19:13:00","2011-07-28 19:13:00",2,2,1,221,Hibernating
15657,23,1,30.00,"2011-11-17 12:19:00","2011-11-17 12:19:00",4,1,1,411,"New Customers"
13120,239,1,30.60,"2011-04-15 10:19:00","2011-04-15 10:19:00",1,1,1,111,Hibernating
17408,164,1,32.65,"2011-06-29 12:53:00","2011-06-29 12:53:00",2,1,1,211,Hibernating
16765,295,1,34.00,"2011-02-18 15:41:00","2011-02-18 15:41:00",1,1,1,111,Hibernating
15744,78,1,34.80,"2011-09-23 09:52:00","2011-09-23 09:52:00",2,2,1,221,Hibernating
14576,373,1,35.40,"2010-12-02 17:51:00","2010-12-02 17:51:00",1,1,1,111,Hibernating
16856,15,1,35.40,"2011-11-25 08:59:00","2011-11-25 08:59:00",4,1,1,411,"New Customers"
17831,34,1,35.40,"2011-11-06 15:09:00","2011-11-06 15:09:00",3,2,1,321,"Needs Attention"
15940,312,1,35.80,"2011-02-01 16:18:00","2011-02-01 16:18:00",1,1,1,111,Hibernating
17816,37,4,36.56,"2010-12-09 14:10:00","2011-11-03 11:34:00",3,4,1,341,"Loyal Customers"
16162,253,1,37.40,"2011-04-01 15:03:00","2011-04-01 15:03:00",1,1,1,111,Hibernating
12855,373,1,38.10,"2010-12-02 09:37:00","2010-12-02 09:37:00",1,1,1,111,Hibernating
18019,52,1,38.45,"2011-10-19 12:10:00","2011-10-19 12:10:00",3,2,1,321,"Needs Attention"
16659,190,1,39.12,"2011-06-03 15:03:00","2011-06-03 15:03:00",1,1,1,111,Hibernating
12977,157,1,39.24,"2011-07-06 16:40:00","2011-07-06 16:40:00",2,2,1,221,Hibernating
14589,372,1,39.75,"2010-12-03 11:42:00","2010-12-03 11:42:00",1,1,1,111,Hibernating
15178,261,1,40.50,"2011-03-24 15:12:00","2011-03-24 15:12:00",1,1,1,111,Hibernating
15992,4,1,41.99,"2011-12-06 11:00:00","2011-12-06 11:00:00",5,1,1,511,"New Customers"
14300,19,1,43.20,"2011-11-21 08:57:00","2011-11-21 08:57:00",4,1,1,411,"New Customers"
15423,39,1,43.50,"2011-11-01 14:01:00","2011-11-01 14:01:00",3,2,1,321,"Needs Attention"
14080,33,1,45.60,"2011-11-07 11:09:00","2011-11-07 11:09:00",4,2,1,421,"New Customers"
16257,177,1,46.95,"2011-06-16 10:11:00","2011-06-16 10:11:00",2,1,1,211,Hibernating
15603,79,1,48.48,"2011-09-22 10:04:00","2011-09-22 10:04:00",2,2,1,221,Hibernating
14821,367,1,48.80,"2010-12-08 08:43:00","2010-12-08 08:43:00",1,1,1,111,Hibernating
18184,16,1,49.80,"2011-11-24 15:28:00","2011-11-24 15:28:00",4,1,1,411,"New Customers"
13011,373,1,50.55,"2010-12-02 17:22:00","2010-12-02 17:22:00",1,1,1,111,Hibernating
14351,165,1,51.00,"2011-06-28 11:56:00","2011-06-28 11:56:00",2,1,1,211,Hibernating
17844,107,1,51.56,"2011-08-25 11:27:00","2011-08-25 11:27:00",2,2,1,221,Hibernating
15313,111,1,52.00,"2011-08-21 16:02:00","2011-08-21 16:02:00",2,2,1,221,Hibernating
14682,188,2,52.00,"2011-05-22 12:51:00","2011-06-05 12:12:00",1,3,1,131,"Cant Lose Them"
13832,20,1,52.20,"2011-11-20 15:36:00","2011-11-20 15:36:00",4,1,1,411,"New Customers"
14865,8,2,52.20,"2010-12-02 18:23:00","2011-12-02 16:25:00",5,2,1,521,"New Customers"
15504,82,1,52.83,"2011-09-19 13:45:00","2011-09-19 13:45:00",2,2,1,221,Hibernating
16349,291,1,53.50,"2011-02-22 12:40:00","2011-02-22 12:40:00",1,1,1,111,Hibernating
13366,51,1,56.16,"2011-10-20 13:37:00","2011-10-20 13:37:00",3,2,1,321,"Needs Attention"
15899,369,1,56.25,"2010-12-06 10:36:00","2010-12-06 10:36:00",1,1,1,111,Hibernating
17775,255,1,56.40,"2011-03-30 10:50:00","2011-03-30 10:50:00",1,1,1,111,Hibernating
13080,180,1,58.08,"2011-06-13 14:59:00","2011-06-13 14:59:00",1,1,1,111,Hibernating
14957,254,1,58.49,"2011-03-31 17:59:00","2011-03-31 17:59:00",1,1,1,111,Hibernating
13682,188,1,59.50,"2011-06-05 14:06:00","2011-06-05 14:06:00",1,1,1,111,Hibernating
13391,204,1,59.80,"2011-05-20 10:50:00","2011-05-20 10:50:00",1,1,1,111,Hibernating
17174,218,1,59.90,"2011-05-06 11:47:00","2011-05-06 11:47:00",1,1,1,111,Hibernating
13194,136,1,60.70,"2011-07-27 09:01:00","2011-07-27 09:01:00",2,2,1,221,Hibernating
15516,45,3,62.43,"2011-10-24 11:33:00","2011-10-26 10:51:00",3,4,1,341,"Loyal Customers"
13218,128,1,62.64,"2011-08-04 16:59:00","2011-08-04 16:59:00",2,2,1,221,Hibernating
14840,268,1,62.85,"2011-03-17 12:00:00","2011-03-17 12:00:00",1,1,1,111,Hibernating
12665,325,1,63.00,"2011-01-19 08:34:00","2011-01-19 08:34:00",1,1,1,111,Hibernating
14437,366,1,63.00,"2010-12-09 09:27:00","2010-12-09 09:27:00",1,1,1,111,Hibernating
17263,209,1,63.44,"2011-05-15 14:32:00","2011-05-15 14:32:00",1,1,1,111,Hibernating
13302,156,1,63.75,"2011-07-07 17:56:00","2011-07-07 17:56:00",2,2,1,221,Hibernating
13130,95,1,64.00,"2011-09-06 15:30:00","2011-09-06 15:30:00",2,2,1,221,Hibernating
13684,286,1,65.13,"2011-02-27 10:13:00","2011-02-27 10:13:00",1,1,1,111,Hibernating
17382,66,1,65.40,"2011-10-05 13:05:00","2011-10-05 13:05:00",3,2,1,321,"Needs Attention"
14393,219,1,67.95,"2011-05-05 18:16:00","2011-05-05 18:16:00",1,1,1,111,Hibernating
15863,26,2,68.84,"2011-05-31 11:36:00","2011-11-14 12:49:00",4,2,1,421,"New Customers"
18037,155,6,70.02,"2010-12-12 16:20:00","2011-07-08 13:39:00",2,5,1,251,"Cant Lose Them"
17022,32,1,71.00,"2011-11-08 17:09:00","2011-11-08 17:09:00",4,2,1,421,"New Customers"
13185,268,1,71.40,"2011-03-17 11:56:00","2011-03-17 11:56:00",1,1,1,111,Hibernating
17747,113,1,71.40,"2011-08-19 08:13:00","2011-08-19 08:13:00",2,2,1,221,Hibernating
13938,36,1,71.66,"2011-11-04 14:37:00","2011-11-04 14:37:00",3,2,1,321,"Needs Attention"
13686,183,1,72.00,"2011-06-10 09:10:00","2011-06-10 09:10:00",1,1,1,111,Hibernating
17906,248,1,72.90,"2011-04-06 17:25:00","2011-04-06 17:25:00",1,1,1,111,Hibernating
16171,60,1,73.20,"2011-10-11 14:51:00","2011-10-11 14:51:00",3,2,1,321,"Needs Attention"
12506,233,1,73.50,"2011-04-21 08:54:00","2011-04-21 08:54:00",1,1,1,111,Hibernating
18032,335,1,73.50,"2011-01-09 15:32:00","2011-01-09 15:32:00",1,1,1,111,Hibernating
17960,172,1,73.78,"2011-06-21 14:15:00","2011-06-21 14:15:00",2,1,1,211,Hibernating
18050,360,1,74.40,"2010-12-15 14:25:00","2010-12-15 14:25:00",1,1,1,111,Hibernating
13095,71,1,74.40,"2011-09-30 12:03:00","2011-09-30 12:03:00",3,2,1,321,"Needs Attention"
16468,75,1,74.90,"2011-09-26 14:13:00","2011-09-26 14:13:00",2,2,1,221,Hibernating
13403,18,1,75.00,"2011-11-22 08:28:00","2011-11-22 08:28:00",4,1,1,411,"New Customers"
16610,220,1,75.66,"2011-05-04 13:13:00","2011-05-04 13:13:00",1,1,1,111,Hibernating
17628,82,1,75.75,"2011-09-19 15:21:00","2011-09-19 15:21:00",2,2,1,221,Hibernating
17995,282,1,76.10,"2011-03-03 12:30:00","2011-03-03 12:30:00",1,1,1,111,Hibernating
15668,218,1,76.32,"2011-05-06 10:39:00","2011-05-06 10:39:00",1,1,1,111,Hibernating
16148,297,1,76.32,"2011-02-16 14:01:00","2011-02-16 14:01:00",1,1,1,111,Hibernating
14090,325,1,76.32,"2011-01-19 10:51:00","2011-01-19 10:51:00",1,1,1,111,Hibernating
18113,369,1,76.32,"2010-12-06 12:31:00","2010-12-06 12:31:00",1,1,1,111,Hibernating
17536,178,1,76.50,"2011-06-15 13:23:00","2011-06-15 13:23:00",2,1,1,211,Hibernating
13106,134,1,76.50,"2011-07-29 15:12:00","2011-07-29 15:12:00",2,2,1,221,Hibernating
14373,359,1,76.55,"2010-12-16 15:40:00","2010-12-16 15:40:00",1,1,1,111,Hibernating
13992,31,1,76.80,"2011-11-09 15:23:00","2011-11-09 15:23:00",4,2,1,421,"New Customers"
13132,262,1,77.30,"2011-03-23 12:44:00","2011-03-23 12:44:00",1,1,1,111,Hibernating
14785,11,2,77.40,"2011-11-24 13:40:00","2011-11-29 13:21:00",5,2,1,521,"New Customers"
17942,8,1,77.50,"2011-12-02 10:45:00","2011-12-02 10:45:00",5,1,1,511,"New Customers"
16078,284,1,79.20,"2011-03-01 09:47:00","2011-03-01 09:47:00",1,1,1,111,Hibernating
15753,305,1,79.20,"2011-02-08 12:41:00","2011-02-08 12:41:00",1,1,1,111,Hibernating
13747,374,1,79.60,"2010-12-01 10:37:00","2010-12-01 10:37:00",1,1,1,111,Hibernating
17752,360,1,80.64,"2010-12-15 16:19:00","2010-12-15 16:19:00",1,1,1,111,Hibernating
13967,146,1,80.70,"2011-07-17 12:02:00","2011-07-17 12:02:00",2,2,1,221,Hibernating
16789,9,1,80.80,"2011-12-01 15:12:00","2011-12-01 15:12:00",5,1,1,511,"New Customers"
18281,181,1,80.82,"2011-06-12 10:53:00","2011-06-12 10:53:00",1,1,1,111,Hibernating
17620,60,1,81.44,"2011-10-11 12:08:00","2011-10-11 12:08:00",3,2,1,321,"Needs Attention"
13006,57,1,81.57,"2011-10-14 13:49:00","2011-10-14 13:49:00",3,2,1,321,"Needs Attention"
17309,96,1,82.75,"2011-09-05 15:20:00","2011-09-05 15:20:00",2,2,1,221,Hibernating
12401,304,1,84.30,"2011-02-09 13:50:00","2011-02-09 13:50:00",1,1,1,111,Hibernating
13666,61,3,84.65,"2011-02-25 13:05:00","2011-10-10 15:39:00",3,4,1,341,"Loyal Customers"
15729,213,1,85.00,"2011-05-11 12:36:00","2011-05-11 12:36:00",1,1,1,111,Hibernating
13841,253,1,85.00,"2011-04-01 12:10:00","2011-04-01 12:10:00",1,1,1,111,Hibernating
15541,115,1,85.13,"2011-08-17 14:58:00","2011-08-17 14:58:00",2,2,1,221,Hibernating
13296,138,1,87.40,"2011-07-25 13:46:00","2011-07-25 13:46:00",2,2,1,221,Hibernating
15180,368,1,87.50,"2010-12-07 14:57:00","2010-12-07 14:57:00",1,1,1,111,Hibernating
15083,257,1,88.20,"2011-03-28 12:18:00","2011-03-28 12:18:00",1,1,1,111,Hibernating
12353,205,1,89.00,"2011-05-19 17:47:00","2011-05-19 17:47:00",1,1,1,111,Hibernating
14436,99,1,89.06,"2011-09-02 10:13:00","2011-09-02 10:13:00",2,2,1,221,Hibernating
12686,372,1,89.14,"2010-12-03 09:51:00","2010-12-03 09:51:00",1,1,1,111,Hibernating
14760,298,1,89.20,"2011-02-15 16:27:00","2011-02-15 16:27:00",1,1,1,111,Hibernating
14219,5,1,89.94,"2011-12-05 16:23:00","2011-12-05 16:23:00",5,1,1,511,"New Customers"
14974,38,1,89.94,"2011-11-02 13:01:00","2011-11-02 13:01:00",3,2,1,321,"Needs Attention"
14117,144,1,90.00,"2011-07-19 09:49:00","2011-07-19 09:49:00",2,2,1,221,Hibernating
16597,5,1,90.04,"2011-12-05 15:44:00","2011-12-05 15:44:00",5,1,1,511,"New Customers"
15552,218,1,90.12,"2011-05-06 14:47:00","2011-05-06 14:47:00",1,1,1,111,Hibernating
16506,20,2,90.30,"2011-10-30 15:50:00","2011-11-20 12:17:00",4,2,1,421,"New Customers"
18084,17,1,90.48,"2011-11-23 13:57:00","2011-11-23 13:57:00",4,1,1,411,"New Customers"
14353,216,1,90.60,"2011-05-08 16:06:00","2011-05-08 16:06:00",1,1,1,111,Hibernating
13947,66,1,90.60,"2011-10-05 14:42:00","2011-10-05 14:42:00",3,2,1,321,"Needs Attention"
15488,93,1,91.32,"2011-09-08 10:11:00","2011-09-08 10:11:00",2,2,1,221,Hibernating
12659,30,1,91.68,"2011-11-10 11:53:00","2011-11-10 11:53:00",4,2,1,421,"New Customers"
13551,320,1,91.80,"2011-01-24 14:46:00","2011-01-24 14:46:00",1,1,1,111,Hibernating
13160,23,1,91.80,"2011-11-17 13:07:00","2011-11-17 13:07:00",4,1,1,411,"New Customers"
12789,66,1,91.85,"2011-10-05 13:34:00","2011-10-05 13:34:00",3,2,1,321,"Needs Attention"
14054,66,1,92.46,"2011-10-05 15:49:00","2011-10-05 15:49:00",3,2,1,321,"Needs Attention"
12821,215,1,92.72,"2011-05-09 15:51:00","2011-05-09 15:51:00",1,1,1,111,Hibernating
17991,226,2,93.35,"2011-04-27 16:39:00","2011-04-28 15:58:00",1,3,1,131,"Cant Lose Them"
13283,60,2,93.66,"2011-06-07 12:39:00","2011-10-11 09:50:00",3,3,1,331,"Loyal Customers"
18227,218,1,93.75,"2011-05-06 12:23:00","2011-05-06 12:23:00",1,1,1,111,Hibernating
15428,16,1,93.78,"2011-11-24 16:54:00","2011-11-24 16:54:00",4,1,1,411,"New Customers"
18033,66,1,93.82,"2011-10-05 17:28:00","2011-10-05 17:28:00",3,2,1,321,"Needs Attention"
15397,290,1,94.00,"2011-02-23 09:25:00","2011-02-23 09:25:00",1,1,1,111,Hibernating
16339,285,1,94.05,"2011-02-28 13:41:00","2011-02-28 13:41:00",1,1,1,111,Hibernating
13651,36,2,94.20,"2011-10-31 12:11:00","2011-11-04 14:59:00",3,3,1,331,"Loyal Customers"
16387,323,1,94.36,"2011-01-21 11:34:00","2011-01-21 11:34:00",1,1,1,111,Hibernating
12548,167,1,95.20,"2011-06-26 15:35:00","2011-06-26 15:35:00",2,1,1,211,Hibernating
18249,18,1,95.34,"2011-11-22 15:07:00","2011-11-22 15:07:00",4,1,1,411,"New Customers"
17895,45,1,95.45,"2011-10-26 17:00:00","2011-10-26 17:00:00",3,2,1,321,"Needs Attention"
17024,46,3,95.85,"2011-07-05 09:31:00","2011-10-25 13:47:00",3,4,1,341,"Loyal Customers"
14642,59,1,96.12,"2011-10-12 11:08:00","2011-10-12 11:08:00",3,2,1,321,"Needs Attention"
15216,88,1,96.60,"2011-09-13 11:41:00","2011-09-13 11:41:00",2,2,1,221,Hibernating
17325,281,1,96.80,"2011-03-04 13:09:00","2011-03-04 13:09:00",1,1,1,111,Hibernating
12984,19,1,97.50,"2011-11-21 12:37:00","2011-11-21 12:37:00",4,1,1,411,"New Customers"
15422,324,2,97.70,"2011-01-20 14:17:00","2011-01-20 16:17:00",1,3,1,131,"Cant Lose Them"
17349,180,1,98.25,"2011-06-13 14:29:00","2011-06-13 14:29:00",1,1,1,111,Hibernating
17538,26,1,98.42,"2011-11-14 12:12:00","2011-11-14 12:12:00",4,1,1,411,"New Customers"
15256,149,1,98.45,"2011-07-14 11:47:00","2011-07-14 11:47:00",2,2,1,221,Hibernating
17939,160,1,99.14,"2011-07-03 12:27:00","2011-07-03 12:27:00",2,2,1,221,Hibernating
13703,319,1,99.50,"2011-01-25 13:10:00","2011-01-25 13:10:00",1,1,1,111,Hibernating
14371,296,1,100.50,"2011-02-17 16:35:00","2011-02-17 16:35:00",1,1,1,111,Hibernating
17427,72,1,100.80,"2011-09-29 11:29:00","2011-09-29 11:29:00",3,2,1,321,"Needs Attention"
14946,15,1,100.90,"2011-11-25 13:33:00","2011-11-25 13:33:00",4,1,1,411,"New Customers"
16498,162,2,100.97,"2011-06-30 19:52:00","2011-07-01 15:07:00",2,3,1,231,"Cant Lose Them"
16344,159,1,101.10,"2011-07-04 15:50:00","2011-07-04 15:50:00",2,2,1,221,Hibernating
13101,235,1,101.19,"2011-04-19 14:37:00","2011-04-19 14:37:00",1,1,1,111,Hibernating
18086,275,1,101.34,"2011-03-10 13:34:00","2011-03-10 13:34:00",1,1,1,111,Hibernating
16006,212,1,101.40,"2011-05-12 13:12:00","2011-05-12 13:12:00",1,1,1,111,Hibernating
17643,374,1,101.55,"2010-12-01 14:38:00","2010-12-01 14:38:00",1,1,1,111,Hibernating
18068,290,1,101.70,"2011-02-23 14:50:00","2011-02-23 14:50:00",1,1,1,111,Hibernating
16516,31,1,101.70,"2011-11-09 14:59:00","2011-11-09 14:59:00",4,2,1,421,"New Customers"
15212,242,1,101.80,"2011-04-12 13:45:00","2011-04-12 13:45:00",1,1,1,111,Hibernating
13948,361,1,102.00,"2010-12-14 10:18:00","2010-12-14 10:18:00",1,1,1,111,Hibernating
14981,247,1,102.12,"2011-04-07 13:45:00","2011-04-07 13:45:00",1,1,1,111,Hibernating
17962,143,1,102.41,"2011-07-20 14:16:00","2011-07-20 14:16:00",2,2,1,221,Hibernating
14836,11,3,102.45,"2011-11-09 13:26:00","2011-11-29 16:45:00",5,3,1,531,"Loyal Customers"
18011,374,1,102.79,"2010-12-01 17:35:00","2010-12-01 17:35:00",1,1,1,111,Hibernating
14542,186,1,103.25,"2011-06-07 08:19:00","2011-06-07 08:19:00",1,1,1,111,Hibernating
17548,234,1,103.30,"2011-04-20 12:01:00","2011-04-20 12:01:00",1,1,1,111,Hibernating
18255,90,1,103.30,"2011-09-11 13:16:00","2011-09-11 13:16:00",2,2,1,221,Hibernating
18174,8,1,104.00,"2011-12-02 16:56:00","2011-12-02 16:56:00",5,1,1,511,"New Customers"
15958,75,1,104.35,"2011-09-26 13:41:00","2011-09-26 13:41:00",2,2,1,221,Hibernating
15607,337,1,104.76,"2011-01-07 12:44:00","2011-01-07 12:44:00",1,1,1,111,Hibernating
14027,61,1,104.82,"2011-10-10 09:01:00","2011-10-10 09:01:00",3,2,1,321,"Needs Attention"
15775,246,1,104.90,"2011-04-08 12:56:00","2011-04-08 12:56:00",1,1,1,111,Hibernating
16581,183,1,105.84,"2011-06-10 10:05:00","2011-06-10 10:05:00",1,1,1,111,Hibernating
17791,30,1,106.10,"2011-11-10 12:09:00","2011-11-10 12:09:00",4,2,1,421,"New Customers"
15070,373,1,106.20,"2010-12-02 11:23:00","2010-12-02 11:23:00",1,1,1,111,Hibernating
15168,26,1,106.56,"2011-11-14 11:26:00","2011-11-14 11:26:00",4,1,1,411,"New Customers"
16757,319,1,106.83,"2011-01-25 11:59:00","2011-01-25 11:59:00",1,1,1,111,Hibernating
17893,226,1,107.21,"2011-04-28 13:50:00","2011-04-28 13:50:00",1,1,1,111,Hibernating
15395,326,1,107.45,"2011-01-18 12:40:00","2011-01-18 12:40:00",1,1,1,111,Hibernating
16784,20,1,107.60,"2011-11-20 12:20:00","2011-11-20 12:20:00",4,1,1,411,"New Customers"
17274,36,1,107.82,"2011-11-04 13:16:00","2011-11-04 13:16:00",3,2,1,321,"Needs Attention"
14661,27,1,107.95,"2011-11-13 11:51:00","2011-11-13 11:51:00",4,1,1,411,"New Customers"
12956,307,1,108.07,"2011-02-06 16:08:00","2011-02-06 16:08:00",1,1,1,111,Hibernating
13226,274,1,108.21,"2011-03-11 14:35:00","2011-03-11 14:35:00",1,1,1,111,Hibernating
16106,66,1,108.38,"2011-10-05 10:37:00","2011-10-05 10:37:00",3,2,1,321,"Needs Attention"
17639,277,1,108.50,"2011-03-08 15:22:00","2011-03-08 15:22:00",1,1,1,111,Hibernating
13170,27,1,108.81,"2011-11-13 12:19:00","2011-11-13 12:19:00",4,1,1,411,"New Customers"
14345,39,1,108.98,"2011-11-01 09:51:00","2011-11-01 09:51:00",3,2,1,321,"Needs Attention"
14699,215,1,109.13,"2011-05-09 14:54:00","2011-05-09 14:54:00",1,1,1,111,Hibernating
16363,54,1,109.36,"2011-10-17 14:14:00","2011-10-17 14:14:00",3,2,1,321,"Needs Attention"
13133,274,2,109.80,"2011-02-08 15:48:00","2011-03-11 10:31:00",1,3,1,131,"Cant Lose Them"
17836,48,1,110.21,"2011-10-23 16:13:00","2011-10-23 16:13:00",3,2,1,321,"Needs Attention"
17746,241,1,110.25,"2011-04-13 14:31:00","2011-04-13 14:31:00",1,1,1,111,Hibernating
17901,30,1,110.38,"2011-11-10 17:29:00","2011-11-10 17:29:00",4,2,1,421,"New Customers"
18277,59,1,110.38,"2011-10-12 15:22:00","2011-10-12 15:22:00",3,2,1,321,"Needs Attention"
16792,283,2,110.38,"2011-03-02 14:39:00","2011-03-02 14:41:00",1,3,1,131,"Cant Lose Them"
12734,353,1,110.40,"2010-12-22 12:47:00","2010-12-22 12:47:00",1,1,1,111,Hibernating
14641,22,1,110.46,"2011-11-18 10:42:00","2011-11-18 10:42:00",4,1,1,411,"New Customers"
16963,188,1,110.55,"2011-06-05 13:48:00","2011-06-05 13:48:00",1,1,1,111,Hibernating
15853,52,1,110.80,"2011-10-19 10:38:00","2011-10-19 10:38:00",3,2,1,321,"Needs Attention"
15537,164,1,110.92,"2011-06-29 13:10:00","2011-06-29 13:10:00",2,1,1,211,Hibernating
13144,333,1,110.95,"2011-01-11 11:15:00","2011-01-11 11:15:00",1,1,1,111,Hibernating
13508,244,1,110.97,"2011-04-10 11:58:00","2011-04-10 11:58:00",1,1,1,111,Hibernating
18120,215,1,111.15,"2011-05-09 13:45:00","2011-05-09 13:45:00",1,1,1,111,Hibernating
17887,130,1,111.35,"2011-08-02 17:29:00","2011-08-02 17:29:00",2,2,1,221,Hibernating
17957,67,1,111.68,"2011-10-04 14:58:00","2011-10-04 14:58:00",3,2,1,321,"Needs Attention"
13193,62,1,112.08,"2011-10-09 14:30:00","2011-10-09 14:30:00",3,2,1,321,"Needs Attention"
12756,87,1,112.08,"2011-09-14 09:31:00","2011-09-14 09:31:00",2,2,1,221,Hibernating
17900,191,2,112.20,"2011-06-02 14:28:00","2011-06-02 14:38:00",1,3,1,131,"Cant Lose Them"
17967,372,1,112.27,"2010-12-03 11:19:00","2010-12-03 11:19:00",1,1,1,111,Hibernating
14271,226,1,112.32,"2011-04-28 12:47:00","2011-04-28 12:47:00",1,1,1,111,Hibernating
17038,31,1,112.40,"2011-11-09 13:50:00","2011-11-09 13:50:00",4,2,1,421,"New Customers"
15610,52,1,112.46,"2011-10-19 10:36:00","2011-10-19 10:36:00",3,2,1,321,"Needs Attention"
18129,244,1,112.55,"2011-04-10 14:16:00","2011-04-10 14:16:00",1,1,1,111,Hibernating
13807,368,1,112.60,"2010-12-07 15:48:00","2010-12-07 15:48:00",1,1,1,111,Hibernating
16697,242,1,112.75,"2011-04-12 17:12:00","2011-04-12 17:12:00",1,1,1,111,Hibernating
13161,314,1,112.75,"2011-01-30 14:03:00","2011-01-30 14:03:00",1,1,1,111,Hibernating
14689,209,1,112.80,"2011-05-15 11:22:00","2011-05-15 11:22:00",1,1,1,111,Hibernating
15280,173,1,113.12,"2011-06-20 17:14:00","2011-06-20 17:14:00",2,1,1,211,Hibernating
16913,291,1,113.44,"2011-02-22 12:56:00","2011-02-22 12:56:00",1,1,1,111,Hibernating
18105,38,1,113.48,"2011-11-02 12:04:00","2011-11-02 12:04:00",3,2,1,321,"Needs Attention"
17217,235,1,113.50,"2011-04-19 17:19:00","2011-04-19 17:19:00",1,1,1,111,Hibernating
15445,265,1,113.50,"2011-03-20 15:06:00","2011-03-20 15:06:00",1,1,1,111,Hibernating
14457,311,1,113.64,"2011-02-02 09:39:00","2011-02-02 09:39:00",1,1,1,111,Hibernating
12651,335,1,114.00,"2011-01-09 12:46:00","2011-01-09 12:46:00",1,1,1,111,Hibernating
14582,41,1,114.11,"2011-10-30 11:56:00","2011-10-30 11:56:00",3,2,1,321,"Needs Attention"
12938,26,1,114.14,"2011-11-14 11:21:00","2011-11-14 11:21:00",4,1,1,411,"New Customers"
14652,78,1,114.18,"2011-09-23 14:21:00","2011-09-23 14:21:00",2,2,1,221,Hibernating
17219,32,1,114.23,"2011-11-08 11:25:00","2011-11-08 11:25:00",4,2,1,421,"New Customers"
17852,12,2,114.34,"2011-11-28 12:31:00","2011-11-28 12:36:00",5,2,1,521,"New Customers"
16247,171,1,114.56,"2011-06-22 14:23:00","2011-06-22 14:23:00",2,1,1,211,Hibernating
14632,263,1,114.56,"2011-03-22 08:49:00","2011-03-22 08:49:00",1,1,1,111,Hibernating
13188,12,1,114.60,"2011-11-28 15:28:00","2011-11-28 15:28:00",5,1,1,511,"New Customers"
14972,129,1,114.77,"2011-08-03 14:54:00","2011-08-03 14:54:00",2,2,1,221,Hibernating
18027,99,1,115.31,"2011-09-02 10:38:00","2011-09-02 10:38:00",2,2,1,221,Hibernating
13067,83,1,115.46,"2011-09-18 13:38:00","2011-09-18 13:38:00",2,2,1,221,Hibernating
15350,374,1,115.65,"2010-12-01 13:33:00","2010-12-01 13:33:00",1,1,1,111,Hibernating
14143,134,1,115.80,"2011-07-29 09:48:00","2011-07-29 09:48:00",2,2,1,221,Hibernating
17601,240,1,116.01,"2011-04-14 18:02:00","2011-04-14 18:02:00",1,1,1,111,Hibernating
17117,289,1,116.20,"2011-02-24 13:54:00","2011-02-24 13:54:00",1,1,1,111,Hibernating
13877,87,1,117.24,"2011-09-14 15:49:00","2011-09-14 15:49:00",2,2,1,221,Hibernating
16959,88,1,117.35,"2011-09-13 15:03:00","2011-09-13 15:03:00",2,2,1,221,Hibernating
17654,278,1,117.55,"2011-03-07 13:17:00","2011-03-07 13:17:00",1,1,1,111,Hibernating
12929,312,1,117.85,"2011-02-01 12:08:00","2011-02-01 12:08:00",1,1,1,111,Hibernating
13581,310,1,118.00,"2011-02-03 14:41:00","2011-02-03 14:41:00",1,1,1,111,Hibernating
14076,130,1,118.67,"2011-08-02 15:19:00","2011-08-02 15:19:00",2,2,1,221,Hibernating
14155,267,1,118.75,"2011-03-18 14:13:00","2011-03-18 14:13:00",1,1,1,111,Hibernating
17079,79,1,118.80,"2011-09-22 15:34:00","2011-09-22 15:34:00",2,2,1,221,Hibernating
15843,304,1,118.95,"2011-02-09 10:19:00","2011-02-09 10:19:00",1,1,1,111,Hibernating
16666,20,1,118.98,"2011-11-20 14:01:00","2011-11-20 14:01:00",4,1,1,411,"New Customers"
15266,339,1,119.30,"2011-01-05 13:40:00","2011-01-05 13:40:00",1,1,1,111,Hibernating
16542,54,1,119.62,"2011-10-17 10:47:00","2011-10-17 10:47:00",3,2,1,321,"Needs Attention"
14453,191,1,119.93,"2011-06-02 14:15:00","2011-06-02 14:15:00",1,1,1,111,Hibernating
14314,107,1,120.00,"2011-08-25 10:39:00","2011-08-25 10:39:00",2,2,1,221,Hibernating
14259,142,1,120.00,"2011-07-21 10:44:00","2011-07-21 10:44:00",2,2,1,221,Hibernating
18015,5,1,120.03,"2011-12-05 14:49:00","2011-12-05 14:49:00",5,1,1,511,"New Customers"
14165,276,1,120.44,"2011-03-09 12:39:00","2011-03-09 12:39:00",1,1,1,111,Hibernating
17446,177,2,120.90,"2011-02-02 14:40:00","2011-06-16 10:42:00",2,3,1,231,"Cant Lose Them"
13002,319,1,120.95,"2011-01-25 15:18:00","2011-01-25 15:18:00",1,1,1,111,Hibernating
15512,156,2,121.00,"2010-12-15 12:01:00","2011-07-07 10:20:00",2,3,1,231,"Cant Lose Them"
14413,363,1,121.05,"2010-12-12 13:37:00","2010-12-12 13:37:00",1,1,1,111,Hibernating
15049,274,1,121.17,"2011-03-11 12:13:00","2011-03-11 12:13:00",1,1,1,111,Hibernating
13182,46,1,121.18,"2011-10-25 13:46:00","2011-10-25 13:46:00",3,2,1,321,"Needs Attention"
13244,93,1,121.74,"2011-09-08 11:46:00","2011-09-08 11:46:00",2,2,1,221,Hibernating
18018,109,2,122.14,"2011-05-24 13:22:00","2011-08-23 17:37:00",2,3,1,231,"Cant Lose Them"
16073,298,1,122.40,"2011-02-15 15:41:00","2011-02-15 15:41:00",1,1,1,111,Hibernating
13638,16,1,122.64,"2011-11-24 10:38:00","2011-11-24 10:38:00",4,1,1,411,"New Customers"
13876,64,1,122.70,"2011-10-07 10:22:00","2011-10-07 10:22:00",3,2,1,321,"Needs Attention"
13519,79,1,122.75,"2011-09-22 18:24:00","2011-09-22 18:24:00",2,2,1,221,Hibernating
15917,248,1,123.10,"2011-04-06 10:40:00","2011-04-06 10:40:00",1,1,1,111,Hibernating
16658,369,1,123.24,"2010-12-06 13:47:00","2010-12-06 13:47:00",1,1,1,111,Hibernating
14495,51,2,123.80,"2011-08-10 14:13:00","2011-10-20 12:28:00",3,3,1,331,"Loyal Customers"
16569,4,1,124.20,"2011-12-06 15:32:00","2011-12-06 15:32:00",5,1,1,511,"New Customers"
16849,187,1,124.57,"2011-06-06 09:16:00","2011-06-06 09:16:00",1,1,1,111,Hibernating
17148,52,1,124.88,"2011-10-19 09:59:00","2011-10-19 09:59:00",3,2,1,321,"Needs Attention"
12531,15,1,125.22,"2011-11-25 11:12:00","2011-11-25 11:12:00",4,1,1,411,"New Customers"
15017,34,1,125.58,"2011-11-06 10:33:00","2011-11-06 10:33:00",3,2,1,321,"Needs Attention"
14890,254,1,125.65,"2011-03-31 11:57:00","2011-03-31 11:57:00",1,1,1,111,Hibernating
14861,53,1,125.79,"2011-10-18 12:54:00","2011-10-18 12:54:00",3,2,1,321,"Needs Attention"
13522,31,1,125.80,"2011-11-09 15:11:00","2011-11-09 15:11:00",4,2,1,421,"New Customers"
12814,102,1,125.92,"2011-08-30 12:11:00","2011-08-30 12:11:00",2,2,1,221,Hibernating
16988,6,1,126.12,"2011-12-04 16:02:00","2011-12-04 16:02:00",5,1,1,511,"New Customers"
15463,30,1,126.14,"2011-11-10 12:57:00","2011-11-10 12:57:00",4,2,1,421,"New Customers"
16414,22,2,126.25,"2011-03-04 13:27:00","2011-11-18 09:42:00",4,2,1,421,"New Customers"
14962,271,1,126.70,"2011-03-14 09:42:00","2011-03-14 09:42:00",1,1,1,111,Hibernating
15923,373,1,127.08,"2010-12-02 12:16:00","2010-12-02 12:16:00",1,1,1,111,Hibernating
15578,163,1,127.10,"2011-06-30 13:03:00","2011-06-30 13:03:00",2,1,1,211,Hibernating
13781,251,1,127.84,"2011-04-03 12:08:00","2011-04-03 12:08:00",1,1,1,111,Hibernating
15543,289,1,127.86,"2011-02-24 15:26:00","2011-02-24 15:26:00",1,1,1,111,Hibernating
17359,12,1,127.86,"2011-11-28 14:37:00","2011-11-28 14:37:00",5,1,1,511,"New Customers"
17297,18,1,128.18,"2011-11-22 14:43:00","2011-11-22 14:43:00",4,1,1,411,"New Customers"
16828,94,2,128.50,"2011-08-19 13:24:00","2011-09-07 15:10:00",2,3,1,231,"Cant Lose Them"
15276,67,1,128.63,"2011-10-04 16:39:00","2011-10-04 16:39:00",3,2,1,321,"Needs Attention"
16623,246,1,129.45,"2011-04-08 10:09:00","2011-04-08 10:09:00",1,1,1,111,Hibernating
16611,187,1,129.49,"2011-06-06 15:46:00","2011-06-06 15:46:00",1,1,1,111,Hibernating
16679,367,1,129.75,"2010-12-08 13:51:00","2010-12-08 13:51:00",1,1,1,111,Hibernating
15844,47,1,130.74,"2011-10-24 15:19:00","2011-10-24 15:19:00",3,2,1,321,"Needs Attention"
14795,167,1,131.45,"2011-06-26 13:04:00","2011-06-26 13:04:00",2,1,1,211,Hibernating
17455,204,1,131.70,"2011-05-20 12:31:00","2011-05-20 12:31:00",1,1,1,111,Hibernating
12851,97,1,131.81,"2011-09-04 12:41:00","2011-09-04 12:41:00",2,2,1,221,Hibernating
14438,307,1,131.90,"2011-02-06 14:56:00","2011-02-06 14:56:00",1,1,1,111,Hibernating
17785,54,1,131.94,"2011-10-17 13:43:00","2011-10-17 13:43:00",3,2,1,321,"Needs Attention"
12512,67,2,132.18,"2011-10-04 14:53:00","2011-10-04 14:55:00",3,3,1,331,"Loyal Customers"
17647,66,1,133.06,"2011-10-05 15:38:00","2011-10-05 15:38:00",3,2,1,321,"Needs Attention"
15709,284,1,133.25,"2011-03-01 10:38:00","2011-03-01 10:38:00",1,1,1,111,Hibernating
17881,305,1,133.35,"2011-02-08 17:16:00","2011-02-08 17:16:00",1,1,1,111,Hibernating
12445,23,1,133.40,"2011-11-17 18:43:00","2011-11-17 18:43:00",4,1,1,411,"New Customers"
14349,11,1,133.50,"2011-11-29 15:39:00","2011-11-29 15:39:00",5,1,1,511,"New Customers"
16424,192,1,133.56,"2011-06-01 13:40:00","2011-06-01 13:40:00",1,1,1,111,Hibernating
14280,197,1,134.04,"2011-05-27 10:37:00","2011-05-27 10:37:00",1,1,1,111,Hibernating
12837,174,1,134.10,"2011-06-19 16:07:00","2011-06-19 16:07:00",2,1,1,211,Hibernating
14174,34,1,134.46,"2011-11-06 13:17:00","2011-11-06 13:17:00",3,2,1,321,"Needs Attention"
15562,352,1,134.55,"2010-12-23 09:55:00","2010-12-23 09:55:00",1,1,1,111,Hibernating
14340,219,1,134.70,"2011-05-05 09:44:00","2011-05-05 09:44:00",1,1,1,111,Hibernating
16055,221,1,134.80,"2011-05-03 09:26:00","2011-05-03 09:26:00",1,1,1,111,Hibernating
13364,72,1,134.96,"2011-09-29 18:13:00","2011-09-29 18:13:00",3,2,1,321,"Needs Attention"
17972,242,1,135.19,"2011-04-12 12:16:00","2011-04-12 12:16:00",1,1,1,111,Hibernating
16665,363,1,135.40,"2010-12-12 14:03:00","2010-12-12 14:03:00",1,1,1,111,Hibernating
16114,171,1,135.75,"2011-06-22 10:13:00","2011-06-22 10:13:00",2,1,1,211,Hibernating
15174,323,1,135.75,"2011-01-21 09:06:00","2011-01-21 09:06:00",1,1,1,111,Hibernating
15419,25,1,135.86,"2011-11-15 09:23:00","2011-11-15 09:23:00",4,1,1,411,"New Customers"
14889,337,1,135.90,"2011-01-07 15:19:00","2011-01-07 15:19:00",1,1,1,111,Hibernating
15042,200,1,135.93,"2011-05-24 16:25:00","2011-05-24 16:25:00",1,1,1,111,Hibernating
12968,113,1,135.95,"2011-08-19 15:44:00","2011-08-19 15:44:00",2,2,1,221,Hibernating
16412,54,1,135.99,"2011-10-17 12:35:00","2011-10-17 12:35:00",3,2,1,321,"Needs Attention"
16462,74,3,136.00,"2011-03-01 08:58:00","2011-09-27 10:24:00",2,4,1,241,"Cant Lose Them"
14247,279,1,136.77,"2011-03-06 15:21:00","2011-03-06 15:21:00",1,1,1,111,Hibernating
15691,253,1,136.80,"2011-04-01 15:13:00","2011-04-01 15:13:00",1,1,1,111,Hibernating
17468,11,2,137.00,"2011-11-25 12:52:00","2011-11-29 15:33:00",5,2,1,521,"New Customers"
14483,282,1,137.10,"2011-03-03 10:26:00","2011-03-03 10:26:00",1,1,1,111,Hibernating
15836,51,1,137.37,"2011-10-20 17:13:00","2011-10-20 17:13:00",3,2,1,321,"Needs Attention"
17709,170,1,137.45,"2011-06-23 11:55:00","2011-06-23 11:55:00",2,1,1,211,Hibernating
13279,79,1,137.75,"2011-09-22 17:24:00","2011-09-22 17:24:00",2,2,1,221,Hibernating
16050,174,1,137.90,"2011-06-19 11:44:00","2011-06-19 11:44:00",2,1,1,211,Hibernating
15663,107,1,138.14,"2011-08-25 15:50:00","2011-08-25 15:50:00",2,2,1,221,Hibernating
13716,270,1,138.28,"2011-03-15 13:49:00","2011-03-15 13:49:00",1,1,1,111,Hibernating
17122,120,1,138.32,"2011-08-12 14:33:00","2011-08-12 14:33:00",2,2,1,221,Hibernating
14581,17,1,138.60,"2011-11-23 12:39:00","2011-11-23 12:39:00",4,1,1,411,"New Customers"
12902,265,1,138.68,"2011-03-20 12:06:00","2011-03-20 12:06:00",1,1,1,111,Hibernating
13273,114,1,138.98,"2011-08-18 14:02:00","2011-08-18 14:02:00",2,2,1,221,Hibernating
15135,240,1,139.05,"2011-04-14 19:16:00","2011-04-14 19:16:00",1,1,1,111,Hibernating
18209,29,1,139.10,"2011-11-11 12:07:00","2011-11-11 12:07:00",4,1,1,411,"New Customers"
14772,113,1,139.26,"2011-08-19 15:04:00","2011-08-19 15:04:00",2,2,1,221,Hibernating
16483,193,1,139.35,"2011-05-31 13:08:00","2011-05-31 13:08:00",1,1,1,111,Hibernating
17718,233,1,139.35,"2011-04-21 13:39:00","2011-04-21 13:39:00",1,1,1,111,Hibernating
14494,26,1,139.56,"2011-11-14 09:21:00","2011-11-14 09:21:00",4,1,1,411,"New Customers"
13483,66,1,140.34,"2011-10-05 11:53:00","2011-10-05 11:53:00",3,2,1,321,"Needs Attention"
15388,271,1,140.54,"2011-03-14 13:53:00","2011-03-14 13:53:00",1,1,1,111,Hibernating
15503,363,1,141.04,"2010-12-12 10:57:00","2010-12-12 10:57:00",1,1,1,111,Hibernating
14041,267,1,141.41,"2011-03-18 13:25:00","2011-03-18 13:25:00",1,1,1,111,Hibernating
13561,216,1,141.86,"2011-05-08 12:39:00","2011-05-08 12:39:00",1,1,1,111,Hibernating
17859,305,1,141.92,"2011-02-08 10:32:00","2011-02-08 10:32:00",1,1,1,111,Hibernating
14386,297,1,142.40,"2011-02-16 09:45:00","2011-02-16 09:45:00",1,1,1,111,Hibernating
13584,307,1,142.40,"2011-02-06 12:49:00","2011-02-06 12:49:00",1,1,1,111,Hibernating
16287,170,1,142.50,"2011-06-23 09:08:00","2011-06-23 09:08:00",2,1,1,211,Hibernating
13299,269,1,142.50,"2011-03-16 12:55:00","2011-03-16 12:55:00",1,1,1,111,Hibernating
16461,178,1,142.92,"2011-06-15 12:07:00","2011-06-15 12:07:00",2,1,1,211,Hibernating
15705,202,1,143.10,"2011-05-22 15:37:00","2011-05-22 15:37:00",1,1,1,111,Hibernating
17578,219,1,143.46,"2011-05-05 18:38:00","2011-05-05 18:38:00",1,1,1,111,Hibernating
12587,8,1,144.00,"2011-12-02 12:47:00","2011-12-02 12:47:00",5,1,1,511,"New Customers"
17186,47,2,144.00,"2011-10-10 12:52:00","2011-10-24 10:20:00",3,3,1,331,"Loyal Customers"
14109,73,1,144.20,"2011-09-28 10:18:00","2011-09-28 10:18:00",2,2,1,221,Hibernating
15748,41,1,144.36,"2011-10-30 12:51:00","2011-10-30 12:51:00",3,2,1,321,"Needs Attention"
12974,198,1,144.80,"2011-05-26 09:33:00","2011-05-26 09:33:00",1,1,1,111,Hibernating
16852,11,2,144.91,"2011-06-16 15:49:00","2011-11-29 13:22:00",5,2,1,521,"New Customers"
17524,362,1,145.00,"2010-12-13 14:32:00","2010-12-13 14:32:00",1,1,1,111,Hibernating
16598,286,1,145.05,"2011-02-27 11:42:00","2011-02-27 11:42:00",1,1,1,111,Hibernating
15937,65,1,145.35,"2011-10-06 15:48:00","2011-10-06 15:48:00",3,2,1,321,"Needs Attention"
13866,75,1,145.67,"2011-09-26 14:54:00","2011-09-26 14:54:00",2,2,1,221,Hibernating
17935,139,2,145.79,"2011-07-21 11:23:00","2011-07-24 13:18:00",2,3,1,231,"Cant Lose Them"
12565,289,1,145.92,"2011-02-24 10:34:00","2011-02-24 10:34:00",1,1,1,111,Hibernating
16893,367,1,145.93,"2010-12-08 12:06:00","2010-12-08 12:06:00",1,1,1,111,Hibernating
14238,327,1,146.85,"2011-01-17 14:40:00","2011-01-17 14:40:00",1,1,1,111,Hibernating
17030,64,1,146.87,"2011-10-07 08:49:00","2011-10-07 08:49:00",3,2,1,321,"Needs Attention"
12864,139,1,147.12,"2011-07-24 13:03:00","2011-07-24 13:03:00",2,2,1,221,Hibernating
14037,177,2,147.20,"2010-12-10 11:39:00","2011-06-16 13:57:00",2,3,1,231,"Cant Lose Them"
14098,37,1,147.35,"2011-11-03 10:13:00","2011-11-03 10:13:00",3,2,1,321,"Needs Attention"
14968,31,1,147.59,"2011-11-09 13:58:00","2011-11-09 13:58:00",4,2,1,421,"New Customers"
15526,34,2,148.44,"2011-11-06 15:01:00","2011-11-06 15:04:00",3,3,1,331,"Loyal Customers"
17549,24,2,148.86,"2011-10-19 10:05:00","2011-11-16 09:59:00",4,2,1,421,"New Customers"
13003,106,3,149.05,"2011-05-09 08:23:00","2011-08-26 10:50:00",2,4,1,241,"Cant Lose Them"
15435,23,1,149.29,"2011-11-17 16:39:00","2011-11-17 16:39:00",4,1,1,411,"New Customers"
18262,141,1,149.48,"2011-07-22 16:04:00","2011-07-22 16:04:00",2,2,1,221,Hibernating
17946,234,2,149.58,"2011-03-25 14:34:00","2011-04-20 17:00:00",1,3,1,131,"Cant Lose Them"
15869,278,2,149.64,"2011-03-07 17:19:00","2011-03-07 17:23:00",1,3,1,131,"Cant Lose Them"
17234,183,1,149.89,"2011-06-10 11:20:00","2011-06-10 11:20:00",1,1,1,111,Hibernating
16932,54,1,150.23,"2011-10-17 14:12:00","2011-10-17 14:12:00",3,2,1,321,"Needs Attention"
15717,235,1,150.30,"2011-04-19 13:21:00","2011-04-19 13:21:00",1,1,1,111,Hibernating
18200,107,1,150.35,"2011-08-25 18:45:00","2011-08-25 18:45:00",2,2,1,221,Hibernating
14204,3,1,150.61,"2011-12-07 13:38:00","2011-12-07 13:38:00",5,1,1,511,"New Customers"
14073,33,1,151.04,"2011-11-07 15:49:00","2011-11-07 15:49:00",4,2,1,421,"New Customers"
16337,37,1,151.05,"2011-11-03 10:03:00","2011-11-03 10:03:00",3,2,1,321,"Needs Attention"
13697,39,1,151.30,"2011-11-01 09:14:00","2011-11-01 09:14:00",3,2,1,321,"Needs Attention"
17286,22,1,151.37,"2011-11-18 12:47:00","2011-11-18 12:47:00",4,1,1,411,"New Customers"
13462,253,1,151.50,"2011-04-01 11:20:00","2011-04-01 11:20:00",1,1,1,111,Hibernating
14362,23,1,151.50,"2011-11-17 15:08:00","2011-11-17 15:08:00",4,1,1,411,"New Customers"
14208,95,1,151.74,"2011-09-06 12:48:00","2011-09-06 12:48:00",2,2,1,221,Hibernating
16617,236,1,151.85,"2011-04-18 10:35:00","2011-04-18 10:35:00",1,1,1,111,Hibernating
17898,86,2,152.06,"2011-05-16 17:13:00","2011-09-15 14:56:00",2,3,1,231,"Cant Lose Them"
14039,34,1,152.20,"2011-11-06 13:48:00","2011-11-06 13:48:00",3,2,1,321,"Needs Attention"
13514,74,1,152.20,"2011-09-27 09:39:00","2011-09-27 09:39:00",2,2,1,221,Hibernating
17707,186,2,152.40,"2011-01-07 13:30:00","2011-06-07 15:03:00",1,3,1,131,"Cant Lose Them"
14066,267,1,152.55,"2011-03-18 12:21:00","2011-03-18 12:21:00",1,1,1,111,Hibernating
18138,296,1,152.65,"2011-02-17 14:51:00","2011-02-17 14:51:00",1,1,1,111,Hibernating
17984,146,1,152.68,"2011-07-17 15:59:00","2011-07-17 15:59:00",2,2,1,221,Hibernating
14813,370,2,152.88,"2010-12-05 11:54:00","2010-12-05 11:57:00",1,3,1,131,"Cant Lose Them"
16248,62,1,152.94,"2011-10-09 11:32:00","2011-10-09 11:32:00",3,2,1,321,"Needs Attention"
16720,27,1,152.95,"2011-11-13 16:22:00","2011-11-13 16:22:00",4,1,1,411,"New Customers"
17714,321,1,153.00,"2011-01-23 10:32:00","2011-01-23 10:32:00",1,1,1,111,Hibernating
12602,59,1,153.12,"2011-10-12 11:22:00","2011-10-12 11:22:00",3,2,1,321,"Needs Attention"
16351,333,1,153.90,"2011-01-11 10:26:00","2011-01-11 10:26:00",1,1,1,111,Hibernating
17517,309,1,153.94,"2011-02-04 11:48:00","2011-02-04 11:48:00",1,1,1,111,Hibernating
16921,62,1,154.18,"2011-10-09 16:22:00","2011-10-09 16:22:00",3,2,1,321,"Needs Attention"
16406,19,1,154.35,"2011-11-21 11:57:00","2011-11-21 11:57:00",4,1,1,411,"New Customers"
15226,311,1,154.41,"2011-02-02 11:41:00","2011-02-02 11:41:00",1,1,1,111,Hibernating
17899,160,1,154.55,"2011-07-03 14:58:00","2011-07-03 14:58:00",2,2,1,221,Hibernating
17026,186,2,154.83,"2010-12-05 12:47:00","2011-06-07 14:28:00",1,3,1,131,"Cant Lose Them"
15740,50,1,154.88,"2011-10-21 14:29:00","2011-10-21 14:29:00",3,2,1,321,"Needs Attention"
17698,261,1,154.95,"2011-03-24 11:34:00","2011-03-24 11:34:00",1,1,1,111,Hibernating
14046,285,1,154.99,"2011-02-28 14:48:00","2011-02-28 14:48:00",1,1,1,111,Hibernating
14368,320,1,155.00,"2011-01-24 09:52:00","2011-01-24 09:52:00",1,1,1,111,Hibernating
13809,306,1,155.05,"2011-02-07 13:15:00","2011-02-07 13:15:00",1,1,1,111,Hibernating
15447,331,1,155.17,"2011-01-13 11:26:00","2011-01-13 11:26:00",1,1,1,111,Hibernating
12738,373,1,155.35,"2010-12-02 18:27:00","2010-12-02 18:27:00",1,1,1,111,Hibernating
17832,50,1,155.37,"2011-10-21 11:43:00","2011-10-21 11:43:00",3,2,1,321,"Needs Attention"
17871,205,1,155.90,"2011-05-19 11:32:00","2011-05-19 11:32:00",1,1,1,111,Hibernating
13898,326,1,155.93,"2011-01-18 10:28:00","2011-01-18 10:28:00",1,1,1,111,Hibernating
17885,13,1,156.34,"2011-11-27 14:40:00","2011-11-27 14:40:00",5,1,1,511,"New Customers"
15263,107,1,156.51,"2011-08-25 10:26:00","2011-08-25 10:26:00",2,2,1,221,Hibernating
15438,132,1,156.58,"2011-07-31 14:19:00","2011-07-31 14:19:00",2,2,1,221,Hibernating
14406,120,1,156.75,"2011-08-12 16:54:00","2011-08-12 16:54:00",2,2,1,221,Hibernating
15988,20,1,156.78,"2011-11-20 13:23:00","2011-11-20 13:23:00",4,1,1,411,"New Customers"
15007,160,1,156.91,"2011-07-03 16:00:00","2011-07-03 16:00:00",2,2,1,221,Hibernating
17118,318,1,157.02,"2011-01-26 12:19:00","2011-01-26 12:19:00",1,1,1,111,Hibernating
14585,51,1,157.05,"2011-10-20 14:33:00","2011-10-20 14:33:00",3,2,1,321,"Needs Attention"
17128,335,1,157.09,"2011-01-09 12:02:00","2011-01-09 12:02:00",1,1,1,111,Hibernating
14148,234,1,157.20,"2011-04-20 12:02:00","2011-04-20 12:02:00",1,1,1,111,Hibernating
17344,47,1,157.62,"2011-10-24 12:56:00","2011-10-24 12:56:00",3,2,1,321,"Needs Attention"
14799,52,1,157.70,"2011-10-19 16:16:00","2011-10-19 16:16:00",3,2,1,321,"Needs Attention"
17556,206,1,157.90,"2011-05-18 10:48:00","2011-05-18 10:48:00",1,1,1,111,Hibernating
18004,363,1,157.92,"2010-12-12 13:47:00","2010-12-12 13:47:00",1,1,1,111,Hibernating
15348,73,1,158.04,"2011-09-28 13:17:00","2011-09-28 13:17:00",2,2,1,221,Hibernating
15160,358,1,158.16,"2010-12-17 14:15:00","2010-12-17 14:15:00",1,1,1,111,Hibernating
17165,285,1,158.68,"2011-02-28 16:39:00","2011-02-28 16:39:00",1,1,1,111,Hibernating
14089,57,1,158.75,"2011-10-14 10:38:00","2011-10-14 10:38:00",3,2,1,321,"Needs Attention"
15167,321,1,158.80,"2011-01-23 12:41:00","2011-01-23 12:41:00",1,1,1,111,Hibernating
13937,170,1,158.85,"2011-06-23 16:35:00","2011-06-23 16:35:00",2,1,1,211,Hibernating
18224,264,1,158.95,"2011-03-21 10:30:00","2011-03-21 10:30:00",1,1,1,111,Hibernating
16213,79,1,159.00,"2011-09-22 10:03:00","2011-09-22 10:03:00",2,2,1,221,Hibernating
13420,150,2,159.85,"2011-06-22 11:35:00","2011-07-13 08:48:00",2,3,1,231,"Cant Lose Them"
13598,48,1,160.04,"2011-10-23 14:28:00","2011-10-23 14:28:00",3,2,1,321,"Needs Attention"
12966,10,1,160.18,"2011-11-30 12:38:00","2011-11-30 12:38:00",5,1,1,511,"New Customers"
14714,25,1,160.19,"2011-11-15 13:07:00","2011-11-15 13:07:00",4,1,1,411,"New Customers"
18146,141,2,160.35,"2011-05-03 16:35:00","2011-07-22 12:08:00",2,3,1,231,"Cant Lose Them"
18203,158,1,160.42,"2011-07-05 13:07:00","2011-07-05 13:07:00",2,2,1,221,Hibernating
12573,228,1,160.54,"2011-04-26 15:52:00","2011-04-26 15:52:00",1,1,1,111,Hibernating
15852,187,2,160.71,"2011-05-26 13:26:00","2011-06-06 11:22:00",1,3,1,131,"Cant Lose Them"
13229,226,1,160.95,"2011-04-28 12:07:00","2011-04-28 12:07:00",1,1,1,111,Hibernating
14237,374,1,161.00,"2010-12-01 13:20:00","2010-12-01 13:20:00",1,1,1,111,Hibernating
16113,184,1,161.38,"2011-06-09 16:16:00","2011-06-09 16:16:00",1,1,1,111,Hibernating
15458,26,1,161.64,"2011-11-14 13:08:00","2011-11-14 13:08:00",4,1,1,411,"New Customers"
17600,18,1,161.67,"2011-11-22 09:43:00","2011-11-22 09:43:00",4,1,1,411,"New Customers"
15325,104,1,161.74,"2011-08-28 11:55:00","2011-08-28 11:55:00",2,2,1,221,Hibernating
18014,29,1,162.22,"2011-11-11 15:28:00","2011-11-11 15:28:00",4,1,1,411,"New Customers"
15733,283,1,162.30,"2011-03-02 09:05:00","2011-03-02 09:05:00",1,1,1,111,Hibernating
16517,278,1,162.70,"2011-03-07 13:50:00","2011-03-07 13:50:00",1,1,1,111,Hibernating
12920,18,1,162.78,"2011-11-22 15:05:00","2011-11-22 15:05:00",4,1,1,411,"New Customers"
14485,39,1,162.80,"2011-11-01 12:25:00","2011-11-01 12:25:00",3,2,1,321,"Needs Attention"
13223,201,2,163.20,"2011-04-21 15:16:00","2011-05-23 13:03:00",1,3,1,131,"Cant Lose Them"
17301,22,1,163.24,"2011-11-18 13:43:00","2011-11-18 13:43:00",4,1,1,411,"New Customers"
17110,166,1,163.30,"2011-06-27 12:58:00","2011-06-27 12:58:00",2,1,1,211,Hibernating
14354,6,2,163.62,"2011-11-09 15:36:00","2011-12-04 11:32:00",5,2,1,521,"New Customers"
14552,152,1,164.22,"2011-07-11 12:49:00","2011-07-11 12:49:00",2,2,1,221,Hibernating
13603,27,1,164.34,"2011-11-13 15:57:00","2011-11-13 15:57:00",4,1,1,411,"New Customers"
17535,281,1,164.40,"2011-03-04 15:20:00","2011-03-04 15:20:00",1,1,1,111,Hibernating
15904,9,1,164.68,"2011-12-01 14:50:00","2011-12-01 14:50:00",5,1,1,511,"New Customers"
15316,327,1,165.00,"2011-01-17 11:34:00","2011-01-17 11:34:00",1,1,1,111,Hibernating
13470,100,2,165.00,"2011-08-16 17:06:00","2011-09-01 14:57:00",2,3,1,231,"Cant Lose Them"
18042,54,1,165.05,"2011-10-17 11:49:00","2011-10-17 11:49:00",3,2,1,321,"Needs Attention"
17561,20,1,165.12,"2011-11-20 12:53:00","2011-11-20 12:53:00",4,1,1,411,"New Customers"
18088,62,1,166.03,"2011-10-09 13:41:00","2011-10-09 13:41:00",3,2,1,321,"Needs Attention"
12817,282,1,166.04,"2011-03-03 16:28:00","2011-03-03 16:28:00",1,1,1,111,Hibernating
17650,22,1,166.08,"2011-11-18 14:52:00","2011-11-18 14:52:00",4,1,1,411,"New Customers"
14295,41,1,166.20,"2011-10-30 15:50:00","2011-10-30 15:50:00",3,2,1,321,"Needs Attention"
16405,303,2,167.25,"2011-02-02 17:08:00","2011-02-10 15:24:00",1,3,1,131,"Cant Lose Them"
15920,155,4,167.50,"2011-07-08 15:16:00","2011-07-08 15:31:00",2,4,1,241,"Cant Lose Them"
17367,239,1,167.55,"2011-04-15 14:21:00","2011-04-15 14:21:00",1,1,1,111,Hibernating
16952,110,2,167.61,"2011-08-22 12:58:00","2011-08-22 13:03:00",2,3,1,231,"Cant Lose Them"
12551,358,1,168.00,"2010-12-17 11:23:00","2010-12-17 11:23:00",1,1,1,111,Hibernating
15374,129,1,168.00,"2011-08-03 09:59:00","2011-08-03 09:59:00",2,2,1,221,Hibernating
15986,31,1,168.12,"2011-11-09 15:17:00","2011-11-09 15:17:00",4,2,1,421,"New Customers"
17737,10,2,168.24,"2011-10-12 14:42:00","2011-11-30 15:16:00",5,2,1,521,"New Customers"
16282,340,1,168.30,"2011-01-04 11:42:00","2011-01-04 11:42:00",1,1,1,111,Hibernating
15888,81,1,168.31,"2011-09-20 12:30:00","2011-09-20 12:30:00",2,2,1,221,Hibernating
18099,128,1,168.31,"2011-08-04 15:52:00","2011-08-04 15:52:00",2,2,1,221,Hibernating
18269,367,1,168.60,"2010-12-08 13:53:00","2010-12-08 13:53:00",1,1,1,111,Hibernating
14578,4,1,168.63,"2011-12-06 17:18:00","2011-12-06 17:18:00",5,1,1,511,"New Customers"
12367,5,1,168.90,"2011-12-05 16:48:00","2011-12-05 16:48:00",5,1,1,511,"New Customers"
14218,43,1,169.48,"2011-10-28 10:00:00","2011-10-28 10:00:00",3,2,1,321,"Needs Attention"
13962,22,2,169.55,"2011-04-08 11:21:00","2011-11-18 08:47:00",4,2,1,421,"New Customers"
15016,173,1,170.04,"2011-06-20 12:06:00","2011-06-20 12:06:00",2,1,1,211,Hibernating
18058,10,1,170.16,"2011-11-30 08:38:00","2011-11-30 08:38:00",5,1,1,511,"New Customers"
15335,54,1,170.22,"2011-10-17 12:50:00","2011-10-17 12:50:00",3,2,1,321,"Needs Attention"
14860,20,1,170.32,"2011-11-20 14:17:00","2011-11-20 14:17:00",4,1,1,411,"New Customers"
17542,270,1,170.75,"2011-03-15 11:45:00","2011-03-15 11:45:00",1,1,1,111,Hibernating
14536,260,1,170.95,"2011-03-25 12:21:00","2011-03-25 12:21:00",1,1,1,111,Hibernating
15432,24,1,171.19,"2011-11-16 16:30:00","2011-11-16 16:30:00",4,1,1,411,"New Customers"
13560,8,1,171.42,"2011-12-02 13:11:00","2011-12-02 13:11:00",5,1,1,511,"New Customers"
17245,205,1,171.45,"2011-05-19 10:43:00","2011-05-19 10:43:00",1,1,1,111,Hibernating
16773,58,1,171.59,"2011-10-13 14:37:00","2011-10-13 14:37:00",3,2,1,321,"Needs Attention"
12442,4,1,172.06,"2011-12-06 14:22:00","2011-12-06 14:22:00",5,1,1,511,"New Customers"
13922,352,1,172.25,"2010-12-23 10:38:00","2010-12-23 10:38:00",1,1,1,111,Hibernating
13690,60,1,172.25,"2011-10-11 15:03:00","2011-10-11 15:03:00",3,2,1,321,"Needs Attention"
18048,204,2,172.29,"2011-05-20 14:54:00","2011-05-20 14:58:00",1,3,1,131,"Cant Lose Them"
12923,65,1,172.82,"2011-10-06 16:20:00","2011-10-06 16:20:00",3,2,1,321,"Needs Attention"
14693,265,1,172.90,"2011-03-20 12:50:00","2011-03-20 12:50:00",1,1,1,111,Hibernating
15670,297,1,173.05,"2011-02-16 10:50:00","2011-02-16 10:50:00",1,1,1,111,Hibernating
15565,51,2,173.16,"2011-09-30 10:44:00","2011-10-20 14:33:00",3,3,1,331,"Loyal Customers"
17772,11,2,173.45,"2011-11-29 10:57:00","2011-11-29 11:05:00",5,2,1,521,"New Customers"
12441,367,1,173.55,"2010-12-08 10:45:00","2010-12-08 10:45:00",1,1,1,111,Hibernating
16565,365,1,173.70,"2010-12-10 15:21:00","2010-12-10 15:21:00",1,1,1,111,Hibernating
14798,53,3,173.74,"2011-02-02 15:26:00","2011-10-18 10:58:00",3,4,1,341,"Loyal Customers"
16861,60,2,173.76,"2011-07-04 15:38:00","2011-10-11 09:05:00",3,3,1,331,"Loyal Customers"
18278,74,1,173.90,"2011-09-27 11:58:00","2011-09-27 11:58:00",2,2,1,221,Hibernating
14518,65,1,174.37,"2011-10-06 14:43:00","2011-10-06 14:43:00",3,2,1,321,"Needs Attention"
14355,366,1,174.40,"2010-12-09 12:16:00","2010-12-09 12:16:00",1,1,1,111,Hibernating
18010,257,1,174.80,"2011-03-28 12:27:00","2011-03-28 12:27:00",1,1,1,111,Hibernating
16144,247,1,175.20,"2011-04-07 10:09:00","2011-04-07 10:09:00",1,1,1,111,Hibernating
17331,124,1,175.20,"2011-08-08 11:55:00","2011-08-08 11:55:00",2,2,1,221,Hibernating
17582,237,1,175.27,"2011-04-17 13:18:00","2011-04-17 13:18:00",1,1,1,111,Hibernating
18274,31,1,175.92,"2011-11-09 17:03:00","2011-11-09 17:03:00",4,2,1,421,"New Customers"
12509,285,1,176.50,"2011-02-28 14:45:00","2011-02-28 14:45:00",1,1,1,111,Hibernating
12893,31,1,176.55,"2011-11-09 12:34:00","2011-11-09 12:34:00",4,2,1,421,"New Customers"
14287,9,3,176.63,"2011-05-25 11:41:00","2011-12-01 13:25:00",5,3,1,531,"Loyal Customers"
17947,38,1,176.68,"2011-11-02 13:05:00","2011-11-02 13:05:00",3,2,1,321,"Needs Attention"
13072,267,1,177.15,"2011-03-18 08:12:00","2011-03-18 08:12:00",1,1,1,111,Hibernating
12618,22,1,177.31,"2011-11-18 11:10:00","2011-11-18 11:10:00",4,1,1,411,"New Customers"
13618,174,1,177.34,"2011-06-19 11:09:00","2011-06-19 11:09:00",2,1,1,211,Hibernating
16403,313,1,177.50,"2011-01-31 13:39:00","2011-01-31 13:39:00",1,1,1,111,Hibernating
18282,8,2,178.05,"2011-08-05 13:35:00","2011-12-02 11:43:00",5,2,1,521,"New Customers"
17356,312,1,178.22,"2011-02-01 11:07:00","2011-02-01 11:07:00",1,1,1,111,Hibernating
17253,19,1,178.26,"2011-11-21 12:59:00","2011-11-21 12:59:00",4,1,1,411,"New Customers"
18045,46,1,178.34,"2011-10-25 13:07:00","2011-10-25 13:07:00",3,2,1,321,"Needs Attention"
15292,202,1,178.39,"2011-05-22 15:00:00","2011-05-22 15:00:00",1,1,1,111,Hibernating
17879,174,1,178.52,"2011-06-19 12:36:00","2011-06-19 12:36:00",2,1,1,211,Hibernating
13778,104,1,178.70,"2011-08-28 15:25:00","2011-08-28 15:25:00",2,2,1,221,Hibernating
17660,142,1,178.75,"2011-07-21 13:37:00","2011-07-21 13:37:00",2,2,1,221,Hibernating
15262,324,1,178.95,"2011-01-20 12:16:00","2011-01-20 12:16:00",1,1,1,111,Hibernating
16620,4,2,178.96,"2011-03-24 10:37:00","2011-12-06 12:19:00",5,2,1,521,"New Customers"
15139,240,2,178.96,"2011-01-07 12:44:00","2011-04-14 11:39:00",1,3,1,131,"Cant Lose Them"
14705,199,1,179.00,"2011-05-25 12:39:00","2011-05-25 12:39:00",1,1,1,111,Hibernating
16990,219,1,179.00,"2011-05-05 08:30:00","2011-05-05 08:30:00",1,1,1,111,Hibernating
15454,363,1,179.10,"2010-12-12 14:21:00","2010-12-12 14:21:00",1,1,1,111,Hibernating
15895,150,1,179.17,"2011-07-13 10:27:00","2011-07-13 10:27:00",2,2,1,221,Hibernating
18147,46,2,179.34,"2011-08-23 12:22:00","2011-10-25 11:46:00",3,3,1,331,"Loyal Customers"
15041,171,1,179.93,"2011-06-22 16:16:00","2011-06-22 16:16:00",2,1,1,211,Hibernating
12622,233,1,180.10,"2011-04-21 16:39:00","2011-04-21 16:39:00",1,1,1,111,Hibernating
14722,148,1,180.42,"2011-07-15 14:58:00","2011-07-15 14:58:00",2,2,1,221,Hibernating
13710,32,1,180.48,"2011-11-08 08:16:00","2011-11-08 08:16:00",4,2,1,421,"New Customers"
18280,278,1,180.60,"2011-03-07 09:52:00","2011-03-07 09:52:00",1,1,1,111,Hibernating
18119,368,1,180.70,"2010-12-07 11:59:00","2010-12-07 11:59:00",1,1,1,111,Hibernating
16835,129,2,180.85,"2010-12-01 17:15:00","2011-08-03 13:50:00",2,3,1,231,"Cant Lose Them"
15945,366,1,181.00,"2010-12-09 13:14:00","2010-12-09 13:14:00",1,1,1,111,Hibernating
17904,22,1,181.07,"2011-11-18 12:57:00","2011-11-18 12:57:00",4,1,1,411,"New Customers"
15886,61,1,181.09,"2011-10-10 14:25:00","2011-10-10 14:25:00",3,2,1,321,"Needs Attention"
16594,76,1,181.09,"2011-09-25 14:08:00","2011-09-25 14:08:00",2,2,1,221,Hibernating
14082,365,1,182.25,"2010-12-10 11:02:00","2010-12-10 11:02:00",1,1,1,111,Hibernating
16448,199,1,182.99,"2011-05-25 16:28:00","2011-05-25 16:28:00",1,1,1,111,Hibernating
14966,15,1,183.02,"2011-11-25 12:20:00","2011-11-25 12:20:00",4,1,1,411,"New Customers"
13059,250,1,183.40,"2011-04-04 10:40:00","2011-04-04 10:40:00",1,1,1,111,Hibernating
13460,30,2,183.44,"2011-10-21 09:50:00","2011-11-10 17:17:00",4,3,1,431,"Loyal Customers"
14059,267,1,183.60,"2011-03-18 10:06:00","2011-03-18 10:06:00",1,1,1,111,Hibernating
16680,44,1,183.70,"2011-10-27 17:35:00","2011-10-27 17:35:00",3,2,1,321,"Needs Attention"
16914,37,1,183.76,"2011-11-03 15:27:00","2011-11-03 15:27:00",3,2,1,321,"Needs Attention"
14326,243,1,183.85,"2011-04-11 15:04:00","2011-04-11 15:04:00",1,1,1,111,Hibernating
15124,23,2,184.19,"2011-06-01 09:06:00","2011-11-17 10:09:00",4,2,1,421,"New Customers"
16433,29,1,184.26,"2011-11-11 14:09:00","2011-11-11 14:09:00",4,2,1,421,"New Customers"
17680,24,1,184.40,"2011-11-16 12:42:00","2011-11-16 12:42:00",4,1,1,411,"New Customers"
13482,233,1,184.64,"2011-04-21 17:03:00","2011-04-21 17:03:00",1,1,1,111,Hibernating
16097,241,1,185.05,"2011-04-13 13:47:00","2011-04-13 13:47:00",1,1,1,111,Hibernating
14199,219,1,185.40,"2011-05-05 13:44:00","2011-05-05 13:44:00",1,1,1,111,Hibernating
17574,243,1,185.65,"2011-04-11 09:47:00","2011-04-11 09:47:00",1,1,1,111,Hibernating
12641,116,1,185.90,"2011-08-16 13:26:00","2011-08-16 13:26:00",2,2,1,221,Hibernating
15567,19,1,186.01,"2011-11-21 10:48:00","2011-11-21 10:48:00",4,1,1,411,"New Customers"
14551,19,2,186.23,"2011-05-19 18:21:00","2011-11-21 13:36:00",4,2,1,421,"New Customers"
13672,302,2,186.39,"2011-01-11 13:54:00","2011-02-11 13:53:00",1,3,1,131,"Cant Lose Them"
17440,157,3,186.42,"2011-04-06 12:05:00","2011-07-06 11:54:00",2,4,1,241,"Cant Lose Them"
13568,174,1,187.05,"2011-06-19 14:42:00","2011-06-19 14:42:00",2,1,1,211,Hibernating
18013,156,2,187.29,"2011-07-07 14:08:00","2011-07-07 14:11:00",2,3,1,231,"Cant Lose Them"
17279,58,1,187.83,"2011-10-13 11:58:00","2011-10-13 11:58:00",3,2,1,321,"Needs Attention"
17781,160,2,188.02,"2011-03-31 19:54:00","2011-07-03 16:00:00",2,3,1,231,"Cant Lose Them"
14697,219,2,188.61,"2011-05-05 15:29:00","2011-05-05 15:39:00",1,3,1,131,"Cant Lose Them"
14830,54,1,188.88,"2011-10-17 14:29:00","2011-10-17 14:29:00",3,2,1,321,"Needs Attention"
14801,62,1,189.34,"2011-10-09 15:24:00","2011-10-09 15:24:00",3,2,1,321,"Needs Attention"
13663,180,1,189.47,"2011-06-13 15:44:00","2011-06-13 15:44:00",1,1,1,111,Hibernating
13826,177,1,189.50,"2011-06-16 13:48:00","2011-06-16 13:48:00",2,1,1,211,Hibernating
12361,288,1,189.90,"2011-02-25 13:51:00","2011-02-25 13:51:00",1,1,1,111,Hibernating
13972,71,2,190.25,"2011-05-22 11:34:00","2011-09-30 11:54:00",3,3,1,331,"Loyal Customers"
15412,172,1,190.53,"2011-06-21 15:24:00","2011-06-21 15:24:00",2,1,1,211,Hibernating
13033,358,1,190.55,"2010-12-17 14:23:00","2010-12-17 14:23:00",1,1,1,111,Hibernating
15723,365,1,190.70,"2010-12-10 11:12:00","2010-12-10 11:12:00",1,1,1,111,Hibernating
17233,36,1,190.88,"2011-11-04 14:06:00","2011-11-04 14:06:00",3,2,1,321,"Needs Attention"
15692,29,1,191.04,"2011-11-11 14:12:00","2011-11-11 14:12:00",4,2,1,421,"New Customers"
14087,3,1,191.47,"2011-12-07 12:41:00","2011-12-07 12:41:00",5,1,1,511,"New Customers"
15909,174,1,191.94,"2011-06-19 10:38:00","2011-06-19 10:38:00",2,1,1,211,Hibernating
14100,138,1,191.95,"2011-07-25 11:01:00","2011-07-25 11:01:00",2,2,1,221,Hibernating
17608,34,2,191.99,"2011-11-06 13:00:00","2011-11-06 13:06:00",3,3,1,331,"Loyal Customers"
16887,36,1,192.33,"2011-11-04 14:07:00","2011-11-04 14:07:00",3,2,1,321,"Needs Attention"
12791,374,1,192.60,"2010-12-01 11:27:00","2010-12-01 11:27:00",1,1,1,111,Hibernating
14768,18,2,192.60,"2011-08-04 13:25:00","2011-11-22 12:54:00",4,2,1,421,"New Customers"
12522,40,2,192.72,"2011-10-19 14:41:00","2011-10-31 15:30:00",3,3,1,331,"Loyal Customers"
14476,258,1,193.00,"2011-03-27 15:39:00","2011-03-27 15:39:00",1,1,1,111,Hibernating
17383,5,1,193.39,"2011-12-05 17:36:00","2011-12-05 17:36:00",5,1,1,511,"New Customers"
14806,76,1,193.39,"2011-09-25 15:32:00","2011-09-25 15:32:00",2,2,1,221,Hibernating
16847,44,1,193.44,"2011-10-27 13:29:00","2011-10-27 13:29:00",3,2,1,321,"Needs Attention"
17343,356,1,193.64,"2010-12-19 15:07:00","2010-12-19 15:07:00",1,1,1,111,Hibernating
15198,93,2,193.64,"2011-08-07 15:16:00","2011-09-08 14:42:00",2,3,1,231,"Cant Lose Them"
15683,118,1,193.75,"2011-08-14 12:56:00","2011-08-14 12:56:00",2,2,1,221,Hibernating
17475,80,1,194.37,"2011-09-21 14:55:00","2011-09-21 14:55:00",2,2,1,221,Hibernating
15612,37,2,195.15,"2011-10-09 12:49:00","2011-11-03 14:52:00",3,3,1,331,"Loyal Customers"
14666,25,1,195.25,"2011-11-15 12:57:00","2011-11-15 12:57:00",4,1,1,411,"New Customers"
17010,19,1,195.36,"2011-11-21 14:49:00","2011-11-21 14:49:00",4,1,1,411,"New Customers"
13792,67,2,195.55,"2011-02-25 14:03:00","2011-10-04 14:31:00",3,3,1,331,"Loyal Customers"
16112,144,4,195.74,"2011-01-05 11:47:00","2011-07-19 14:28:00",2,4,1,241,"Cant Lose Them"
13978,15,2,196.79,"2011-10-25 15:04:00","2011-11-25 11:36:00",4,2,1,421,"New Customers"
15746,135,1,196.88,"2011-07-28 15:21:00","2011-07-28 15:21:00",2,2,1,221,Hibernating
13436,2,1,196.89,"2011-12-08 10:33:00","2011-12-08 10:33:00",5,1,1,511,"New Customers"
12586,18,1,196.94,"2011-11-22 16:24:00","2011-11-22 16:24:00",4,1,1,411,"New Customers"
15234,277,1,197.00,"2011-03-08 08:53:00","2011-03-08 08:53:00",1,1,1,111,Hibernating
16829,157,1,197.22,"2011-07-06 10:48:00","2011-07-06 10:48:00",2,2,1,221,Hibernating
14789,29,1,197.64,"2011-11-11 08:59:00","2011-11-11 08:59:00",4,1,1,411,"New Customers"
14185,332,1,197.65,"2011-01-12 13:52:00","2011-01-12 13:52:00",1,1,1,111,Hibernating
12581,40,1,197.71,"2011-10-31 08:56:00","2011-10-31 08:56:00",3,2,1,321,"Needs Attention"
12450,157,2,197.88,"2011-06-19 14:36:00","2011-07-06 14:41:00",2,3,1,231,"Cant Lose Them"
16178,139,1,197.90,"2011-07-24 16:05:00","2011-07-24 16:05:00",2,2,1,221,Hibernating
17987,186,1,198.57,"2011-06-07 14:22:00","2011-06-07 14:22:00",1,1,1,111,Hibernating
18110,20,1,198.80,"2011-11-20 12:34:00","2011-11-20 12:34:00",4,1,1,411,"New Customers"
16832,185,3,199.15,"2011-05-06 14:12:00","2011-06-08 15:36:00",1,3,1,131,"Cant Lose Them"
13322,18,1,199.48,"2011-11-22 14:21:00","2011-11-22 14:21:00",4,1,1,411,"New Customers"
15593,71,1,199.80,"2011-09-30 11:46:00","2011-09-30 11:46:00",3,2,1,321,"Needs Attention"
13723,218,1,199.85,"2011-05-06 17:04:00","2011-05-06 17:04:00",1,1,1,111,Hibernating
14782,320,1,200.10,"2011-01-24 11:12:00","2011-01-24 11:12:00",1,1,1,111,Hibernating
13980,61,1,200.14,"2011-10-10 13:34:00","2011-10-10 13:34:00",3,2,1,321,"Needs Attention"
15437,263,1,200.16,"2011-03-22 13:11:00","2011-03-22 13:11:00",1,1,1,111,Hibernating
16415,45,1,200.27,"2011-10-26 13:35:00","2011-10-26 13:35:00",3,2,1,321,"Needs Attention"
13262,264,1,200.29,"2011-03-21 15:06:00","2011-03-21 15:06:00",1,1,1,111,Hibernating
17693,138,1,200.47,"2011-07-25 15:48:00","2011-07-25 15:48:00",2,2,1,221,Hibernating
18126,61,1,200.92,"2011-10-10 12:19:00","2011-10-10 12:19:00",3,2,1,321,"Needs Attention"
17988,12,7,201.12,"2011-01-17 11:59:00","2011-11-28 11:00:00",5,5,1,551,"Loyal Customers"
13859,327,1,201.16,"2011-01-17 16:14:00","2011-01-17 16:14:00",1,1,1,111,Hibernating
16965,227,1,201.19,"2011-04-27 12:08:00","2011-04-27 12:08:00",1,1,1,111,Hibernating
13284,331,1,201.19,"2011-01-13 09:23:00","2011-01-13 09:23:00",1,1,1,111,Hibernating
13295,360,1,201.20,"2010-12-15 11:21:00","2010-12-15 11:21:00",1,1,1,111,Hibernating
17889,213,2,201.37,"2011-01-21 17:14:00","2011-05-11 16:26:00",1,3,1,131,"Cant Lose Them"
15347,367,1,201.60,"2010-12-08 15:25:00","2010-12-08 15:25:00",1,1,1,111,Hibernating
13428,11,1,201.78,"2011-11-29 14:20:00","2011-11-29 14:20:00",5,1,1,511,"New Customers"
14385,10,3,202.11,"2011-11-16 11:55:00","2011-11-30 15:36:00",5,3,1,531,"Loyal Customers"
16895,65,1,202.27,"2011-10-06 12:15:00","2011-10-06 12:15:00",3,2,1,321,"Needs Attention"
14984,20,2,202.37,"2011-06-12 11:04:00","2011-11-20 14:28:00",4,2,1,421,"New Customers"
18169,61,1,202.65,"2011-10-10 12:18:00","2011-10-10 12:18:00",3,2,1,321,"Needs Attention"
14381,53,1,202.68,"2011-10-18 17:10:00","2011-10-18 17:10:00",3,2,1,321,"Needs Attention"
17376,71,2,203.20,"2011-02-01 14:12:00","2011-09-30 12:36:00",3,3,1,331,"Loyal Customers"
17891,163,1,203.86,"2011-06-30 20:08:00","2011-06-30 20:08:00",2,1,1,211,Hibernating
17394,220,1,203.87,"2011-05-04 13:22:00","2011-05-04 13:22:00",1,1,1,111,Hibernating
17187,227,1,203.95,"2011-04-27 12:39:00","2011-04-27 12:39:00",1,1,1,111,Hibernating
13017,8,1,204.00,"2011-12-02 15:53:00","2011-12-02 15:53:00",5,1,1,511,"New Customers"
18273,3,3,204.00,"2011-03-27 11:22:00","2011-12-07 13:16:00",5,3,1,531,"Loyal Customers"
17206,54,1,204.24,"2011-10-17 13:25:00","2011-10-17 13:25:00",3,2,1,321,"Needs Attention"
15319,284,1,204.50,"2011-03-01 12:48:00","2011-03-01 12:48:00",1,1,1,111,Hibernating
13513,127,1,205.10,"2011-08-05 11:50:00","2011-08-05 11:50:00",2,2,1,221,Hibernating
15758,25,1,205.25,"2011-11-15 10:48:00","2011-11-15 10:48:00",4,1,1,411,"New Customers"
15307,96,1,205.30,"2011-09-05 11:38:00","2011-09-05 11:38:00",2,2,1,221,Hibernating
17843,304,1,205.48,"2011-02-09 15:33:00","2011-02-09 15:33:00",1,1,1,111,Hibernating
17670,228,1,205.70,"2011-04-26 09:12:00","2011-04-26 09:12:00",1,1,1,111,Hibernating
13065,374,1,205.86,"2010-12-01 16:52:00","2010-12-01 16:52:00",1,1,1,111,Hibernating
14964,248,1,206.21,"2011-04-06 14:13:00","2011-04-06 14:13:00",1,1,1,111,Hibernating
17166,39,2,206.34,"2011-05-20 08:18:00","2011-11-01 09:46:00",3,3,1,331,"Loyal Customers"
15820,320,1,206.98,"2011-01-24 12:00:00","2011-01-24 12:00:00",1,1,1,111,Hibernating
15925,195,1,207.15,"2011-05-29 15:35:00","2011-05-29 15:35:00",1,1,1,111,Hibernating
13099,100,1,207.36,"2011-09-01 17:40:00","2011-09-01 17:40:00",2,2,1,221,Hibernating
16323,197,1,207.50,"2011-05-27 14:48:00","2011-05-27 14:48:00",1,1,1,111,Hibernating
17923,283,1,207.50,"2011-03-02 15:15:00","2011-03-02 15:15:00",1,1,1,111,Hibernating
16752,373,1,207.50,"2010-12-02 12:18:00","2010-12-02 12:18:00",1,1,1,111,Hibernating
15052,320,1,207.73,"2011-01-24 15:52:00","2011-01-24 15:52:00",1,1,1,111,Hibernating
16866,141,3,207.74,"2011-07-01 12:34:00","2011-07-22 10:06:00",2,4,1,241,"Cant Lose Them"
18191,262,1,207.80,"2011-03-23 12:08:00","2011-03-23 12:08:00",1,1,1,111,Hibernating
12547,198,2,207.80,"2011-03-04 12:46:00","2011-05-26 12:38:00",1,3,1,131,"Cant Lose Them"
16457,219,1,208.36,"2011-05-05 13:19:00","2011-05-05 13:19:00",1,1,1,111,Hibernating
15897,195,2,208.59,"2011-05-29 13:32:00","2011-05-29 13:50:00",1,3,1,131,"Cant Lose Them"
17514,129,1,208.65,"2011-08-03 15:45:00","2011-08-03 15:45:00",2,2,1,221,Hibernating
15327,53,1,208.75,"2011-10-18 11:55:00","2011-10-18 11:55:00",3,2,1,321,"Needs Attention"
17855,373,1,208.97,"2010-12-02 09:44:00","2010-12-02 09:44:00",1,1,1,111,Hibernating
13828,23,1,209.49,"2011-11-17 16:02:00","2011-11-17 16:02:00",4,1,1,411,"New Customers"
13532,34,1,210.31,"2011-11-06 12:25:00","2011-11-06 12:25:00",3,2,1,321,"Needs Attention"
12995,86,1,211.32,"2011-09-15 15:44:00","2011-09-15 15:44:00",2,2,1,221,Hibernating
13271,38,1,211.49,"2011-11-02 14:31:00","2011-11-02 14:31:00",3,2,1,321,"Needs Attention"
15703,265,1,211.50,"2011-03-20 10:51:00","2011-03-20 10:51:00",1,1,1,111,Hibernating
16411,20,2,211.70,"2010-12-05 13:26:00","2011-11-20 13:23:00",4,2,1,421,"New Customers"
16356,198,3,211.77,"2011-03-07 12:31:00","2011-05-26 11:51:00",1,3,1,131,"Cant Lose Them"
16017,48,1,211.88,"2011-10-23 12:56:00","2011-10-23 12:56:00",3,2,1,321,"Needs Attention"
15866,102,1,211.89,"2011-08-30 14:09:00","2011-08-30 14:09:00",2,2,1,221,Hibernating
17928,46,2,212.54,"2011-04-07 18:03:00","2011-10-25 13:52:00",3,3,1,331,"Loyal Customers"
15540,12,1,213.30,"2011-11-28 13:51:00","2011-11-28 13:51:00",5,1,1,511,"New Customers"
16591,69,1,213.50,"2011-10-02 10:43:00","2011-10-02 10:43:00",3,2,1,321,"Needs Attention"
13411,108,1,213.55,"2011-08-24 13:57:00","2011-08-24 13:57:00",2,2,1,221,Hibernating
14241,184,1,213.70,"2011-06-09 11:46:00","2011-06-09 11:46:00",1,1,1,111,Hibernating
17153,25,1,213.78,"2011-11-15 13:42:00","2011-11-15 13:42:00",4,1,1,411,"New Customers"
13621,117,1,213.85,"2011-08-15 08:26:00","2011-08-15 08:26:00",2,2,1,221,Hibernating
14601,11,1,213.96,"2011-11-29 09:48:00","2011-11-29 09:48:00",5,1,1,511,"New Customers"
16647,170,2,214.06,"2011-05-19 09:31:00","2011-06-23 11:47:00",2,3,1,231,"Cant Lose Them"
15460,355,1,214.26,"2010-12-20 16:08:00","2010-12-20 16:08:00",1,1,1,111,Hibernating
16846,51,1,214.32,"2011-10-20 13:55:00","2011-10-20 13:55:00",3,2,1,321,"Needs Attention"
17619,313,1,214.37,"2011-01-31 14:18:00","2011-01-31 14:18:00",1,1,1,111,Hibernating
16338,158,1,214.80,"2011-07-05 13:56:00","2011-07-05 13:56:00",2,2,1,221,Hibernating
12588,40,1,214.90,"2011-10-31 15:01:00","2011-10-31 15:01:00",3,2,1,321,"Needs Attention"
12831,263,1,215.05,"2011-03-22 13:02:00","2011-03-22 13:02:00",1,1,1,111,Hibernating
16190,41,1,215.08,"2011-10-30 15:59:00","2011-10-30 15:59:00",3,2,1,321,"Needs Attention"
16519,26,2,215.08,"2010-12-09 14:08:00","2011-11-14 15:41:00",4,2,1,421,"New Customers"
16189,16,2,215.48,"2011-09-15 15:21:00","2011-11-24 11:47:00",4,2,1,421,"New Customers"
17580,253,3,215.72,"2010-12-16 15:27:00","2011-04-01 12:41:00",1,3,1,131,"Cant Lose Them"
16179,61,1,215.83,"2011-10-10 09:41:00","2011-10-10 09:41:00",3,2,1,321,"Needs Attention"
18212,327,1,216.07,"2011-01-17 16:14:00","2011-01-17 16:14:00",1,1,1,111,Hibernating
13858,58,1,216.17,"2011-10-13 16:17:00","2011-10-13 16:17:00",3,2,1,321,"Needs Attention"
14104,155,2,216.21,"2011-06-27 12:49:00","2011-07-08 12:50:00",2,3,1,231,"Cant Lose Them"
17436,2,2,216.30,"2011-04-27 11:33:00","2011-12-08 12:30:00",5,2,1,521,"New Customers"
15604,53,1,216.39,"2011-10-18 14:47:00","2011-10-18 14:47:00",3,2,1,321,"Needs Attention"
12897,205,2,216.50,"2011-02-11 11:40:00","2011-05-19 12:13:00",1,3,1,131,"Cant Lose Them"
13503,72,1,216.85,"2011-09-29 13:23:00","2011-09-29 13:23:00",3,2,1,321,"Needs Attention"
13739,19,1,216.90,"2011-11-21 13:35:00","2011-11-21 13:35:00",4,1,1,411,"New Customers"
16080,82,2,217.16,"2011-03-10 14:44:00","2011-09-19 10:42:00",2,3,1,231,"Cant Lose Them"
15554,278,1,217.20,"2011-03-07 09:00:00","2011-03-07 09:00:00",1,1,1,111,Hibernating
16392,270,1,217.89,"2011-03-15 12:11:00","2011-03-15 12:11:00",1,1,1,111,Hibernating
16634,223,2,217.90,"2010-12-02 17:41:00","2011-05-01 12:09:00",1,3,1,131,"Cant Lose Them"
14570,281,2,218.06,"2011-03-04 10:39:00","2011-03-04 10:58:00",1,3,1,131,"Cant Lose Them"
15724,202,2,218.25,"2011-02-28 10:40:00","2011-05-22 14:40:00",1,3,1,131,"Cant Lose Them"
12574,316,1,218.45,"2011-01-28 09:20:00","2011-01-28 09:20:00",1,1,1,111,Hibernating
13669,51,2,218.55,"2011-07-13 11:44:00","2011-10-20 09:32:00",3,3,1,331,"Loyal Customers"
15790,11,1,218.75,"2011-11-29 14:53:00","2011-11-29 14:53:00",5,1,1,511,"New Customers"
12702,20,1,219.00,"2011-11-20 10:36:00","2011-11-20 10:36:00",4,1,1,411,"New Customers"
15096,43,1,219.39,"2011-10-28 10:27:00","2011-10-28 10:27:00",3,2,1,321,"Needs Attention"
13600,313,1,219.52,"2011-01-31 15:27:00","2011-01-31 15:27:00",1,1,1,111,Hibernating
18114,291,1,220.10,"2011-02-22 13:20:00","2011-02-22 13:20:00",1,1,1,111,Hibernating
13079,5,5,220.10,"2011-07-22 14:41:00","2011-12-05 16:53:00",5,4,1,541,"Loyal Customers"
16482,16,1,220.62,"2011-11-24 12:33:00","2011-11-24 12:33:00",4,1,1,411,"New Customers"
13419,64,1,221.06,"2011-10-07 12:49:00","2011-10-07 12:49:00",3,2,1,321,"Needs Attention"
14960,9,2,221.27,"2011-06-21 13:38:00","2011-12-01 12:54:00",5,2,1,521,"New Customers"
14598,45,1,221.97,"2011-10-26 13:19:00","2011-10-26 13:19:00",3,2,1,321,"Needs Attention"
18101,12,2,222.40,"2011-07-19 13:05:00","2011-11-28 13:37:00",5,2,1,521,"New Customers"
16777,81,2,222.62,"2011-03-27 14:34:00","2011-09-20 13:41:00",2,3,1,231,"Cant Lose Them"
13382,281,1,222.99,"2011-03-04 10:03:00","2011-03-04 10:03:00",1,1,1,111,Hibernating
15637,53,1,223.36,"2011-10-18 08:28:00","2011-10-18 08:28:00",3,2,1,321,"Needs Attention"
17534,54,1,223.36,"2011-10-17 12:47:00","2011-10-17 12:47:00",3,2,1,321,"Needs Attention"
13926,24,1,223.85,"2011-11-16 13:16:00","2011-11-16 13:16:00",4,1,1,411,"New Customers"
14929,33,1,223.88,"2011-11-07 17:21:00","2011-11-07 17:21:00",4,2,1,421,"New Customers"
16753,59,1,223.92,"2011-10-12 13:14:00","2011-10-12 13:14:00",3,2,1,321,"Needs Attention"
16471,275,1,223.95,"2011-03-10 09:41:00","2011-03-10 09:41:00",1,1,1,111,Hibernating
15175,72,1,224.14,"2011-09-29 11:31:00","2011-09-29 11:31:00",2,2,1,221,Hibernating
17171,290,1,224.91,"2011-02-23 16:37:00","2011-02-23 16:37:00",1,1,1,111,Hibernating
14357,44,1,225.12,"2011-10-27 16:23:00","2011-10-27 16:23:00",3,2,1,321,"Needs Attention"
16587,233,1,225.15,"2011-04-21 15:51:00","2011-04-21 15:51:00",1,1,1,111,Hibernating
15483,162,4,225.26,"2011-03-18 12:26:00","2011-07-01 13:07:00",2,4,1,241,"Cant Lose Them"
14052,20,1,225.36,"2011-11-20 12:30:00","2011-11-20 12:30:00",4,1,1,411,"New Customers"
16690,73,2,225.58,"2011-05-22 10:53:00","2011-09-28 15:02:00",2,3,1,231,"Cant Lose Them"
12402,324,1,225.60,"2011-01-20 13:49:00","2011-01-20 13:49:00",1,1,1,111,Hibernating
14624,58,2,225.85,"2011-10-11 14:39:00","2011-10-13 13:44:00",3,3,1,331,"Loyal Customers"
17789,282,1,225.90,"2011-03-03 13:14:00","2011-03-03 13:14:00",1,1,1,111,Hibernating
12672,330,1,225.90,"2011-01-14 09:20:00","2011-01-14 09:20:00",1,1,1,111,Hibernating
16619,264,1,226.21,"2011-03-21 08:18:00","2011-03-21 08:18:00",1,1,1,111,Hibernating
16315,331,1,226.37,"2011-01-13 11:57:00","2011-01-13 11:57:00",1,1,1,111,Hibernating
17860,369,1,226.45,"2010-12-06 12:41:00","2010-12-06 12:41:00",1,1,1,111,Hibernating
18005,4,2,226.47,"2011-10-23 14:40:00","2011-12-06 11:51:00",5,2,1,521,"New Customers"
17572,72,4,226.75,"2010-12-01 12:51:00","2011-09-29 17:53:00",3,4,1,341,"Loyal Customers"
13474,237,1,226.84,"2011-04-17 13:53:00","2011-04-17 13:53:00",1,1,1,111,Hibernating
17212,254,1,226.85,"2011-03-31 19:42:00","2011-03-31 19:42:00",1,1,1,111,Hibernating
14569,2,1,227.39,"2011-12-08 14:58:00","2011-12-08 14:58:00",5,1,1,511,"New Customers"
16527,82,1,228.06,"2011-09-19 16:21:00","2011-09-19 16:21:00",2,2,1,221,Hibernating
17969,167,2,228.20,"2010-12-13 15:34:00","2011-06-26 13:00:00",2,3,1,231,"Cant Lose Them"
13070,193,1,228.80,"2011-05-31 13:45:00","2011-05-31 13:45:00",1,1,1,111,Hibernating
13712,247,1,228.84,"2011-04-07 12:33:00","2011-04-07 12:33:00",1,1,1,111,Hibernating
13146,27,1,228.91,"2011-11-13 15:29:00","2011-11-13 15:29:00",4,1,1,411,"New Customers"
17347,87,1,228.96,"2011-09-14 13:12:00","2011-09-14 13:12:00",2,2,1,221,Hibernating
14793,22,1,228.99,"2011-11-18 14:50:00","2011-11-18 14:50:00",4,1,1,411,"New Customers"
15528,255,1,229.33,"2011-03-30 16:14:00","2011-03-30 16:14:00",1,1,1,111,Hibernating
13008,324,1,229.47,"2011-01-20 14:24:00","2011-01-20 14:24:00",1,1,1,111,Hibernating
12812,45,1,229.64,"2011-10-26 09:54:00","2011-10-26 09:54:00",3,2,1,321,"Needs Attention"
13960,22,2,230.22,"2011-09-29 12:39:00","2011-11-18 15:27:00",4,2,1,421,"New Customers"
16926,372,1,230.25,"2010-12-03 13:42:00","2010-12-03 13:42:00",1,1,1,111,Hibernating
13786,368,1,230.40,"2010-12-07 13:53:00","2010-12-07 13:53:00",1,1,1,111,Hibernating
17125,51,1,230.50,"2011-10-20 14:41:00","2011-10-20 14:41:00",3,2,1,321,"Needs Attention"
16445,34,1,230.51,"2011-11-06 12:32:00","2011-11-06 12:32:00",3,2,1,321,"Needs Attention"
18030,5,2,230.65,"2011-10-28 13:55:00","2011-12-05 16:37:00",5,2,1,521,"New Customers"
16641,106,1,231.10,"2011-08-26 12:49:00","2011-08-26 12:49:00",2,2,1,221,Hibernating
17111,48,1,231.61,"2011-10-23 15:59:00","2011-10-23 15:59:00",3,2,1,321,"Needs Attention"
15393,17,2,231.86,"2011-03-03 16:58:00","2011-11-23 16:48:00",4,2,1,421,"New Customers"
14995,39,2,231.98,"2011-03-04 13:14:00","2011-11-01 11:39:00",3,3,1,331,"Loyal Customers"
17908,374,1,232.03,"2010-12-01 11:45:00","2010-12-01 11:45:00",1,1,1,111,Hibernating
16117,190,1,232.21,"2011-06-03 11:42:00","2011-06-03 11:42:00",1,1,1,111,Hibernating
18213,237,1,232.48,"2011-04-17 10:21:00","2011-04-17 10:21:00",1,1,1,111,Hibernating
13678,152,1,232.60,"2011-07-11 10:14:00","2011-07-11 10:14:00",2,2,1,221,Hibernating
16302,127,1,233.22,"2011-08-05 09:44:00","2011-08-05 09:44:00",2,2,1,221,Hibernating
16583,374,1,233.45,"2010-12-01 12:03:00","2010-12-01 12:03:00",1,1,1,111,Hibernating
13348,65,1,233.76,"2011-10-06 17:28:00","2011-10-06 17:28:00",3,2,1,321,"Needs Attention"
12736,333,1,234.00,"2011-01-11 07:57:00","2011-01-11 07:57:00",1,1,1,111,Hibernating
16961,117,1,234.17,"2011-08-15 13:46:00","2011-08-15 13:46:00",2,2,1,221,Hibernating
17060,267,1,234.24,"2011-03-18 13:27:00","2011-03-18 13:27:00",1,1,1,111,Hibernating
14473,75,2,234.34,"2011-03-02 13:56:00","2011-09-26 15:10:00",2,3,1,231,"Cant Lose Them"
15462,95,3,234.60,"2011-06-05 15:36:00","2011-09-06 13:11:00",2,4,1,241,"Cant Lose Them"
15850,20,2,234.88,"2011-06-24 14:16:00","2011-11-20 14:14:00",4,2,1,421,"New Customers"
14375,186,1,235.56,"2011-06-07 13:44:00","2011-06-07 13:44:00",1,1,1,111,Hibernating
13187,338,1,236.02,"2011-01-06 18:57:00","2011-01-06 18:57:00",1,1,1,111,Hibernating
14647,202,1,236.04,"2011-05-22 13:40:00","2011-05-22 13:40:00",1,1,1,111,Hibernating
16026,44,1,236.09,"2011-10-27 13:53:00","2011-10-27 13:53:00",3,2,1,321,"Needs Attention"
12732,180,1,236.26,"2011-06-13 11:33:00","2011-06-13 11:33:00",2,1,1,211,Hibernating
15457,263,1,237.07,"2011-03-22 15:31:00","2011-03-22 15:31:00",1,1,1,111,Hibernating
14586,277,1,237.36,"2011-03-08 10:04:00","2011-03-08 10:04:00",1,1,1,111,Hibernating
17877,171,1,237.61,"2011-06-22 13:00:00","2011-06-22 13:00:00",2,1,1,211,Hibernating
12718,72,1,238.25,"2011-09-29 16:38:00","2011-09-29 16:38:00",3,2,1,321,"Needs Attention"
12561,303,1,238.85,"2011-02-10 11:39:00","2011-02-10 11:39:00",1,1,1,111,Hibernating
16756,215,1,239.40,"2011-05-09 09:33:00","2011-05-09 09:33:00",1,1,1,111,Hibernating
17684,44,1,239.41,"2011-10-27 11:10:00","2011-10-27 11:10:00",3,2,1,321,"Needs Attention"
13570,244,1,239.49,"2011-04-10 13:36:00","2011-04-10 13:36:00",1,1,1,111,Hibernating
15690,5,2,239.76,"2011-08-31 11:40:00","2011-12-05 15:59:00",5,2,1,521,"New Customers"
17181,58,2,239.92,"2010-12-01 12:38:00","2011-10-13 14:48:00",3,3,1,331,"Loyal Customers"
17256,108,2,240.00,"2011-01-31 14:53:00","2011-08-24 13:30:00",2,3,1,231,"Cant Lose Them"
13565,20,2,240.22,"2011-01-09 14:28:00","2011-11-20 14:33:00",4,2,1,421,"New Customers"
15286,50,1,240.55,"2011-10-21 11:08:00","2011-10-21 11:08:00",3,2,1,321,"Needs Attention"
15598,54,1,240.68,"2011-10-17 16:04:00","2011-10-17 16:04:00",3,2,1,321,"Needs Attention"
17051,195,1,240.89,"2011-05-29 14:13:00","2011-05-29 14:13:00",1,1,1,111,Hibernating
16427,264,2,241.06,"2011-02-28 15:18:00","2011-03-21 17:10:00",1,3,1,131,"Cant Lose Them"
14523,109,1,241.09,"2011-08-23 13:13:00","2011-08-23 13:13:00",2,2,1,221,Hibernating
15776,134,1,241.62,"2011-07-29 13:46:00","2011-07-29 13:46:00",2,2,1,221,Hibernating
16215,81,1,242.35,"2011-09-20 10:18:00","2011-09-20 10:18:00",2,2,1,221,Hibernating
16601,41,1,242.70,"2011-10-30 11:09:00","2011-10-30 11:09:00",3,2,1,321,"Needs Attention"
17339,95,2,243.36,"2010-12-09 14:44:00","2011-09-06 13:29:00",2,3,1,231,"Cant Lose Them"
15634,18,1,243.55,"2011-11-22 16:28:00","2011-11-22 16:28:00",4,1,1,411,"New Customers"
13886,72,1,243.56,"2011-09-29 13:17:00","2011-09-29 13:17:00",3,2,1,321,"Needs Attention"
18193,166,1,243.76,"2011-06-27 13:58:00","2011-06-27 13:58:00",2,1,1,211,Hibernating
16793,58,1,243.84,"2011-10-13 15:08:00","2011-10-13 15:08:00",3,2,1,321,"Needs Attention"
13103,40,1,243.94,"2011-10-31 09:38:00","2011-10-31 09:38:00",3,2,1,321,"Needs Attention"
17925,373,1,244.08,"2010-12-02 10:10:00","2010-12-02 10:10:00",1,1,1,111,Hibernating
17892,57,3,244.10,"2011-07-07 12:56:00","2011-10-14 16:49:00",3,4,1,341,"Loyal Customers"
16528,4,1,244.41,"2011-12-06 12:45:00","2011-12-06 12:45:00",5,1,1,511,"New Customers"
15118,135,1,244.80,"2011-07-28 14:54:00","2011-07-28 14:54:00",2,2,1,221,Hibernating
12660,12,1,245.10,"2011-11-28 13:26:00","2011-11-28 13:26:00",5,1,1,511,"New Customers"
17771,57,2,245.81,"2011-01-20 14:13:00","2011-10-14 11:43:00",3,3,1,331,"Loyal Customers"
16778,75,2,245.94,"2011-03-10 15:21:00","2011-09-26 13:48:00",2,3,1,231,"Cant Lose Them"
17278,242,1,246.04,"2011-04-12 13:10:00","2011-04-12 13:10:00",1,1,1,111,Hibernating
15783,11,1,246.30,"2011-11-29 09:50:00","2011-11-29 09:50:00",5,1,1,511,"New Customers"
14658,6,2,247.15,"2011-08-14 15:42:00","2011-12-04 15:35:00",5,2,1,521,"New Customers"
13349,11,1,247.32,"2011-11-29 08:07:00","2011-11-29 08:07:00",5,1,1,511,"New Customers"
18009,236,1,247.39,"2011-04-18 13:36:00","2011-04-18 13:36:00",1,1,1,111,Hibernating
18072,186,1,247.44,"2011-06-07 10:44:00","2011-06-07 10:44:00",1,1,1,111,Hibernating
13592,36,4,247.96,"2011-03-20 14:01:00","2011-11-04 09:49:00",3,4,1,341,"Loyal Customers"
15097,5,1,248.08,"2011-12-05 14:03:00","2011-12-05 14:03:00",5,1,1,511,"New Customers"
16510,373,1,248.10,"2010-12-02 13:39:00","2010-12-02 13:39:00",1,1,1,111,Hibernating
13061,73,1,248.61,"2011-09-28 16:04:00","2011-09-28 16:04:00",2,2,1,221,Hibernating
16124,318,1,249.00,"2011-01-26 14:45:00","2011-01-26 14:45:00",1,1,1,111,Hibernating
17456,366,1,249.86,"2010-12-09 15:23:00","2010-12-09 15:23:00",1,1,2,112,Hibernating
15510,331,1,250.00,"2011-01-13 12:10:00","2011-01-13 12:10:00",1,1,2,112,Hibernating
17303,362,1,250.04,"2010-12-13 13:32:00","2010-12-13 13:32:00",1,1,2,112,Hibernating
16596,16,2,250.15,"2010-12-08 16:18:00","2011-11-24 10:02:00",4,2,2,422,"New Customers"
13207,16,2,250.26,"2011-07-12 11:35:00","2011-11-24 14:52:00",4,2,2,422,"New Customers"
16024,13,1,251.03,"2011-11-27 13:26:00","2011-11-27 13:26:00",5,1,2,512,"New Customers"
13512,261,1,251.21,"2011-03-24 10:03:00","2011-03-24 10:03:00",1,1,2,112,Hibernating
14501,184,2,251.21,"2011-01-24 10:43:00","2011-06-09 12:02:00",1,3,2,132,"Cant Lose Them"
16976,268,1,251.52,"2011-03-17 16:33:00","2011-03-17 16:33:00",1,1,2,112,Hibernating
17155,18,2,251.70,"2011-06-15 10:22:00","2011-11-22 12:38:00",4,2,2,422,"New Customers"
16836,40,2,251.87,"2011-08-15 12:38:00","2011-10-31 10:05:00",3,3,2,332,"Loyal Customers"
16330,18,3,251.91,"2011-08-19 17:08:00","2011-11-22 12:24:00",4,3,2,432,"Loyal Customers"
13711,219,2,252.06,"2011-05-05 10:29:00","2011-05-05 10:31:00",1,3,2,132,"Cant Lose Them"
13645,121,1,252.10,"2011-08-11 16:11:00","2011-08-11 16:11:00",2,2,2,222,Hibernating
15346,333,1,252.42,"2011-01-11 11:18:00","2011-01-11 11:18:00",1,1,2,112,Hibernating
13404,2,2,252.49,"2011-05-11 11:57:00","2011-12-08 15:37:00",5,2,2,522,"New Customers"
15035,90,1,252.73,"2011-09-11 11:08:00","2011-09-11 11:08:00",2,2,2,222,Hibernating
15019,267,1,252.81,"2011-03-18 12:35:00","2011-03-18 12:35:00",1,1,2,112,Hibernating
15759,219,3,253.04,"2010-12-16 15:29:00","2011-05-05 15:13:00",1,3,2,132,"Cant Lose Them"
12797,366,1,254.03,"2010-12-09 10:55:00","2010-12-09 10:55:00",1,1,2,112,Hibernating
15689,120,2,254.10,"2010-12-13 09:57:00","2011-08-12 09:37:00",2,3,2,232,"Cant Lose Them"
14765,30,3,254.11,"2011-06-16 19:49:00","2011-11-10 19:53:00",4,3,2,432,"Loyal Customers"
12604,80,2,254.18,"2011-03-23 12:06:00","2011-09-21 14:08:00",2,3,2,232,"Cant Lose Them"
15154,76,1,254.28,"2011-09-25 16:05:00","2011-09-25 16:05:00",2,2,2,222,Hibernating
15261,136,1,254.82,"2011-07-27 15:20:00","2011-07-27 15:20:00",2,2,2,222,Hibernating
16226,204,3,255.12,"2011-04-18 12:58:00","2011-05-20 14:41:00",1,3,2,132,"Cant Lose Them"
14881,20,1,255.40,"2011-11-20 11:06:00","2011-11-20 11:06:00",4,1,2,412,"New Customers"
15277,47,1,255.90,"2011-10-24 10:08:00","2011-10-24 10:08:00",3,2,2,322,"Needs Attention"
14761,59,2,255.90,"2011-01-09 12:03:00","2011-10-12 12:10:00",3,3,2,332,"Loyal Customers"
16447,136,1,255.91,"2011-07-27 12:45:00","2011-07-27 12:45:00",2,2,2,222,Hibernating
17385,15,1,256.11,"2011-11-25 11:02:00","2011-11-25 11:02:00",4,1,2,412,"New Customers"
16727,365,1,256.32,"2010-12-10 13:48:00","2010-12-10 13:48:00",1,1,2,112,Hibernating
17896,24,1,256.32,"2011-11-16 13:59:00","2011-11-16 13:59:00",4,1,2,412,"New Customers"
13806,64,1,256.38,"2011-10-07 11:43:00","2011-10-07 11:43:00",3,2,2,322,"Needs Attention"
12430,44,1,256.40,"2011-10-27 15:09:00","2011-10-27 15:09:00",3,2,2,322,"Needs Attention"
16048,374,2,256.44,"2010-12-01 15:27:00","2010-12-01 15:28:00",1,3,2,132,"Cant Lose Them"
13626,253,1,257.23,"2011-04-01 10:05:00","2011-04-01 10:05:00",1,1,2,112,Hibernating
15014,44,2,257.67,"2011-06-16 19:40:00","2011-10-27 20:07:00",3,3,2,332,"Loyal Customers"
13227,202,1,257.70,"2011-05-22 11:47:00","2011-05-22 11:47:00",1,1,2,112,Hibernating
15894,254,2,258.25,"2010-12-05 14:06:00","2011-03-31 13:50:00",1,3,2,132,"Cant Lose Them"
13277,16,4,258.40,"2011-07-29 10:06:00","2011-11-24 09:21:00",4,4,2,442,"Loyal Customers"
15577,152,3,258.88,"2011-02-07 13:32:00","2011-07-11 17:03:00",2,4,2,242,"Cant Lose Them"
14452,11,2,259.05,"2011-09-07 11:32:00","2011-11-29 12:06:00",5,2,2,522,"New Customers"
13127,78,1,259.17,"2011-09-23 10:26:00","2011-09-23 10:26:00",2,2,2,222,Hibernating
15143,226,1,259.45,"2011-04-28 12:03:00","2011-04-28 12:03:00",1,1,2,112,Hibernating
14053,125,2,260.25,"2011-07-03 12:21:00","2011-08-07 14:27:00",2,3,2,232,"Cant Lose Them"
13189,19,2,260.68,"2011-08-16 13:12:00","2011-11-21 10:39:00",4,2,2,422,"New Customers"
16936,26,1,261.90,"2011-11-14 11:04:00","2011-11-14 11:04:00",4,1,2,412,"New Customers"
16413,57,1,262.20,"2011-10-14 12:08:00","2011-10-14 12:08:00",3,2,2,322,"Needs Attention"
17194,274,2,262.62,"2010-12-14 12:06:00","2011-03-11 12:05:00",1,3,2,132,"Cant Lose Them"
12492,64,2,263.21,"2011-08-26 14:51:00","2011-10-07 15:15:00",3,3,2,332,"Loyal Customers"
17708,188,2,263.33,"2011-01-19 10:09:00","2011-06-05 10:12:00",1,3,2,132,"Cant Lose Them"
17403,37,1,263.92,"2011-11-03 15:18:00","2011-11-03 15:18:00",3,2,2,322,"Needs Attention"
15912,179,2,264.62,"2011-04-20 17:10:00","2011-06-14 14:29:00",2,3,2,232,"Cant Lose Them"
13973,288,1,264.70,"2011-02-25 15:21:00","2011-02-25 15:21:00",1,1,2,112,Hibernating
17968,374,1,265.10,"2010-12-01 12:23:00","2010-12-01 12:23:00",1,1,2,112,Hibernating
14423,219,1,265.20,"2011-05-05 15:12:00","2011-05-05 15:12:00",1,1,2,112,Hibernating
17430,33,2,265.76,"2010-12-09 13:05:00","2011-11-07 09:24:00",4,3,2,432,"Loyal Customers"
14068,321,1,265.85,"2011-01-23 16:02:00","2011-01-23 16:02:00",1,1,2,112,Hibernating
12962,8,2,266.39,"2011-08-18 13:38:00","2011-12-02 15:55:00",5,2,2,522,"New Customers"
15119,246,1,266.40,"2011-04-08 09:08:00","2011-04-08 09:08:00",1,1,2,112,Hibernating
13837,212,2,266.59,"2011-01-26 12:15:00","2011-05-12 12:10:00",1,3,2,132,"Cant Lose Them"
14863,30,1,266.76,"2011-11-10 15:04:00","2011-11-10 15:04:00",4,2,2,422,"New Customers"
17786,86,2,266.85,"2011-01-26 14:35:00","2011-09-15 12:51:00",2,3,2,232,"Cant Lose Them"
16451,88,1,266.97,"2011-09-13 09:17:00","2011-09-13 09:17:00",2,2,2,222,Hibernating
15517,234,1,267.03,"2011-04-20 14:02:00","2011-04-20 14:02:00",1,1,2,112,Hibernating
15320,45,1,267.13,"2011-10-26 13:27:00","2011-10-26 13:27:00",3,2,2,322,"Needs Attention"
17550,198,3,267.16,"2011-04-10 15:19:00","2011-05-26 14:09:00",1,3,2,132,"Cant Lose Them"
15408,265,1,267.18,"2011-03-20 15:02:00","2011-03-20 15:02:00",1,1,2,112,Hibernating
14508,23,2,268.05,"2011-09-11 11:29:00","2011-11-17 19:48:00",4,2,2,422,"New Customers"
14727,275,1,268.58,"2011-03-10 14:45:00","2011-03-10 14:45:00",1,1,2,112,Hibernating
13533,183,3,269.09,"2011-03-17 12:47:00","2011-06-10 11:54:00",1,3,2,132,"Cant Lose Them"
17251,363,1,269.83,"2010-12-12 11:06:00","2010-12-12 11:06:00",1,1,2,112,Hibernating
12558,8,1,269.96,"2011-12-02 10:41:00","2011-12-02 10:41:00",5,1,2,512,"New Customers"
13242,113,3,270.40,"2011-05-10 12:26:00","2011-08-19 12:53:00",2,4,2,242,"Cant Lose Them"
14520,2,2,270.60,"2011-02-22 09:15:00","2011-12-08 09:46:00",5,2,2,522,"New Customers"
15774,69,1,270.80,"2011-10-02 12:04:00","2011-10-02 12:04:00",3,2,2,322,"Needs Attention"
17011,31,1,270.90,"2011-11-09 13:30:00","2011-11-09 13:30:00",4,2,2,422,"New Customers"
18108,255,1,271.00,"2011-03-30 13:56:00","2011-03-30 13:56:00",1,1,2,112,Hibernating
17496,359,1,271.05,"2010-12-16 08:39:00","2010-12-16 08:39:00",1,1,2,112,Hibernating
17254,5,2,271.19,"2011-11-24 14:09:00","2011-12-05 12:46:00",5,2,2,522,"New Customers"
17767,16,1,271.20,"2011-11-24 14:42:00","2011-11-24 14:42:00",4,1,2,412,"New Customers"
13058,25,3,271.40,"2011-07-11 12:01:00","2011-11-15 12:43:00",4,3,2,432,"Loyal Customers"
14816,198,1,271.85,"2011-05-26 13:16:00","2011-05-26 13:16:00",1,1,2,112,Hibernating
13917,50,2,272.04,"2011-06-01 12:46:00","2011-10-21 09:56:00",3,3,2,332,"Loyal Customers"
14819,65,2,272.07,"2011-05-31 13:50:00","2011-10-06 13:41:00",3,3,2,332,"Loyal Customers"
17498,76,1,272.22,"2011-09-25 12:25:00","2011-09-25 12:25:00",2,2,2,222,Hibernating
16883,188,2,272.48,"2010-12-03 10:33:00","2011-06-05 12:51:00",1,3,2,132,"Cant Lose Them"
16313,4,2,274.15,"2011-10-21 09:04:00","2011-12-06 13:02:00",5,2,2,522,"New Customers"
14512,188,2,275.28,"2011-04-21 19:05:00","2011-06-05 12:39:00",1,3,2,132,"Cant Lose Them"
12750,129,1,275.88,"2011-08-03 09:13:00","2011-08-03 09:13:00",2,2,2,222,Hibernating
13544,40,2,276.06,"2011-04-13 12:09:00","2011-10-31 11:57:00",3,3,2,332,"Loyal Customers"
13272,32,2,276.56,"2011-09-11 12:06:00","2011-11-08 14:00:00",4,3,2,432,"Loyal Customers"
13606,30,3,276.75,"2011-02-01 11:42:00","2011-11-10 17:46:00",4,3,2,432,"Loyal Customers"
15355,30,2,277.05,"2011-10-17 15:22:00","2011-11-10 13:44:00",4,3,2,432,"Loyal Customers"
13803,256,1,277.07,"2011-03-29 12:57:00","2011-03-29 12:57:00",1,1,2,112,Hibernating
14908,75,1,277.80,"2011-09-26 12:56:00","2011-09-26 12:56:00",2,2,2,222,Hibernating
14764,47,1,278.30,"2011-10-24 11:54:00","2011-10-24 11:54:00",3,2,2,322,"Needs Attention"
14480,12,1,279.05,"2011-11-28 16:35:00","2011-11-28 16:35:00",5,1,2,512,"New Customers"
15556,25,1,279.77,"2011-11-15 16:08:00","2011-11-15 16:08:00",4,1,2,412,"New Customers"
14975,58,1,279.94,"2011-10-13 14:08:00","2011-10-13 14:08:00",3,2,2,322,"Needs Attention"
17247,16,1,280.09,"2011-11-24 15:21:00","2011-11-24 15:21:00",4,1,2,412,"New Customers"
16149,5,2,280.52,"2011-07-20 14:54:00","2011-12-05 11:29:00",5,2,2,522,"New Customers"
14242,235,2,280.55,"2011-01-18 08:53:00","2011-04-19 11:46:00",1,3,2,132,"Cant Lose Them"
16848,53,1,281.42,"2011-10-18 08:42:00","2011-10-18 08:42:00",3,2,2,322,"Needs Attention"
16557,25,2,281.85,"2011-07-25 13:28:00","2011-11-15 14:04:00",4,2,2,422,"New Customers"
13177,65,1,282.45,"2011-10-06 09:56:00","2011-10-06 09:56:00",3,2,2,322,"Needs Attention"
13754,152,2,282.60,"2011-01-26 14:58:00","2011-07-11 11:51:00",2,3,2,232,"Cant Lose Them"
14350,275,1,282.93,"2011-03-10 14:14:00","2011-03-10 14:14:00",1,1,2,112,Hibernating
17694,142,1,283.12,"2011-07-21 12:00:00","2011-07-21 12:00:00",2,2,2,222,Hibernating
18270,39,2,283.15,"2011-03-18 12:41:00","2011-11-01 13:57:00",3,3,2,332,"Loyal Customers"
13259,62,1,283.18,"2011-10-09 10:48:00","2011-10-09 10:48:00",3,2,2,322,"Needs Attention"
17783,73,2,283.47,"2011-04-06 10:07:00","2011-09-28 16:07:00",2,3,2,232,"Cant Lose Them"
12703,72,1,283.55,"2011-09-29 17:52:00","2011-09-29 17:52:00",3,2,2,322,"Needs Attention"
13439,256,1,283.71,"2011-03-29 14:20:00","2011-03-29 14:20:00",1,1,2,112,Hibernating
13121,270,1,283.73,"2011-03-15 16:47:00","2011-03-15 16:47:00",1,1,2,112,Hibernating
18190,193,2,284.46,"2011-01-13 10:35:00","2011-05-31 14:48:00",1,3,2,132,"Cant Lose Them"
16429,107,1,284.55,"2011-08-25 13:54:00","2011-08-25 13:54:00",2,2,2,222,Hibernating
13708,272,1,285.33,"2011-03-13 13:46:00","2011-03-13 13:46:00",1,1,2,112,Hibernating
17636,20,1,285.56,"2011-11-20 14:40:00","2011-11-20 14:40:00",4,1,2,412,"New Customers"
14953,26,1,285.67,"2011-11-14 14:59:00","2011-11-14 14:59:00",4,1,2,412,"New Customers"
14660,87,2,285.74,"2011-08-31 10:40:00","2011-09-14 11:34:00",2,3,2,232,"Cant Lose Them"
16555,36,2,285.89,"2011-08-22 12:32:00","2011-11-04 14:31:00",3,3,2,332,"Loyal Customers"
13760,55,2,286.79,"2011-03-28 12:52:00","2011-10-16 16:13:00",3,3,2,332,"Loyal Customers"
16432,65,1,287.40,"2011-10-06 13:59:00","2011-10-06 13:59:00",3,2,2,322,"Needs Attention"
17760,22,2,287.59,"2010-12-01 15:08:00","2011-11-18 10:56:00",4,2,2,422,"New Customers"
17080,23,2,287.62,"2011-03-15 12:05:00","2011-11-17 12:59:00",4,2,2,422,"New Customers"
17977,30,1,288.14,"2011-11-10 13:28:00","2011-11-10 13:28:00",4,2,2,422,"New Customers"
15396,113,1,288.18,"2011-08-19 10:56:00","2011-08-19 10:56:00",2,2,2,222,Hibernating
16808,100,2,288.42,"2011-03-10 19:05:00","2011-09-01 19:34:00",2,3,2,232,"Cant Lose Them"
17501,221,2,288.60,"2011-05-03 09:46:00","2011-05-03 09:47:00",1,3,2,132,"Cant Lose Them"
17081,26,2,288.91,"2011-10-24 13:08:00","2011-11-14 12:56:00",4,2,2,422,"New Customers"
15545,55,2,288.97,"2010-12-03 17:28:00","2011-10-16 13:24:00",3,3,2,332,"Loyal Customers"
14549,312,1,289.24,"2011-02-01 13:47:00","2011-02-01 13:47:00",1,1,2,112,Hibernating
16125,368,1,289.35,"2010-12-07 15:48:00","2010-12-07 15:48:00",1,1,2,112,Hibernating
14162,174,2,289.36,"2011-02-20 12:32:00","2011-06-19 11:36:00",2,3,2,232,"Cant Lose Them"
17201,54,1,289.78,"2011-10-17 11:55:00","2011-10-17 11:55:00",3,2,2,322,"Needs Attention"
16897,300,2,289.78,"2011-01-30 11:52:00","2011-02-13 15:02:00",1,3,2,132,"Cant Lose Them"
17464,159,1,289.96,"2011-07-04 13:19:00","2011-07-04 13:19:00",2,2,2,222,Hibernating
14784,27,2,289.99,"2011-01-20 09:25:00","2011-11-13 13:30:00",4,2,2,422,"New Customers"
13573,51,2,290.25,"2011-03-31 14:47:00","2011-10-20 14:33:00",3,3,2,332,"Loyal Customers"
17551,360,1,290.34,"2010-12-15 14:12:00","2010-12-15 14:12:00",1,1,2,112,Hibernating
16526,172,1,290.36,"2011-06-21 12:02:00","2011-06-21 12:02:00",2,1,2,212,Hibernating
17691,359,2,290.40,"2010-12-06 11:10:00","2010-12-16 17:20:00",1,3,2,132,"Cant Lose Them"
15279,355,1,290.51,"2010-12-20 10:48:00","2010-12-20 10:48:00",1,1,2,112,Hibernating
16648,43,1,290.66,"2011-10-28 08:58:00","2011-10-28 08:58:00",3,2,2,322,"Needs Attention"
14947,73,2,290.82,"2011-08-01 09:31:00","2011-09-28 15:48:00",2,3,2,232,"Cant Lose Them"
14656,170,2,291.05,"2011-03-01 13:19:00","2011-06-23 13:51:00",2,3,2,232,"Cant Lose Them"
17255,41,2,291.48,"2011-02-13 15:18:00","2011-10-30 12:18:00",3,3,2,332,"Loyal Customers"
13449,24,1,291.88,"2011-11-16 08:28:00","2011-11-16 08:28:00",4,1,2,412,"New Customers"
13502,17,3,292.00,"2011-01-20 09:03:00","2011-11-23 10:39:00",4,3,2,432,"Loyal Customers"
14985,199,2,292.01,"2010-12-16 19:51:00","2011-05-25 14:29:00",1,3,2,132,"Cant Lose Them"
16721,263,1,292.47,"2011-03-22 16:08:00","2011-03-22 16:08:00",1,1,2,112,Hibernating
12829,337,2,293.00,"2010-12-14 14:54:00","2011-01-07 11:13:00",1,3,2,132,"Cant Lose Them"
17163,22,2,293.10,"2011-09-22 15:54:00","2011-11-18 08:57:00",4,2,2,422,"New Customers"
16402,265,2,293.45,"2010-12-05 13:42:00","2011-03-20 12:25:00",1,3,2,132,"Cant Lose Them"
15732,213,2,294.12,"2010-12-02 15:00:00","2011-05-11 14:24:00",1,3,2,132,"Cant Lose Them"
17124,186,1,294.24,"2011-06-07 14:02:00","2011-06-07 14:02:00",1,1,2,112,Hibernating
15060,9,4,294.25,"2011-11-30 14:03:00","2011-12-01 13:47:00",5,4,2,542,"Loyal Customers"
14954,13,1,294.85,"2011-11-27 14:30:00","2011-11-27 14:30:00",5,1,2,512,"New Customers"
16998,150,4,295.00,"2011-02-08 15:42:00","2011-07-13 09:44:00",2,4,2,242,"Cant Lose Them"
13504,65,1,295.93,"2011-10-06 13:20:00","2011-10-06 13:20:00",3,2,2,322,"Needs Attention"
13751,289,1,296.25,"2011-02-24 15:56:00","2011-02-24 15:56:00",1,1,2,112,Hibernating
17266,3,3,296.58,"2011-07-15 11:57:00","2011-12-07 14:12:00",5,3,2,532,"Loyal Customers"
13441,92,1,296.64,"2011-09-09 09:38:00","2011-09-09 09:38:00",2,2,2,222,Hibernating
17531,191,1,296.70,"2011-06-02 19:17:00","2011-06-02 19:17:00",1,1,2,112,Hibernating
15857,19,1,297.00,"2011-11-21 12:18:00","2011-11-21 12:18:00",4,1,2,412,"New Customers"
12881,276,1,298.00,"2011-03-09 11:44:00","2011-03-09 11:44:00",1,1,2,112,Hibernating
17678,264,1,298.11,"2011-03-21 11:52:00","2011-03-21 11:52:00",1,1,2,112,Hibernating
16104,62,1,298.21,"2011-10-09 10:23:00","2011-10-09 10:23:00",3,2,2,322,"Needs Attention"
17824,52,1,298.40,"2011-10-19 14:14:00","2011-10-19 14:14:00",3,2,2,322,"Needs Attention"
15609,185,1,298.48,"2011-06-08 13:00:00","2011-06-08 13:00:00",1,1,2,112,Hibernating
13667,150,1,299.05,"2011-07-13 15:42:00","2011-07-13 15:42:00",2,2,2,222,Hibernating
18215,90,1,299.34,"2011-09-11 16:05:00","2011-09-11 16:05:00",2,2,2,222,Hibernating
18053,71,1,300.02,"2011-09-30 09:05:00","2011-09-30 09:05:00",3,2,2,322,"Needs Attention"
13745,163,1,300.04,"2011-06-30 16:43:00","2011-06-30 16:43:00",2,1,2,212,Hibernating
17793,26,1,300.34,"2011-11-14 14:24:00","2011-11-14 14:24:00",4,1,2,412,"New Customers"
15254,128,1,300.36,"2011-08-04 15:04:00","2011-08-04 15:04:00",2,2,2,222,Hibernating
13304,352,1,300.42,"2010-12-23 14:35:00","2010-12-23 14:35:00",1,1,2,112,Hibernating
14762,264,1,300.52,"2011-03-21 08:20:00","2011-03-21 08:20:00",1,1,2,112,Hibernating
16479,11,2,300.83,"2011-11-29 13:04:00","2011-11-29 13:40:00",5,2,2,522,"New Customers"
16430,58,1,300.85,"2011-10-13 14:47:00","2011-10-13 14:47:00",3,2,2,322,"Needs Attention"
17978,366,1,300.92,"2010-12-09 14:05:00","2010-12-09 14:05:00",1,1,2,112,Hibernating
13479,201,2,300.95,"2011-04-19 11:27:00","2011-05-23 10:45:00",1,3,2,132,"Cant Lose Them"
15623,142,1,301.03,"2011-07-21 17:26:00","2011-07-21 17:26:00",2,2,2,222,Hibernating
15148,11,1,301.29,"2011-11-29 08:21:00","2011-11-29 08:21:00",5,1,2,512,"New Customers"
15667,40,1,301.32,"2011-10-31 10:56:00","2011-10-31 10:56:00",3,2,2,322,"Needs Attention"
16715,79,1,301.72,"2011-09-22 18:15:00","2011-09-22 18:15:00",2,2,2,222,Hibernating
16297,269,1,301.90,"2011-03-16 08:29:00","2011-03-16 08:29:00",1,1,2,112,Hibernating
17094,323,1,302.00,"2011-01-21 13:09:00","2011-01-21 13:09:00",1,1,2,112,Hibernating
15054,13,2,302.10,"2011-10-30 14:33:00","2011-11-27 15:02:00",5,2,2,522,"New Customers"
17506,76,1,302.20,"2011-09-25 11:39:00","2011-09-25 11:39:00",2,2,2,222,Hibernating
16292,122,1,302.25,"2011-08-10 12:24:00","2011-08-10 12:24:00",2,2,2,222,Hibernating
18165,178,1,302.46,"2011-06-15 13:23:00","2011-06-15 13:23:00",2,1,2,212,Hibernating
16386,29,2,302.57,"2011-03-31 12:19:00","2011-11-11 12:28:00",4,3,2,432,"Loyal Customers"
14248,319,1,302.58,"2011-01-25 14:45:00","2011-01-25 14:45:00",1,1,2,112,Hibernating
16425,303,1,302.70,"2011-02-10 14:30:00","2011-02-10 14:30:00",1,1,2,112,Hibernating
17433,89,1,303.16,"2011-09-12 14:24:00","2011-09-12 14:24:00",2,2,2,222,Hibernating
13083,5,2,303.75,"2011-09-25 10:46:00","2011-12-05 15:01:00",5,2,2,522,"New Customers"
16400,95,1,303.93,"2011-09-06 12:27:00","2011-09-06 12:27:00",2,2,2,222,Hibernating
17732,373,1,303.97,"2010-12-02 09:29:00","2010-12-02 09:29:00",1,1,2,112,Hibernating
17070,115,1,304.24,"2011-08-17 17:01:00","2011-08-17 17:01:00",2,2,2,222,Hibernating
16674,55,2,304.24,"2011-09-02 13:59:00","2011-10-16 11:31:00",3,3,2,332,"Loyal Customers"
18185,250,1,304.25,"2011-04-04 13:42:00","2011-04-04 13:42:00",1,1,2,112,Hibernating
16217,236,2,304.25,"2011-03-02 15:28:00","2011-04-18 13:31:00",1,3,2,132,"Cant Lose Them"
15163,19,2,304.47,"2011-05-31 15:22:00","2011-11-21 13:10:00",4,2,2,422,"New Customers"
17941,131,1,304.56,"2011-08-01 08:30:00","2011-08-01 08:30:00",2,2,2,222,Hibernating
12623,277,1,305.10,"2011-03-08 13:50:00","2011-03-08 13:50:00",1,1,2,112,Hibernating
18220,227,1,305.28,"2011-04-27 09:03:00","2011-04-27 09:03:00",1,1,2,112,Hibernating
13045,100,1,305.28,"2011-09-01 15:04:00","2011-09-01 15:04:00",2,2,2,222,Hibernating
16181,74,1,305.54,"2011-09-27 13:38:00","2011-09-27 13:38:00",2,2,2,222,Hibernating
16796,90,1,305.62,"2011-09-11 14:01:00","2011-09-11 14:01:00",2,2,2,222,Hibernating
15219,177,1,305.75,"2011-06-16 16:57:00","2011-06-16 16:57:00",2,1,2,212,Hibernating
13863,248,1,305.78,"2011-04-06 10:20:00","2011-04-06 10:20:00",1,1,2,112,Hibernating
17176,202,1,306.13,"2011-05-22 12:41:00","2011-05-22 12:41:00",1,1,2,112,Hibernating
15659,44,1,306.45,"2011-10-27 09:23:00","2011-10-27 09:23:00",3,2,2,322,"Needs Attention"
18059,24,3,306.46,"2011-10-03 09:30:00","2011-11-16 16:49:00",4,3,2,432,"Loyal Customers"
13718,247,2,306.55,"2011-02-17 11:58:00","2011-04-07 13:24:00",1,3,2,132,"Cant Lose Them"
13762,219,1,306.72,"2011-05-05 09:15:00","2011-05-05 09:15:00",1,1,2,112,Hibernating
16668,16,6,306.72,"2011-02-28 12:46:00","2011-11-24 17:43:00",4,5,2,452,"Loyal Customers"
15087,282,1,306.94,"2011-03-03 10:34:00","2011-03-03 10:34:00",1,1,2,112,Hibernating
17334,303,2,307.02,"2011-02-04 09:03:00","2011-02-10 14:59:00",1,3,2,132,"Cant Lose Them"
13142,20,1,307.09,"2011-11-20 16:07:00","2011-11-20 16:07:00",4,1,2,412,"New Customers"
13932,295,1,307.40,"2011-02-18 12:02:00","2011-02-18 12:02:00",1,1,2,112,Hibernating
17120,234,1,307.46,"2011-04-20 15:21:00","2011-04-20 15:21:00",1,1,2,112,Hibernating
14915,92,2,307.48,"2011-03-07 09:39:00","2011-09-09 13:34:00",2,3,2,232,"Cant Lose Them"
14716,44,2,307.51,"2011-07-14 12:42:00","2011-10-27 17:29:00",3,3,2,332,"Loyal Customers"
13060,254,1,307.53,"2011-03-31 11:37:00","2011-03-31 11:37:00",1,1,2,112,Hibernating
13395,186,1,307.72,"2011-06-07 15:04:00","2011-06-07 15:04:00",1,1,2,112,Hibernating
13529,79,2,307.76,"2011-05-19 11:50:00","2011-09-22 09:15:00",2,3,2,232,"Cant Lose Them"
16123,52,1,307.78,"2011-10-19 09:18:00","2011-10-19 09:18:00",3,2,2,322,"Needs Attention"
15973,367,1,307.82,"2010-12-08 11:42:00","2010-12-08 11:42:00",1,1,2,112,Hibernating
13466,185,1,307.90,"2011-06-08 16:39:00","2011-06-08 16:39:00",1,1,2,112,Hibernating
13369,366,1,308.28,"2010-12-09 11:30:00","2010-12-09 11:30:00",1,1,2,112,Hibernating
17510,25,1,308.48,"2011-11-15 10:00:00","2011-11-15 10:00:00",4,1,2,412,"New Customers"
13699,156,1,308.58,"2011-07-07 16:51:00","2011-07-07 16:51:00",2,2,2,222,Hibernating
16956,18,1,308.74,"2011-11-22 08:56:00","2011-11-22 08:56:00",4,1,2,412,"New Customers"
15010,36,1,308.94,"2011-11-04 12:42:00","2011-11-04 12:42:00",3,2,2,322,"Needs Attention"
13787,76,2,309.04,"2010-12-10 14:45:00","2011-09-25 12:06:00",2,3,2,232,"Cant Lose Them"
12884,89,1,309.05,"2011-09-12 13:10:00","2011-09-12 13:10:00",2,2,2,222,Hibernating
17604,218,2,309.36,"2011-01-31 15:09:00","2011-05-06 13:43:00",1,3,2,132,"Cant Lose Them"
14847,149,1,309.40,"2011-07-14 10:52:00","2011-07-14 10:52:00",2,2,2,222,Hibernating
14339,243,1,309.52,"2011-04-11 11:06:00","2011-04-11 11:06:00",1,1,2,112,Hibernating
16810,193,1,309.54,"2011-05-31 15:32:00","2011-05-31 15:32:00",1,1,2,112,Hibernating
15699,18,1,309.65,"2011-11-22 08:26:00","2011-11-22 08:26:00",4,1,2,412,"New Customers"
15661,318,2,309.80,"2011-01-05 12:32:00","2011-01-26 13:56:00",1,3,2,132,"Cant Lose Them"
14924,246,1,310.05,"2011-04-08 09:25:00","2011-04-08 09:25:00",1,1,2,112,Hibernating
17912,311,5,310.06,"2010-12-10 11:11:00","2011-02-02 14:25:00",1,4,2,142,"Cant Lose Them"
14311,243,1,310.26,"2011-04-11 10:14:00","2011-04-11 10:14:00",1,1,2,112,Hibernating
15308,275,1,310.47,"2011-03-10 13:08:00","2011-03-10 13:08:00",1,1,2,112,Hibernating
15185,71,1,310.62,"2011-09-30 14:06:00","2011-09-30 14:06:00",3,2,2,322,"Needs Attention"
13897,51,1,311.16,"2011-10-20 14:30:00","2011-10-20 14:30:00",3,2,2,322,"Needs Attention"
16781,373,1,311.25,"2010-12-02 14:26:00","2010-12-02 14:26:00",1,1,2,112,Hibernating
17854,186,2,311.26,"2011-04-26 16:53:00","2011-06-07 16:21:00",1,3,2,132,"Cant Lose Them"
13990,214,1,311.30,"2011-05-10 15:19:00","2011-05-10 15:19:00",1,1,2,112,Hibernating
12852,295,1,311.55,"2011-02-18 08:47:00","2011-02-18 08:47:00",1,1,2,112,Hibernating
14327,164,1,311.65,"2011-06-29 13:58:00","2011-06-29 13:58:00",2,1,2,212,Hibernating
14951,80,1,311.69,"2011-09-21 15:15:00","2011-09-21 15:15:00",2,2,2,222,Hibernating
15326,334,1,311.71,"2011-01-10 11:38:00","2011-01-10 11:38:00",1,1,2,112,Hibernating
14142,374,1,311.81,"2010-12-01 16:33:00","2010-12-01 16:33:00",1,1,2,112,Hibernating
16450,150,1,311.92,"2011-07-13 11:47:00","2011-07-13 11:47:00",2,2,2,222,Hibernating
12785,365,1,311.95,"2010-12-10 13:48:00","2010-12-10 13:48:00",1,1,2,112,Hibernating
17362,240,2,312.23,"2011-02-03 10:26:00","2011-04-14 14:43:00",1,3,2,132,"Cant Lose Them"
13642,216,1,312.28,"2011-05-08 12:34:00","2011-05-08 12:34:00",1,1,2,112,Hibernating
12834,283,1,312.38,"2011-03-02 09:49:00","2011-03-02 09:49:00",1,1,2,112,Hibernating
14555,58,2,312.54,"2011-02-10 17:19:00","2011-10-13 16:24:00",3,3,2,332,"Loyal Customers"
15318,4,1,312.62,"2011-12-06 11:30:00","2011-12-06 11:30:00",5,1,2,512,"New Customers"
13845,65,1,312.98,"2011-10-06 08:25:00","2011-10-06 08:25:00",3,2,2,322,"Needs Attention"
14729,374,1,313.49,"2010-12-01 12:43:00","2010-12-01 12:43:00",1,1,2,112,Hibernating
16582,114,1,313.62,"2011-08-18 17:02:00","2011-08-18 17:02:00",2,2,2,222,Hibernating
13484,242,1,313.80,"2011-04-12 16:30:00","2011-04-12 16:30:00",1,1,2,112,Hibernating
15970,304,1,314.10,"2011-02-09 12:08:00","2011-02-09 12:08:00",1,1,2,112,Hibernating
16227,226,1,314.22,"2011-04-28 13:33:00","2011-04-28 13:33:00",1,1,2,112,Hibernating
12650,4,1,314.44,"2011-12-06 16:34:00","2011-12-06 16:34:00",5,1,2,512,"New Customers"
16193,237,1,314.45,"2011-04-17 11:45:00","2011-04-17 11:45:00",1,1,2,112,Hibernating
17237,12,2,314.69,"2011-11-17 12:55:00","2011-11-28 15:02:00",5,2,2,522,"New Customers"
15766,65,1,315.06,"2011-10-06 17:03:00","2011-10-06 17:03:00",3,2,2,322,"Needs Attention"
16091,155,2,315.06,"2011-05-25 09:18:00","2011-07-08 08:45:00",2,3,2,232,"Cant Lose Them"
12614,278,1,315.60,"2011-03-07 10:22:00","2011-03-07 10:22:00",1,1,2,112,Hibernating
18117,26,1,315.65,"2011-11-14 12:47:00","2011-11-14 12:47:00",4,1,2,412,"New Customers"
16473,165,3,316.11,"2011-01-07 10:55:00","2011-06-28 09:10:00",2,3,2,232,"Cant Lose Them"
15872,15,2,316.25,"2011-11-25 11:54:00","2011-11-25 11:55:00",4,2,2,422,"New Customers"
14479,254,2,316.25,"2010-12-09 12:59:00","2011-03-31 09:07:00",1,3,2,132,"Cant Lose Them"
13494,312,1,316.26,"2011-02-01 11:58:00","2011-02-01 11:58:00",1,1,2,112,Hibernating
17458,16,1,316.50,"2011-11-24 13:01:00","2011-11-24 13:01:00",4,1,2,412,"New Customers"
15204,358,1,316.58,"2010-12-17 13:49:00","2010-12-17 13:49:00",1,1,2,112,Hibernating
16761,97,1,316.62,"2011-09-04 11:15:00","2011-09-04 11:15:00",2,2,2,222,Hibernating
15243,75,1,316.68,"2011-09-26 14:12:00","2011-09-26 14:12:00",2,2,2,222,Hibernating
15385,41,1,316.88,"2011-10-30 15:11:00","2011-10-30 15:11:00",3,2,2,322,"Needs Attention"
15257,284,1,317.15,"2011-03-01 12:58:00","2011-03-01 12:58:00",1,1,2,112,Hibernating
17267,128,2,317.20,"2011-08-04 17:19:00","2011-08-04 17:22:00",2,3,2,232,"Cant Lose Them"
15101,9,2,317.53,"2010-12-15 12:54:00","2011-12-01 10:18:00",5,2,2,522,"New Customers"
17172,79,1,317.76,"2011-09-22 09:36:00","2011-09-22 09:36:00",2,2,2,222,Hibernating
18066,76,1,318.00,"2011-09-25 15:30:00","2011-09-25 15:30:00",2,2,2,222,Hibernating
12648,155,1,318.05,"2011-07-08 11:55:00","2011-07-08 11:55:00",2,2,2,222,Hibernating
17839,43,1,318.15,"2011-10-28 17:27:00","2011-10-28 17:27:00",3,2,2,322,"Needs Attention"
14703,15,1,318.17,"2011-11-25 09:23:00","2011-11-25 09:23:00",4,1,2,412,"New Customers"
17248,121,1,318.65,"2011-08-11 13:34:00","2011-08-11 13:34:00",2,2,2,222,Hibernating
17229,97,2,318.76,"2011-07-20 12:38:00","2011-09-04 13:56:00",2,3,2,232,"Cant Lose Them"
17157,8,2,319.00,"2011-06-16 15:08:00","2011-12-02 09:10:00",5,2,2,522,"New Customers"
16967,190,1,319.02,"2011-06-03 14:24:00","2011-06-03 14:24:00",1,1,2,112,Hibernating
15107,312,6,319.50,"2010-12-02 13:45:00","2011-02-01 14:46:00",1,5,2,152,"Cant Lose Them"
13986,18,1,320.46,"2011-11-22 15:00:00","2011-11-22 15:00:00",4,1,2,412,"New Customers"
14622,185,1,320.58,"2011-06-08 12:42:00","2011-06-08 12:42:00",1,1,2,112,Hibernating
16096,265,1,320.62,"2011-03-20 13:38:00","2011-03-20 13:38:00",1,1,2,112,Hibernating
15236,299,1,321.05,"2011-02-14 10:52:00","2011-02-14 10:52:00",1,1,2,112,Hibernating
14823,181,3,321.43,"2011-05-29 12:48:00","2011-06-12 13:12:00",1,3,2,132,"Cant Lose Them"
17976,373,1,321.79,"2010-12-02 13:49:00","2010-12-02 13:49:00",1,1,2,112,Hibernating
14484,51,1,321.92,"2011-10-20 14:11:00","2011-10-20 14:11:00",3,2,2,322,"Needs Attention"
14424,18,1,322.08,"2011-11-22 11:48:00","2011-11-22 11:48:00",4,1,2,412,"New Customers"
15224,359,2,322.08,"2010-12-12 12:34:00","2010-12-16 15:02:00",1,3,2,132,"Cant Lose Them"
16342,76,4,322.41,"2011-06-13 10:10:00","2011-09-25 14:36:00",2,4,2,242,"Cant Lose Them"
16627,80,1,322.80,"2011-09-21 14:38:00","2011-09-21 14:38:00",2,2,2,222,Hibernating
13955,155,2,322.96,"2011-02-07 12:24:00","2011-07-08 17:19:00",2,3,2,232,"Cant Lose Them"
16739,177,1,323.00,"2011-06-16 09:17:00","2011-06-16 09:17:00",2,1,2,212,Hibernating
15921,173,1,323.03,"2011-06-20 11:03:00","2011-06-20 11:03:00",2,1,2,212,Hibernating
15675,82,3,323.69,"2011-03-04 14:21:00","2011-09-19 13:48:00",2,4,2,242,"Cant Lose Them"
18261,44,2,324.24,"2011-09-05 09:34:00","2011-10-27 15:36:00",3,3,2,332,"Loyal Customers"
16685,62,2,324.24,"2011-10-09 13:44:00","2011-10-09 13:58:00",3,3,2,332,"Loyal Customers"
15597,36,1,324.57,"2011-11-04 13:26:00","2011-11-04 13:26:00",3,2,2,322,"Needs Attention"
13801,67,1,324.80,"2011-10-04 10:15:00","2011-10-04 10:15:00",3,2,2,322,"Needs Attention"
12790,193,1,324.92,"2011-05-31 14:14:00","2011-05-31 14:14:00",1,1,2,112,Hibernating
15944,277,1,325.10,"2011-03-08 10:33:00","2011-03-08 10:33:00",1,1,2,112,Hibernating
14850,312,1,325.75,"2011-02-01 11:21:00","2011-02-01 11:21:00",1,1,2,112,Hibernating
16830,39,1,325.91,"2011-11-01 11:35:00","2011-11-01 11:35:00",3,2,2,322,"Needs Attention"
12844,30,2,325.96,"2011-08-01 13:11:00","2011-11-10 13:31:00",4,3,2,432,"Loyal Customers"
15363,373,1,326.00,"2010-12-02 12:28:00","2010-12-02 12:28:00",1,1,2,112,Hibernating
16071,45,1,326.24,"2011-10-26 11:14:00","2011-10-26 11:14:00",3,2,2,322,"Needs Attention"
17715,201,1,326.40,"2011-05-23 12:32:00","2011-05-23 12:32:00",1,1,2,112,Hibernating
14987,16,2,326.40,"2010-12-09 12:13:00","2011-11-24 09:59:00",4,2,2,422,"New Customers"
16322,2,2,326.75,"2011-11-03 14:33:00","2011-12-08 15:41:00",5,2,2,522,"New Customers"
14870,262,1,327.25,"2011-03-23 10:51:00","2011-03-23 10:51:00",1,1,2,112,Hibernating
16366,19,1,327.30,"2011-11-21 08:19:00","2011-11-21 08:19:00",4,1,2,412,"New Customers"
15579,69,2,327.60,"2011-01-30 12:09:00","2011-10-02 12:45:00",3,3,2,332,"Loyal Customers"
14024,122,2,327.70,"2011-08-07 13:31:00","2011-08-10 11:30:00",2,3,2,232,"Cant Lose Them"
15314,200,1,327.97,"2011-05-24 14:39:00","2011-05-24 14:39:00",1,1,2,112,Hibernating
16318,36,1,328.15,"2011-11-04 13:05:00","2011-11-04 13:05:00",3,2,2,322,"Needs Attention"
14206,240,1,328.16,"2011-04-14 16:38:00","2011-04-14 16:38:00",1,1,2,112,Hibernating
14747,250,1,328.20,"2011-04-04 14:09:00","2011-04-04 14:09:00",1,1,2,112,Hibernating
15213,319,2,328.35,"2011-01-14 11:05:00","2011-01-25 12:21:00",1,3,2,132,"Cant Lose Them"
16855,24,2,328.40,"2011-10-27 16:31:00","2011-11-16 12:03:00",4,2,2,422,"New Customers"
16343,17,2,328.58,"2011-11-23 17:43:00","2011-11-23 17:45:00",4,2,2,422,"New Customers"
17222,66,1,328.65,"2011-10-05 13:58:00","2011-10-05 13:58:00",3,2,2,322,"Needs Attention"
14012,278,1,328.80,"2011-03-07 12:26:00","2011-03-07 12:26:00",1,1,2,112,Hibernating
15880,370,1,329.03,"2010-12-05 13:00:00","2010-12-05 13:00:00",1,1,2,112,Hibernating
15153,32,1,329.25,"2011-11-08 17:09:00","2011-11-08 17:09:00",4,2,2,422,"New Customers"
17154,76,1,329.34,"2011-09-25 13:42:00","2011-09-25 13:42:00",2,2,2,222,Hibernating
17914,4,1,329.36,"2011-12-06 11:58:00","2011-12-06 11:58:00",5,1,2,512,"New Customers"
13239,262,1,329.56,"2011-03-23 10:25:00","2011-03-23 10:25:00",1,1,2,112,Hibernating
17615,131,3,329.60,"2011-05-01 15:33:00","2011-08-01 14:06:00",2,4,2,242,"Cant Lose Them"
17866,143,1,329.65,"2011-07-20 11:07:00","2011-07-20 11:07:00",2,2,2,222,Hibernating
12953,10,1,329.85,"2011-11-30 09:24:00","2011-11-30 09:24:00",5,1,2,512,"New Customers"
15714,12,2,330.03,"2011-09-23 11:25:00","2011-11-28 11:26:00",5,2,2,522,"New Customers"
16593,51,3,330.03,"2011-01-16 12:11:00","2011-10-20 12:41:00",3,4,2,342,"Loyal Customers"
15130,170,1,330.11,"2011-06-23 10:15:00","2011-06-23 10:15:00",2,1,2,212,Hibernating
14517,34,2,330.45,"2011-07-21 11:42:00","2011-11-06 14:20:00",3,3,2,332,"Loyal Customers"
13706,303,1,330.79,"2011-02-10 09:21:00","2011-02-10 09:21:00",1,1,2,112,Hibernating
12519,64,1,330.84,"2011-10-07 09:26:00","2011-10-07 09:26:00",3,2,2,322,"Needs Attention"
17862,324,1,330.90,"2011-01-20 12:23:00","2011-01-20 12:23:00",1,1,2,112,Hibernating
12891,186,3,331.00,"2011-02-20 11:28:00","2011-06-07 12:31:00",1,3,2,132,"Cant Lose Them"
16478,26,3,331.00,"2011-10-05 12:02:00","2011-11-14 15:51:00",4,3,2,432,"Loyal Customers"
15210,226,1,331.18,"2011-04-28 16:11:00","2011-04-28 16:11:00",1,1,2,112,Hibernating
16030,310,1,331.24,"2011-02-03 11:28:00","2011-02-03 11:28:00",1,1,2,112,Hibernating
16177,51,1,331.95,"2011-10-20 12:57:00","2011-10-20 12:57:00",3,2,2,322,"Needs Attention"
16803,66,1,332.30,"2011-10-05 14:28:00","2011-10-05 14:28:00",3,2,2,322,"Needs Attention"
16850,334,1,332.41,"2011-01-10 11:09:00","2011-01-10 11:09:00",1,1,2,112,Hibernating
13904,38,2,332.64,"2011-02-18 11:18:00","2011-11-02 13:41:00",3,3,2,332,"Loyal Customers"
14902,26,1,332.66,"2011-11-14 10:34:00","2011-11-14 10:34:00",4,1,2,412,"New Customers"
16625,275,1,333.08,"2011-03-10 12:50:00","2011-03-10 12:50:00",1,1,2,112,Hibernating
13727,29,2,333.48,"2011-11-06 12:16:00","2011-11-11 09:46:00",4,3,2,432,"Loyal Customers"
13216,268,1,333.74,"2011-03-17 12:18:00","2011-03-17 12:18:00",1,1,2,112,Hibernating
14264,155,2,333.97,"2011-04-08 12:20:00","2011-07-08 10:20:00",2,3,2,232,"Cant Lose Them"
15918,191,2,334.23,"2011-03-13 15:55:00","2011-06-02 11:42:00",1,3,2,132,"Cant Lose Them"
12350,311,1,334.40,"2011-02-02 16:01:00","2011-02-02 16:01:00",1,1,2,112,Hibernating
17221,8,2,334.48,"2011-11-03 17:39:00","2011-12-02 13:35:00",5,2,2,522,"New Customers"
15466,86,1,334.53,"2011-09-15 14:08:00","2011-09-15 14:08:00",2,2,2,222,Hibernating
14988,212,1,334.54,"2011-05-12 12:05:00","2011-05-12 12:05:00",1,1,2,112,Hibernating
12489,337,1,334.93,"2011-01-07 13:13:00","2011-01-07 13:13:00",1,1,2,112,Hibernating
17917,46,3,335.03,"2010-12-12 12:08:00","2011-10-25 13:20:00",3,4,2,342,"Loyal Customers"
16063,261,1,335.32,"2011-03-24 14:55:00","2011-03-24 14:56:00",1,1,2,112,Hibernating
14196,107,1,335.52,"2011-08-25 10:25:00","2011-08-25 10:25:00",2,2,2,222,Hibernating
18276,44,1,335.86,"2011-10-27 10:54:00","2011-10-27 10:54:00",3,2,2,322,"Needs Attention"
18078,218,2,336.13,"2011-03-25 15:08:00","2011-05-06 14:32:00",1,3,2,132,"Cant Lose Them"
15619,11,1,336.40,"2011-11-29 08:14:00","2011-11-29 08:14:00",5,1,2,512,"New Customers"
17384,20,2,336.40,"2011-05-04 16:07:00","2011-11-20 15:48:00",4,2,2,422,"New Customers"
16105,249,1,336.96,"2011-04-05 10:13:00","2011-04-05 10:13:00",1,1,2,112,Hibernating
17973,52,1,337.04,"2011-10-19 10:34:00","2011-10-19 10:34:00",3,2,2,322,"Needs Attention"
15900,24,1,337.28,"2011-11-16 12:19:00","2011-11-16 12:19:00",4,1,2,412,"New Customers"
13930,58,2,337.34,"2011-07-26 11:00:00","2011-10-13 09:45:00",3,3,2,332,"Loyal Customers"
15942,134,1,337.44,"2011-07-29 09:01:00","2011-07-29 09:01:00",2,2,2,222,Hibernating
15652,92,1,337.74,"2011-09-09 14:22:00","2011-09-09 14:22:00",2,2,2,222,Hibernating
13569,18,2,338.62,"2010-12-07 12:29:00","2011-11-22 13:07:00",4,2,2,422,"New Customers"
16183,68,1,338.71,"2011-10-03 14:59:00","2011-10-03 14:59:00",3,2,2,322,"Needs Attention"
17697,237,1,338.95,"2011-04-17 15:40:00","2011-04-17 15:40:00",1,1,2,112,Hibernating
16545,165,1,339.30,"2011-06-28 10:37:00","2011-06-28 10:37:00",2,1,2,212,Hibernating
17045,114,3,339.44,"2011-04-06 12:08:00","2011-08-18 17:09:00",2,4,2,242,"Cant Lose Them"
13737,201,1,339.60,"2011-05-23 16:32:00","2011-05-23 16:32:00",1,1,2,112,Hibernating
15115,19,1,340.11,"2011-11-21 14:59:00","2011-11-21 14:59:00",4,1,2,412,"New Customers"
14491,176,2,340.93,"2010-12-02 12:10:00","2011-06-17 15:22:00",2,3,2,232,"Cant Lose Them"
13347,71,1,341.36,"2011-09-30 13:28:00","2011-09-30 13:28:00",3,2,2,322,"Needs Attention"
16826,52,1,341.70,"2011-10-19 14:05:00","2011-10-19 14:05:00",3,2,2,322,"Needs Attention"
17835,3,3,342.24,"2011-11-16 16:30:00","2011-12-07 11:48:00",5,3,2,532,"Loyal Customers"
16851,5,3,342.45,"2011-10-19 09:48:00","2011-12-05 13:32:00",5,3,2,532,"Loyal Customers"
17795,180,2,342.83,"2011-03-20 12:02:00","2011-06-13 12:36:00",2,3,2,232,"Cant Lose Them"
12875,144,2,343.23,"2010-12-12 12:03:00","2011-07-19 15:30:00",2,3,2,232,"Cant Lose Them"
12715,107,1,343.36,"2011-08-25 15:22:00","2011-08-25 15:22:00",2,2,2,222,Hibernating
18081,37,3,343.45,"2011-07-29 11:56:00","2011-11-03 16:30:00",3,4,2,342,"Loyal Customers"
15520,2,1,343.50,"2011-12-08 10:58:00","2011-12-08 10:58:00",5,1,2,512,"New Customers"
15047,270,1,343.62,"2011-03-15 10:49:00","2011-03-15 10:49:00",1,1,2,112,Hibernating
13068,11,2,344.00,"2011-01-24 08:20:00","2011-11-29 15:00:00",5,2,2,522,"New Customers"
17569,333,1,344.14,"2011-01-11 14:15:00","2011-01-11 14:15:00",1,1,2,112,Hibernating
16978,78,1,344.33,"2011-09-23 12:50:00","2011-09-23 12:50:00",2,2,2,222,Hibernating
14633,267,1,344.90,"2011-03-18 17:07:00","2011-03-18 17:07:00",1,1,2,112,Hibernating
13774,82,1,345.00,"2011-09-19 12:06:00","2011-09-19 12:06:00",2,2,2,222,Hibernating
17123,162,1,345.30,"2011-07-01 10:47:00","2011-07-01 10:47:00",2,1,2,212,Hibernating
15781,26,3,345.46,"2011-02-07 09:15:00","2011-11-14 14:57:00",4,3,2,432,"Loyal Customers"
13091,29,1,345.82,"2011-11-11 15:54:00","2011-11-11 15:54:00",4,1,2,412,"New Customers"
16423,25,1,346.12,"2011-11-15 09:21:00","2011-11-15 09:21:00",4,1,2,412,"New Customers"
13649,257,2,346.60,"2010-12-08 14:46:00","2011-03-28 11:51:00",1,3,2,132,"Cant Lose Them"
13062,192,1,346.98,"2011-06-01 15:12:00","2011-06-01 15:12:00",1,1,2,112,Hibernating
18127,20,3,347.08,"2011-07-29 10:06:00","2011-11-20 14:05:00",4,3,2,432,"Loyal Customers"
17668,2,2,347.75,"2011-11-01 14:45:00","2011-12-08 13:25:00",5,2,2,522,"New Customers"
13497,283,2,348.05,"2010-12-06 11:37:00","2011-03-02 09:04:00",1,3,2,132,"Cant Lose Them"
14379,45,2,348.10,"2011-02-17 15:03:00","2011-10-26 16:43:00",3,3,2,332,"Loyal Customers"
13052,213,1,348.15,"2011-05-11 14:12:00","2011-05-11 14:12:00",1,1,2,112,Hibernating
16159,282,1,348.20,"2011-03-03 12:27:00","2011-03-03 12:27:00",1,1,2,112,Hibernating
12527,82,3,348.71,"2011-01-18 12:05:00","2011-09-19 11:55:00",2,4,2,242,"Cant Lose Them"
13790,5,1,348.80,"2011-12-05 15:48:00","2011-12-05 15:48:00",5,1,2,512,"New Customers"
17252,117,2,348.91,"2011-06-06 16:41:00","2011-08-15 09:45:00",2,3,2,232,"Cant Lose Them"
13927,75,1,348.99,"2011-09-26 12:00:00","2011-09-26 12:00:00",2,2,2,222,Hibernating
15405,190,1,349.10,"2011-06-03 14:44:00","2011-06-03 14:44:00",1,1,2,112,Hibernating
18250,311,1,349.27,"2011-02-02 13:16:00","2011-02-02 13:16:00",1,1,2,112,Hibernating
13887,205,1,349.55,"2011-05-19 17:22:00","2011-05-19 17:22:00",1,1,2,112,Hibernating
13670,76,1,349.70,"2011-09-25 15:25:00","2011-09-25 15:25:00",2,2,2,222,Hibernating
12532,31,1,349.83,"2011-11-09 13:47:00","2011-11-09 13:47:00",4,2,2,422,"New Customers"
13108,373,1,350.06,"2010-12-02 10:35:00","2010-12-02 10:35:00",1,1,2,112,Hibernating
13740,241,1,350.75,"2011-04-13 10:32:00","2011-04-13 10:32:00",1,1,2,112,Hibernating
15334,157,3,350.82,"2011-06-19 13:51:00","2011-07-06 11:22:00",2,4,2,242,"Cant Lose Them"
13332,15,1,350.90,"2011-11-25 13:30:00","2011-11-25 13:30:00",4,1,2,412,"New Customers"
13923,54,1,351.13,"2011-10-17 12:33:00","2011-10-17 12:33:00",3,2,2,322,"Needs Attention"
15789,359,1,351.30,"2010-12-16 14:35:00","2010-12-16 14:35:00",1,1,2,112,Hibernating
15870,33,1,351.44,"2011-11-07 10:58:00","2011-11-07 10:58:00",3,2,2,322,"Needs Attention"
12566,87,1,351.65,"2011-09-14 14:30:00","2011-09-14 14:30:00",2,2,2,222,Hibernating
15901,17,3,351.73,"2011-07-08 12:18:00","2011-11-23 12:43:00",4,3,2,432,"Loyal Customers"
16274,374,1,351.75,"2010-12-01 15:35:00","2010-12-01 15:35:00",1,1,2,112,Hibernating
18112,13,2,352.69,"2011-06-26 13:56:00","2011-11-27 14:43:00",5,2,2,522,"New Customers"
15678,53,1,352.70,"2011-10-18 09:25:00","2011-10-18 09:25:00",3,2,2,322,"Needs Attention"
12617,30,1,352.98,"2011-11-10 14:39:00","2011-11-10 14:39:00",4,2,2,422,"New Customers"
14804,9,1,353.27,"2011-12-01 11:20:00","2011-12-01 11:20:00",5,1,2,512,"New Customers"
13343,178,1,353.43,"2011-06-15 12:24:00","2011-06-15 12:24:00",2,1,2,212,Hibernating
13210,94,1,353.48,"2011-09-07 08:18:00","2011-09-07 08:18:00",2,2,2,222,Hibernating
13173,5,2,353.65,"2010-12-07 14:30:00","2011-12-05 15:51:00",5,2,2,522,"New Customers"
12845,268,4,354.09,"2011-02-22 14:10:00","2011-03-17 13:34:00",1,4,2,142,"Cant Lose Them"
12888,215,2,354.12,"2011-03-29 14:31:00","2011-05-09 16:02:00",1,3,2,132,"Cant Lose Them"
14690,45,2,355.05,"2011-07-11 11:58:00","2011-10-26 15:39:00",3,3,2,332,"Loyal Customers"
17742,114,2,355.11,"2011-01-11 10:04:00","2011-08-18 15:28:00",2,3,2,232,"Cant Lose Them"
14537,58,1,355.56,"2011-10-13 10:54:00","2011-10-13 10:54:00",3,2,2,322,"Needs Attention"
15840,59,2,355.56,"2011-06-20 11:42:00","2011-10-12 09:08:00",3,3,2,332,"Loyal Customers"
16372,34,2,355.73,"2011-11-06 12:50:00","2011-11-06 13:08:00",3,3,2,332,"Loyal Customers"
15247,123,1,356.00,"2011-08-09 12:52:00","2011-08-09 12:52:00",2,2,2,222,Hibernating
15713,144,2,356.70,"2010-12-08 15:16:00","2011-07-19 13:34:00",2,3,2,232,"Cant Lose Them"
14500,89,3,356.85,"2011-06-03 10:08:00","2011-09-12 16:45:00",2,4,2,242,"Cant Lose Them"
13453,166,2,356.98,"2011-02-23 09:44:00","2011-06-27 09:34:00",2,3,2,232,"Cant Lose Them"
18040,20,2,357.20,"2011-04-08 08:27:00","2011-11-20 14:20:00",4,2,2,422,"New Customers"
16971,39,1,357.21,"2011-11-01 15:06:00","2011-11-01 15:06:00",3,2,2,322,"Needs Attention"
17025,61,3,357.77,"2010-12-01 15:45:00","2011-10-10 09:06:00",3,4,2,342,"Loyal Customers"
13976,207,1,357.98,"2011-05-17 09:13:00","2011-05-17 09:13:00",1,1,2,112,Hibernating
13228,82,1,358.00,"2011-09-19 14:28:00","2011-09-19 14:28:00",2,2,2,222,Hibernating
16823,228,1,358.38,"2011-04-26 15:00:00","2011-04-26 15:00:00",1,1,2,112,Hibernating
17948,148,1,358.56,"2011-07-15 12:58:00","2011-07-15 12:58:00",2,2,2,222,Hibernating
15120,134,1,358.82,"2011-07-29 09:48:00","2011-07-29 09:48:00",2,2,2,222,Hibernating
13298,2,1,360.00,"2011-12-08 13:11:00","2011-12-08 13:11:00",5,1,2,512,"New Customers"
13780,8,2,360.01,"2011-06-22 11:43:00","2011-12-02 13:49:00",5,2,2,522,"New Customers"
16595,62,1,360.16,"2011-10-09 13:15:00","2011-10-09 13:15:00",3,2,2,322,"Needs Attention"
17358,304,2,360.81,"2010-12-19 14:16:00","2011-02-09 16:57:00",1,3,2,132,"Cant Lose Them"
13291,156,1,361.11,"2011-07-07 10:36:00","2011-07-07 10:36:00",2,2,2,222,Hibernating
16305,139,1,361.22,"2011-07-24 12:18:00","2011-07-24 12:18:00",2,2,2,222,Hibernating
16769,261,1,361.54,"2011-03-24 13:41:00","2011-03-24 13:41:00",1,1,2,112,Hibernating
13844,12,1,361.62,"2011-11-28 13:21:00","2011-11-28 13:21:00",5,1,2,512,"New Customers"
15025,34,1,361.96,"2011-11-06 15:20:00","2011-11-06 15:20:00",3,2,2,322,"Needs Attention"
16052,55,1,362.06,"2011-10-16 15:13:00","2011-10-16 15:13:00",3,2,2,322,"Needs Attention"
16378,248,3,362.95,"2011-02-02 12:42:00","2011-04-06 15:07:00",1,3,2,132,"Cant Lose Them"
16903,30,1,363.20,"2011-11-10 15:32:00","2011-11-10 15:32:00",4,2,2,422,"New Customers"
14594,8,2,363.33,"2010-12-01 13:54:00","2011-12-02 13:28:00",5,2,2,522,"New Customers"
14427,51,2,363.34,"2011-10-07 09:10:00","2011-10-20 14:23:00",3,3,2,332,"Loyal Customers"
14932,366,1,363.53,"2010-12-09 11:48:00","2010-12-09 11:48:00",1,1,2,112,Hibernating
18056,289,1,363.65,"2011-02-24 14:27:00","2011-02-24 14:27:00",1,1,2,112,Hibernating
16485,78,1,363.65,"2011-09-23 15:50:00","2011-09-23 15:50:00",2,2,2,222,Hibernating
12915,149,2,363.65,"2010-12-02 12:33:00","2011-07-14 11:34:00",2,3,2,232,"Cant Lose Them"
16509,297,1,363.70,"2011-02-16 09:25:00","2011-02-16 09:25:00",1,1,2,112,Hibernating
14171,99,1,363.79,"2011-09-02 16:43:00","2011-09-02 16:43:00",2,2,2,222,Hibernating
17330,23,2,363.90,"2011-10-03 11:26:00","2011-11-17 08:56:00",4,2,2,422,"New Customers"
12538,30,1,363.95,"2011-11-10 17:16:00","2011-11-10 17:16:00",4,2,2,422,"New Customers"
14528,38,1,364.22,"2011-11-02 17:09:00","2011-11-02 17:09:00",3,2,2,322,"Needs Attention"
15343,88,1,364.50,"2011-09-13 13:55:00","2011-09-13 13:55:00",2,2,2,222,Hibernating
12373,312,1,364.60,"2011-02-01 13:10:00","2011-02-01 13:10:00",1,1,2,112,Hibernating
15949,17,2,364.72,"2011-09-29 17:34:00","2011-11-23 09:09:00",4,2,2,422,"New Customers"
14886,253,1,364.80,"2011-04-01 08:56:00","2011-04-01 08:56:00",1,1,2,112,Hibernating
16202,361,1,365.27,"2010-12-14 10:43:00","2010-12-14 10:43:00",1,1,2,112,Hibernating
16499,361,2,365.45,"2010-12-10 10:27:00","2010-12-14 13:31:00",1,3,2,132,"Cant Lose Them"
17432,19,2,365.76,"2011-11-02 17:30:00","2011-11-21 17:33:00",4,2,2,422,"New Customers"
17911,10,1,366.23,"2011-11-30 14:52:00","2011-11-30 14:52:00",5,1,2,512,"New Customers"
18181,25,1,366.85,"2011-11-15 15:08:00","2011-11-15 15:08:00",4,1,2,412,"New Customers"
16065,366,1,367.14,"2010-12-09 13:03:00","2010-12-09 13:03:00",1,1,2,112,Hibernating
17765,159,3,367.63,"2011-03-28 11:58:00","2011-07-04 12:41:00",2,4,2,242,"Cant Lose Them"
14888,208,1,369.20,"2011-05-16 14:58:00","2011-05-16 14:58:00",1,1,2,112,Hibernating
16758,66,1,369.34,"2011-10-05 14:47:00","2011-10-05 14:47:00",3,2,2,322,"Needs Attention"
15922,374,1,369.50,"2010-12-01 13:51:00","2010-12-01 13:51:00",1,1,2,112,Hibernating
15063,214,1,370.80,"2011-05-10 13:25:00","2011-05-10 13:25:00",1,1,2,112,Hibernating
15975,85,1,371.01,"2011-09-16 13:33:00","2011-09-16 13:33:00",2,2,2,222,Hibernating
14950,20,1,371.20,"2011-11-20 13:48:00","2011-11-20 13:48:00",4,1,2,412,"New Customers"
16776,61,1,371.54,"2011-10-10 13:04:00","2011-10-10 13:04:00",3,2,2,322,"Needs Attention"
15472,114,1,371.56,"2011-08-18 15:17:00","2011-08-18 15:17:00",2,2,2,222,Hibernating
18155,76,3,371.62,"2011-02-21 10:36:00","2011-09-25 13:32:00",2,4,2,242,"Cant Lose Them"
13300,170,1,371.89,"2011-06-23 13:09:00","2011-06-23 13:09:00",2,1,2,212,Hibernating
12981,30,2,372.22,"2011-07-29 14:14:00","2011-11-10 12:00:00",4,3,2,432,"Loyal Customers"
12544,37,1,372.70,"2011-11-03 16:15:00","2011-11-03 16:15:00",3,2,2,322,"Needs Attention"
12895,43,2,372.80,"2011-09-14 08:35:00","2011-10-28 13:51:00",3,3,2,332,"Loyal Customers"
16321,73,5,373.65,"2011-01-20 12:11:00","2011-09-28 14:55:00",2,4,2,242,"Cant Lose Them"
13351,67,1,373.94,"2011-10-04 12:55:00","2011-10-04 12:55:00",3,2,2,322,"Needs Attention"
12873,283,1,374.00,"2011-03-02 14:58:00","2011-03-02 14:58:00",1,1,2,112,Hibernating
17492,249,1,374.57,"2011-04-05 15:21:00","2011-04-05 15:21:00",1,1,2,112,Hibernating
14067,64,2,374.70,"2011-09-04 12:00:00","2011-10-07 10:21:00",3,3,2,332,"Loyal Customers"
16147,134,1,375.00,"2011-07-29 09:57:00","2011-07-29 09:57:00",2,2,2,222,Hibernating
14079,125,1,375.10,"2011-08-07 12:10:00","2011-08-07 12:10:00",2,2,2,222,Hibernating
14448,10,2,375.35,"2010-12-10 17:26:00","2011-11-30 13:50:00",5,2,2,522,"New Customers"
16858,369,1,375.69,"2010-12-06 09:52:00","2010-12-06 09:52:00",1,1,2,112,Hibernating
13936,180,1,376.58,"2011-06-13 08:47:00","2011-06-13 08:47:00",1,1,2,112,Hibernating
17489,59,2,376.64,"2011-05-11 11:34:00","2011-10-12 08:56:00",3,3,2,332,"Loyal Customers"
12890,25,1,376.72,"2011-11-15 17:26:00","2011-11-15 17:26:00",4,1,2,412,"New Customers"
17736,10,3,377.44,"2011-08-18 14:33:00","2011-11-30 15:36:00",5,3,2,532,"Loyal Customers"
17078,37,2,378.20,"2011-11-03 18:49:00","2011-11-03 19:17:00",3,3,2,332,"Loyal Customers"
13372,90,1,378.64,"2011-09-11 12:46:00","2011-09-11 12:46:00",2,2,2,222,Hibernating
16930,27,3,378.89,"2011-10-02 14:25:00","2011-11-13 16:13:00",4,3,2,432,"Loyal Customers"
16909,73,1,379.14,"2011-09-28 16:45:00","2011-09-28 16:45:00",2,2,2,222,Hibernating
15885,93,3,379.35,"2011-02-03 15:28:00","2011-09-08 10:43:00",2,4,2,242,"Cant Lose Them"
17878,44,1,379.45,"2011-10-27 11:24:00","2011-10-27 11:24:00",3,2,2,322,"Needs Attention"
13589,15,2,379.65,"2011-06-13 12:44:00","2011-11-25 12:10:00",4,2,2,422,"New Customers"
13656,165,2,379.65,"2011-01-06 15:42:00","2011-06-28 10:31:00",2,3,2,232,"Cant Lose Them"
16552,243,2,379.73,"2010-12-01 12:36:00","2011-04-11 10:04:00",1,3,2,132,"Cant Lose Them"
14731,48,3,380.02,"2011-05-11 13:06:00","2011-10-23 15:54:00",3,4,2,342,"Loyal Customers"
17936,6,1,380.13,"2011-12-04 13:32:00","2011-12-04 13:32:00",5,1,2,512,"New Customers"
17031,12,2,380.35,"2011-07-08 09:38:00","2011-11-28 10:23:00",5,2,2,522,"New Customers"
17999,38,2,380.39,"2010-12-08 15:17:00","2011-11-02 15:56:00",3,3,2,332,"Loyal Customers"
17138,276,1,380.50,"2011-03-09 11:54:00","2011-03-09 11:54:00",1,1,2,112,Hibernating
17573,30,3,380.60,"2011-09-07 10:36:00","2011-11-10 13:01:00",4,3,2,432,"Loyal Customers"
12871,85,2,380.64,"2011-05-16 13:32:00","2011-09-16 15:07:00",2,3,2,232,"Cant Lose Them"
15048,66,4,381.00,"2010-12-06 12:15:00","2011-10-05 14:55:00",3,4,2,342,"Loyal Customers"
16441,68,2,381.20,"2011-02-21 17:35:00","2011-10-03 17:48:00",3,3,2,332,"Loyal Customers"
15090,309,1,381.32,"2011-02-04 14:03:00","2011-02-04 14:03:00",1,1,2,112,Hibernating
17250,4,2,381.97,"2011-03-23 16:45:00","2011-12-06 12:15:00",5,2,2,522,"New Customers"
13657,11,2,382.14,"2011-05-22 12:35:00","2011-11-29 12:32:00",5,2,2,522,"New Customers"
17239,313,1,382.50,"2011-01-31 09:41:00","2011-01-31 09:41:00",1,1,2,112,Hibernating
13817,30,2,382.98,"2010-12-23 11:46:00","2011-11-10 17:49:00",4,3,2,432,"Loyal Customers"
12832,33,2,383.03,"2011-09-02 13:48:00","2011-11-07 13:30:00",4,3,2,432,"Loyal Customers"
15424,255,2,383.34,"2011-03-30 13:00:00","2011-03-30 13:02:00",1,3,2,132,"Cant Lose Them"
14304,223,1,383.45,"2011-05-01 11:50:00","2011-05-01 11:50:00",1,1,2,112,Hibernating
15440,55,3,383.68,"2011-05-15 11:30:00","2011-10-16 12:16:00",3,4,2,342,"Loyal Customers"
12515,354,1,383.70,"2010-12-21 15:43:00","2010-12-21 15:43:00",1,1,2,112,Hibernating
17189,107,2,383.75,"2010-12-15 17:28:00","2011-08-25 19:39:00",2,3,2,232,"Cant Lose Them"
13833,160,1,383.85,"2011-07-03 13:27:00","2011-07-03 13:27:00",2,2,2,222,Hibernating
12733,235,1,383.95,"2011-04-19 16:19:00","2011-04-19 16:19:00",1,1,2,112,Hibernating
16982,61,1,384.06,"2011-10-10 12:28:00","2011-10-10 12:28:00",3,2,2,322,"Needs Attention"
17205,54,1,384.08,"2011-10-17 12:46:00","2011-10-17 12:46:00",3,2,2,322,"Needs Attention"
16204,24,1,384.18,"2011-11-16 13:40:00","2011-11-16 13:40:00",4,1,2,412,"New Customers"
17357,25,2,384.39,"2011-11-15 16:29:00","2011-11-15 16:30:00",4,2,2,422,"New Customers"
13919,60,2,384.81,"2011-08-10 10:15:00","2011-10-11 14:24:00",3,3,2,332,"Loyal Customers"
17711,11,2,385.10,"2011-02-23 11:32:00","2011-11-29 11:40:00",5,2,2,522,"New Customers"
13821,145,2,385.64,"2011-03-23 11:30:00","2011-07-18 09:49:00",2,3,2,232,"Cant Lose Them"
14779,281,3,386.15,"2011-01-20 12:04:00","2011-03-04 12:42:00",1,3,2,132,"Cant Lose Them"
17614,58,1,386.32,"2011-10-13 16:01:00","2011-10-13 16:01:00",3,2,2,322,"Needs Attention"
15664,51,1,386.43,"2011-10-20 10:57:00","2011-10-20 10:57:00",3,2,2,322,"Needs Attention"
14114,274,2,386.53,"2011-01-13 11:05:00","2011-03-11 09:42:00",1,3,2,132,"Cant Lose Them"
17595,13,2,386.69,"2011-11-02 16:19:00","2011-11-27 16:08:00",5,2,2,522,"New Customers"
17508,281,1,387.31,"2011-03-04 08:10:00","2011-03-04 08:10:00",1,1,2,112,Hibernating
13673,19,2,387.44,"2011-11-07 15:40:00","2011-11-21 12:11:00",4,2,2,422,"New Customers"
14420,100,1,387.52,"2011-09-01 18:07:00","2011-09-01 18:07:00",2,2,2,222,Hibernating
17817,5,3,387.68,"2011-03-07 17:30:00","2011-12-05 14:39:00",5,3,2,532,"Loyal Customers"
14538,65,2,388.25,"2011-03-28 14:57:00","2011-10-06 10:31:00",3,3,2,332,"Loyal Customers"
17438,254,1,388.45,"2011-03-31 10:26:00","2011-03-31 10:26:00",1,1,2,112,Hibernating
13856,169,3,388.50,"2011-05-20 13:13:00","2011-06-24 10:03:00",2,3,2,232,"Cant Lose Them"
13899,17,2,388.52,"2011-03-10 09:30:00","2011-11-23 13:40:00",4,2,2,422,"New Customers"
15592,47,1,388.58,"2011-10-24 08:59:00","2011-10-24 08:59:00",3,2,2,322,"Needs Attention"
12690,206,1,389.01,"2011-05-18 09:09:00","2011-05-18 09:09:00",1,1,2,112,Hibernating
15847,39,2,389.27,"2011-02-24 16:46:00","2011-11-01 14:41:00",3,3,2,332,"Loyal Customers"
16250,262,2,389.44,"2010-12-01 09:59:00","2011-03-23 15:07:00",1,3,2,132,"Cant Lose Them"
13345,288,1,389.50,"2011-02-25 09:01:00","2011-02-25 09:01:00",1,1,2,112,Hibernating
13873,120,3,389.60,"2011-02-03 09:37:00","2011-08-12 10:08:00",2,4,2,242,"Cant Lose Them"
14752,44,1,389.64,"2011-10-27 11:55:00","2011-10-27 11:55:00",3,2,2,322,"Needs Attention"
17379,12,1,389.72,"2011-11-28 13:56:00","2011-11-28 13:56:00",5,1,2,512,"New Customers"
18024,153,2,389.78,"2011-07-10 12:28:00","2011-07-10 12:40:00",2,3,2,232,"Cant Lose Them"
12982,243,1,390.54,"2011-04-11 11:51:00","2011-04-11 11:51:00",1,1,2,112,Hibernating
16917,277,1,391.52,"2011-03-08 11:55:00","2011-03-08 11:55:00",1,1,2,112,Hibernating
15837,65,1,391.98,"2011-10-06 09:01:00","2011-10-06 09:01:00",3,2,2,322,"Needs Attention"
16010,246,3,392.40,"2010-12-12 12:18:00","2011-04-08 10:14:00",1,3,2,132,"Cant Lose Them"
14670,281,2,392.86,"2011-03-04 13:58:00","2011-03-04 14:13:00",1,3,2,132,"Cant Lose Them"
14600,306,1,393.33,"2011-02-07 09:48:00","2011-02-07 09:48:00",1,1,2,112,Hibernating
17226,309,1,393.49,"2011-02-04 11:52:00","2011-02-04 11:52:00",1,1,2,112,Hibernating
15345,46,1,393.54,"2011-10-25 11:28:00","2011-10-25 11:28:00",3,2,2,322,"Needs Attention"
15264,65,1,393.74,"2011-10-06 13:49:00","2011-10-06 13:49:00",3,2,2,322,"Needs Attention"
15386,187,1,394.14,"2011-06-06 13:47:00","2011-06-06 13:47:00",1,1,2,112,Hibernating
16207,26,1,394.38,"2011-11-14 13:51:00","2011-11-14 13:51:00",4,1,2,412,"New Customers"
14619,246,1,394.44,"2011-04-08 07:37:00","2011-04-08 07:37:00",1,1,2,112,Hibernating
17603,79,1,394.72,"2011-09-22 14:18:00","2011-09-22 14:18:00",2,2,2,222,Hibernating
16354,64,2,395.80,"2011-09-27 16:28:00","2011-10-07 14:28:00",3,3,2,332,"Loyal Customers"
18067,41,1,396.33,"2011-10-30 15:58:00","2011-10-30 15:58:00",3,2,2,322,"Needs Attention"
15883,3,2,396.48,"2011-11-06 14:50:00","2011-12-07 17:05:00",5,2,2,522,"New Customers"
17486,262,1,396.87,"2011-03-23 14:00:00","2011-03-23 14:00:00",1,1,2,112,Hibernating
13594,53,1,396.97,"2011-10-18 10:19:00","2011-10-18 10:19:00",3,2,2,322,"Needs Attention"
12824,60,1,397.12,"2011-10-11 12:49:00","2011-10-11 12:49:00",3,2,2,322,"Needs Attention"
17926,134,2,397.29,"2011-05-20 09:24:00","2011-07-29 14:39:00",2,3,2,232,"Cant Lose Them"
15429,27,2,397.35,"2011-09-25 13:42:00","2011-11-13 12:28:00",4,2,2,422,"New Customers"
15967,24,2,397.68,"2011-01-25 11:57:00","2011-11-16 15:41:00",4,2,2,422,"New Customers"
12508,27,2,397.88,"2011-11-10 16:27:00","2011-11-13 15:37:00",4,2,2,422,"New Customers"
13352,61,1,397.98,"2011-10-10 13:55:00","2011-10-10 13:55:00",3,2,2,322,"Needs Attention"
15522,33,2,397.99,"2011-09-13 12:26:00","2011-11-07 11:26:00",4,3,2,432,"Loyal Customers"
17830,2,3,398.70,"2011-02-24 10:15:00","2011-12-08 12:28:00",5,3,2,532,"Loyal Customers"
17052,29,1,399.09,"2011-11-11 14:50:00","2011-11-11 14:50:00",4,2,2,422,"New Customers"
18154,4,2,399.19,"2011-10-27 10:40:00","2011-12-06 16:41:00",5,2,2,522,"New Customers"
13255,10,2,399.51,"2010-12-01 11:58:00","2011-11-30 13:14:00",5,2,2,522,"New Customers"
18164,38,1,399.65,"2011-11-02 12:56:00","2011-11-02 12:56:00",3,2,2,322,"Needs Attention"
17375,200,3,400.10,"2010-12-13 15:16:00","2011-05-24 15:45:00",1,3,2,132,"Cant Lose Them"
12792,257,1,400.54,"2011-03-28 11:36:00","2011-03-28 11:36:00",1,1,2,112,Hibernating
16198,76,1,400.68,"2011-09-25 14:58:00","2011-09-25 14:58:00",2,2,2,222,Hibernating
16500,5,6,400.86,"2011-01-13 10:28:00","2011-12-05 12:04:00",5,5,2,552,"Loyal Customers"
15158,46,1,401.40,"2011-10-25 13:53:00","2011-10-25 13:53:00",3,2,2,322,"Needs Attention"
12386,338,2,401.90,"2010-12-08 09:53:00","2011-01-06 12:37:00",1,3,2,132,"Cant Lose Them"
15184,30,2,402.20,"2011-06-02 12:06:00","2011-11-10 13:41:00",4,3,2,432,"Loyal Customers"
18036,33,3,403.12,"2011-04-08 11:26:00","2011-11-07 14:40:00",4,3,2,432,"Loyal Customers"
15221,367,1,403.25,"2010-12-08 13:08:00","2010-12-08 13:08:00",1,1,2,112,Hibernating
17431,314,1,403.30,"2011-01-30 14:36:00","2011-01-30 14:36:00",1,1,2,112,Hibernating
12498,22,3,403.70,"2011-10-13 09:30:00","2011-11-18 12:53:00",4,3,2,432,"Loyal Customers"
16484,174,2,404.30,"2011-06-02 10:39:00","2011-06-19 12:06:00",2,3,2,232,"Cant Lose Them"
16319,218,1,404.40,"2011-05-06 11:27:00","2011-05-06 11:27:00",1,1,2,112,Hibernating
15938,113,5,404.58,"2011-01-20 10:11:00","2011-08-19 12:56:00",2,4,2,242,"Cant Lose Them"
15012,54,2,405.04,"2010-12-01 12:49:00","2011-10-17 12:22:00",3,3,2,332,"Loyal Customers"
12922,162,1,405.38,"2011-07-01 15:35:00","2011-07-01 15:35:00",2,2,2,222,Hibernating
12970,8,4,405.47,"2011-01-21 14:04:00","2011-12-02 14:30:00",5,4,2,542,"Loyal Customers"
14616,243,3,406.08,"2011-01-26 12:42:00","2011-04-11 09:54:00",1,3,2,132,"Cant Lose Them"
15342,130,1,406.09,"2011-08-02 10:19:00","2011-08-02 10:19:00",2,2,2,222,Hibernating
16947,236,1,406.48,"2011-04-18 09:38:00","2011-04-18 09:38:00",1,1,2,112,Hibernating
15127,66,1,406.53,"2011-10-05 10:30:00","2011-10-05 10:30:00",3,2,2,322,"Needs Attention"
16399,20,2,408.02,"2011-04-18 13:46:00","2011-11-20 16:12:00",4,2,2,422,"New Customers"
17931,135,2,408.36,"2011-03-29 12:31:00","2011-07-28 18:33:00",2,3,2,232,"Cant Lose Them"
16324,129,3,408.59,"2011-06-15 14:26:00","2011-08-03 12:58:00",2,4,2,242,"Cant Lose Them"
16629,74,2,408.63,"2011-09-04 16:12:00","2011-09-27 10:34:00",2,3,2,232,"Cant Lose Them"
17913,59,2,408.65,"2010-12-19 11:35:00","2011-10-12 10:45:00",3,3,2,332,"Loyal Customers"
15269,24,1,408.80,"2011-11-16 09:32:00","2011-11-16 09:32:00",4,1,2,412,"New Customers"
16018,40,2,408.90,"2011-06-12 13:52:00","2011-10-31 14:13:00",3,3,2,332,"Loyal Customers"
16243,34,2,409.10,"2011-10-16 12:09:00","2011-11-06 12:32:00",3,3,2,332,"Loyal Customers"
15225,235,1,409.40,"2011-04-19 14:51:00","2011-04-19 14:51:00",1,1,2,112,Hibernating
12990,32,3,409.50,"2011-02-02 15:39:00","2011-11-08 13:01:00",4,3,2,432,"Loyal Customers"
14348,261,1,409.57,"2011-03-24 16:23:00","2011-03-24 16:23:00",1,1,2,112,Hibernating
13827,58,3,409.80,"2011-07-19 15:38:00","2011-10-13 12:38:00",3,4,2,342,"Loyal Customers"
14048,306,1,409.93,"2011-02-07 14:53:00","2011-02-07 14:53:00",1,1,2,112,Hibernating
15695,267,2,409.98,"2011-03-18 08:31:00","2011-03-18 08:32:00",1,3,2,132,"Cant Lose Them"
15099,85,1,410.48,"2011-09-16 13:13:00","2011-09-16 13:13:00",2,2,2,222,Hibernating
15186,15,2,411.41,"2011-06-24 14:54:00","2011-11-25 14:58:00",4,2,2,422,"New Customers"
16272,117,1,411.70,"2011-08-15 10:53:00","2011-08-15 10:54:00",2,2,2,222,Hibernating
15523,85,1,412.01,"2011-09-16 16:29:00","2011-09-16 16:29:00",2,2,2,222,Hibernating
14620,206,2,412.78,"2011-03-01 08:30:00","2011-05-18 11:58:00",1,3,2,132,"Cant Lose Them"
17134,107,2,413.20,"2011-03-20 11:56:00","2011-08-25 09:53:00",2,3,2,232,"Cant Lose Them"
16834,228,1,413.46,"2011-04-26 09:37:00","2011-04-26 09:37:00",1,1,2,112,Hibernating
13974,50,1,413.59,"2011-10-21 14:41:00","2011-10-21 14:41:00",3,2,2,322,"Needs Attention"
17483,66,3,414.04,"2011-06-09 19:40:00","2011-10-05 13:10:00",3,4,2,342,"Loyal Customers"
16239,57,2,414.20,"2011-06-03 09:30:00","2011-10-14 08:29:00",3,3,2,332,"Loyal Customers"
15994,55,1,414.27,"2011-10-16 12:28:00","2011-10-16 12:28:00",3,2,2,322,"Needs Attention"
12993,24,4,414.76,"2011-02-14 14:29:00","2011-11-16 15:49:00",4,4,2,442,"Loyal Customers"
14998,171,2,414.87,"2011-04-12 16:28:00","2011-06-22 17:30:00",2,3,2,232,"Cant Lose Them"
16795,366,1,414.88,"2010-12-09 14:08:00","2010-12-09 14:08:00",1,1,2,112,Hibernating
18001,13,2,415.13,"2011-09-14 11:21:00","2011-11-27 16:02:00",5,2,2,522,"New Customers"
14333,68,1,415.20,"2011-10-03 10:38:00","2011-10-03 10:38:00",3,2,2,322,"Needs Attention"
15725,16,1,415.25,"2011-11-24 14:51:00","2011-11-24 14:51:00",4,1,2,412,"New Customers"
12580,247,1,415.70,"2011-04-07 10:24:00","2011-04-07 10:24:00",1,1,2,112,Hibernating
12930,79,2,415.80,"2011-06-21 13:25:00","2011-09-22 15:18:00",2,3,2,232,"Cant Lose Them"
14139,47,1,415.82,"2011-10-24 13:34:00","2011-10-24 13:34:00",3,2,2,322,"Needs Attention"
15803,52,1,415.82,"2011-10-19 14:56:00","2011-10-19 14:56:00",3,2,2,322,"Needs Attention"
13085,158,2,416.08,"2011-02-17 13:57:00","2011-07-05 12:11:00",2,3,2,232,"Cant Lose Them"
16957,240,2,416.64,"2011-03-03 09:25:00","2011-04-14 13:56:00",1,3,2,132,"Cant Lose Them"
15935,240,2,416.86,"2011-04-12 09:35:00","2011-04-14 13:27:00",1,3,2,132,"Cant Lose Them"
17223,311,2,416.89,"2010-12-06 14:08:00","2011-02-02 15:57:00",1,3,2,132,"Cant Lose Them"
13889,93,1,416.90,"2011-09-08 09:13:00","2011-09-08 09:13:00",2,2,2,222,Hibernating
16816,104,4,417.06,"2010-12-16 17:01:00","2011-08-28 14:16:00",2,4,2,242,"Cant Lose Them"
13166,284,1,417.20,"2011-03-01 15:16:00","2011-03-01 15:16:00",1,1,2,112,Hibernating
17392,307,2,417.27,"2010-12-16 19:04:00","2011-02-06 12:48:00",1,3,2,132,"Cant Lose Them"
12833,146,1,417.38,"2011-07-17 13:46:00","2011-07-17 13:46:00",2,2,2,222,Hibernating
16737,54,1,417.60,"2011-10-17 13:03:00","2011-10-17 13:03:00",3,2,2,322,"Needs Attention"
13615,319,1,417.69,"2011-01-25 08:21:00","2011-01-25 08:21:00",1,1,2,112,Hibernating
17232,3,2,417.77,"2011-11-25 12:24:00","2011-12-07 12:21:00",5,2,2,522,"New Customers"
17701,253,1,417.95,"2011-04-01 12:25:00","2011-04-01 12:25:00",1,1,2,112,Hibernating
12593,109,3,418.10,"2011-05-05 09:29:00","2011-08-23 12:43:00",2,4,2,242,"Cant Lose Them"
17371,18,3,418.40,"2010-12-13 15:20:00","2011-11-22 13:30:00",4,3,2,432,"Loyal Customers"
18034,22,2,418.68,"2011-11-18 12:08:00","2011-11-18 12:22:00",4,2,2,422,"New Customers"
15361,362,1,418.92,"2010-12-13 09:52:00","2010-12-13 09:52:00",1,1,2,112,Hibernating
14124,85,1,419.58,"2011-09-16 13:32:00","2011-09-16 13:32:00",2,2,2,222,Hibernating
15889,157,2,420.07,"2010-12-05 15:12:00","2011-07-06 11:10:00",2,3,2,232,"Cant Lose Them"
15206,11,4,420.30,"2011-03-09 08:59:00","2011-11-29 13:41:00",5,4,2,542,"Loyal Customers"
14757,76,1,420.50,"2011-09-25 14:36:00","2011-09-25 14:36:00",2,2,2,222,Hibernating
18106,330,1,421.90,"2011-01-14 12:23:00","2011-01-14 12:23:00",1,1,2,112,Hibernating
16780,101,2,422.24,"2011-03-25 17:34:00","2011-08-31 16:09:00",2,3,2,232,"Cant Lose Them"
13140,109,3,422.47,"2010-12-08 15:12:00","2011-08-23 15:33:00",2,4,2,242,"Cant Lose Them"
18240,47,1,422.58,"2011-10-24 13:06:00","2011-10-24 13:06:00",3,2,2,322,"Needs Attention"
16689,76,2,422.60,"2011-09-18 13:29:00","2011-09-25 11:39:00",2,3,2,232,"Cant Lose Them"
13473,61,2,422.64,"2011-01-11 08:45:00","2011-10-10 11:20:00",3,3,2,332,"Loyal Customers"
17525,360,1,422.70,"2010-12-15 12:05:00","2010-12-15 12:05:00",1,1,2,112,Hibernating
16119,9,2,423.36,"2011-09-28 10:15:00","2011-12-01 15:11:00",5,2,2,522,"New Customers"
14157,20,2,424.89,"2011-02-27 13:04:00","2011-11-20 11:32:00",4,2,2,422,"New Customers"
15639,135,1,425.32,"2011-07-28 14:30:00","2011-07-28 14:30:00",2,2,2,222,Hibernating
14288,214,1,426.60,"2011-05-10 13:22:00","2011-05-10 13:22:00",1,1,2,112,Hibernating
15930,68,1,426.63,"2011-10-03 14:52:00","2011-10-03 14:52:00",3,2,2,322,"Needs Attention"
12802,187,1,427.58,"2011-06-06 09:36:00","2011-06-06 09:36:00",1,1,2,112,Hibernating
12740,64,1,427.60,"2011-10-07 10:44:00","2011-10-07 10:44:00",3,2,2,322,"Needs Attention"
15976,166,2,427.64,"2011-05-03 17:12:00","2011-06-27 13:00:00",2,3,2,232,"Cant Lose Them"
12403,50,1,427.70,"2011-10-21 10:51:00","2011-10-21 10:51:00",3,2,2,322,"Needs Attention"
12725,372,1,427.80,"2010-12-03 15:45:00","2010-12-03 15:45:00",1,1,2,112,Hibernating
15360,40,1,427.93,"2011-10-31 09:35:00","2011-10-31 09:35:00",3,2,2,322,"Needs Attention"
17869,108,5,428.18,"2010-12-06 17:16:00","2011-08-24 16:16:00",2,4,2,242,"Cant Lose Them"
15957,32,1,428.89,"2011-11-08 12:14:00","2011-11-08 12:14:00",4,2,2,422,"New Customers"
13602,65,1,428.89,"2011-10-06 11:47:00","2011-10-06 11:47:00",3,2,2,322,"Needs Attention"
15553,61,1,428.93,"2011-10-10 14:02:00","2011-10-10 14:02:00",3,2,2,322,"Needs Attention"
15036,73,3,429.56,"2011-06-13 12:19:00","2011-09-28 15:42:00",2,4,2,242,"Cant Lose Them"
15230,240,2,429.60,"2011-04-13 11:04:00","2011-04-14 14:39:00",1,3,2,132,"Cant Lose Them"
15450,31,1,429.84,"2011-11-09 17:11:00","2011-11-09 17:11:00",4,2,2,422,"New Customers"
16884,38,2,429.84,"2011-11-02 10:16:00","2011-11-02 11:52:00",3,3,2,332,"Loyal Customers"
12827,6,3,430.15,"2011-10-26 15:44:00","2011-12-04 12:17:00",5,3,2,532,"Loyal Customers"
12795,19,1,430.48,"2011-11-21 10:27:00","2011-11-21 10:27:00",4,1,2,412,"New Customers"
13245,51,1,430.50,"2011-10-20 11:40:00","2011-10-20 11:40:00",3,2,2,322,"Needs Attention"
12452,17,2,430.57,"2011-11-23 08:05:00","2011-11-23 10:28:00",4,2,2,422,"New Customers"
16881,67,1,432.00,"2011-10-04 10:33:00","2011-10-04 10:33:00",3,2,2,322,"Needs Attention"
16236,79,1,432.20,"2011-09-22 14:10:00","2011-09-22 14:10:00",2,2,2,222,Hibernating
17035,246,2,433.53,"2011-02-01 12:27:00","2011-04-08 11:23:00",1,3,2,132,"Cant Lose Them"
12493,166,2,433.74,"2011-05-26 14:53:00","2011-06-27 10:17:00",2,3,2,232,"Cant Lose Them"
14093,13,1,433.86,"2011-11-27 16:27:00","2011-11-27 16:27:00",5,1,2,512,"New Customers"
14460,111,3,434.34,"2011-02-02 11:55:00","2011-08-21 14:19:00",2,4,2,242,"Cant Lose Them"
14910,3,4,434.35,"2011-10-16 11:06:00","2011-12-07 10:06:00",5,4,2,542,"Loyal Customers"
15456,284,3,434.59,"2010-12-15 15:34:00","2011-03-01 13:51:00",1,3,2,132,"Cant Lose Them"
16948,139,3,435.02,"2011-01-18 10:58:00","2011-07-24 12:46:00",2,4,2,242,"Cant Lose Them"
15551,37,1,436.06,"2011-11-03 12:37:00","2011-11-03 12:37:00",3,2,2,322,"Needs Attention"
16084,300,1,436.18,"2011-02-13 16:05:00","2011-02-13 16:05:00",1,1,2,112,Hibernating
12592,93,2,437.60,"2011-05-10 13:44:00","2011-09-08 15:04:00",2,3,2,232,"Cant Lose Them"
16034,197,3,437.70,"2011-01-11 11:54:00","2011-05-27 16:17:00",1,3,2,132,"Cant Lose Them"
12552,39,2,437.82,"2011-10-31 12:11:00","2011-11-01 10:02:00",3,3,2,332,"Loyal Customers"
14272,74,2,437.96,"2011-03-30 13:57:00","2011-09-27 10:08:00",2,3,2,232,"Cant Lose Them"
13358,269,1,439.03,"2011-03-16 11:52:00","2011-03-16 11:52:00",1,1,2,112,Hibernating
16968,5,2,439.43,"2011-08-24 10:51:00","2011-12-05 15:02:00",5,2,2,522,"New Customers"
13359,64,1,439.56,"2011-10-07 09:30:00","2011-10-07 09:30:00",3,2,2,322,"Needs Attention"
12391,22,1,439.66,"2011-11-18 12:07:00","2011-11-18 12:07:00",4,1,2,412,"New Customers"
16025,30,1,439.66,"2011-11-10 11:45:00","2011-11-10 11:45:00",4,2,2,422,"New Customers"
13954,2,2,439.92,"2011-09-30 10:52:00","2011-12-08 12:50:00",5,2,2,522,"New Customers"
14022,226,1,440.00,"2011-04-28 14:39:00","2011-04-28 14:39:00",1,1,2,112,Hibernating
18233,326,1,440.00,"2011-01-18 08:44:00","2011-01-18 08:44:00",1,1,2,112,Hibernating
15524,25,1,440.00,"2011-11-15 12:09:00","2011-11-15 12:09:00",4,1,2,412,"New Customers"
12579,79,1,440.42,"2011-09-22 17:15:00","2011-09-22 17:15:00",2,2,2,222,Hibernating
18222,93,1,443.00,"2011-09-08 10:45:00","2011-09-08 10:45:00",2,2,2,222,Hibernating
16404,71,1,443.05,"2011-09-30 14:55:00","2011-09-30 14:55:00",3,2,2,322,"Needs Attention"
14638,51,1,443.60,"2011-10-20 10:10:00","2011-10-20 10:10:00",3,2,2,322,"Needs Attention"
18006,24,1,444.68,"2011-11-16 16:52:00","2011-11-16 16:52:00",4,1,2,412,"New Customers"
17190,59,2,444.74,"2011-05-16 15:29:00","2011-10-12 11:33:00",3,3,2,332,"Loyal Customers"
17370,73,4,446.18,"2011-06-23 11:50:00","2011-09-28 10:14:00",2,4,2,242,"Cant Lose Them"
14149,221,1,446.62,"2011-05-03 09:44:00","2011-05-03 09:44:00",1,1,2,112,Hibernating
15368,22,1,446.94,"2011-11-18 14:42:00","2011-11-18 14:42:00",4,1,2,412,"New Customers"
15646,158,3,447.64,"2010-12-02 16:59:00","2011-07-05 09:53:00",2,4,2,242,"Cant Lose Them"
14780,55,2,447.68,"2011-09-21 15:15:00","2011-10-16 12:46:00",3,3,2,332,"Loyal Customers"
17579,5,3,448.90,"2011-06-13 14:12:00","2011-12-05 12:28:00",5,3,2,532,"Loyal Customers"
15739,67,1,449.12,"2011-10-04 13:42:00","2011-10-04 13:42:00",3,2,2,322,"Needs Attention"
12448,45,1,449.45,"2011-10-26 13:46:00","2011-10-26 13:46:00",3,2,2,322,"Needs Attention"
13489,106,4,449.52,"2011-02-18 10:42:00","2011-08-26 13:16:00",2,4,2,242,"Cant Lose Them"
17040,138,1,449.73,"2011-07-25 10:19:00","2011-07-25 10:19:00",2,2,2,222,Hibernating
16885,16,3,450.41,"2010-12-17 17:23:00","2011-11-24 13:40:00",4,3,2,432,"Loyal Customers"
14173,11,4,450.84,"2011-05-04 14:03:00","2011-11-29 11:54:00",5,4,2,542,"Loyal Customers"
15802,143,1,451.42,"2011-07-20 11:38:00","2011-07-20 11:38:00",2,2,2,222,Hibernating
16574,72,1,451.44,"2011-09-29 13:39:00","2011-09-29 13:39:00",2,2,2,222,Hibernating
12591,318,1,452.85,"2011-01-26 14:35:00","2011-01-26 14:35:00",1,1,2,112,Hibernating
14184,67,1,452.89,"2011-10-04 12:43:00","2011-10-04 12:43:00",3,2,2,322,"Needs Attention"
18071,258,2,453.00,"2010-12-09 10:33:00","2011-03-27 11:59:00",1,3,2,132,"Cant Lose Them"
12729,114,1,453.01,"2011-08-18 11:40:00","2011-08-18 11:40:00",2,2,2,222,Hibernating
18158,10,2,453.40,"2011-09-12 09:03:00","2011-11-30 16:19:00",5,2,2,522,"New Customers"
17564,25,3,454.01,"2011-09-20 14:00:00","2011-11-15 13:27:00",4,3,2,432,"Loyal Customers"
15475,78,1,454.11,"2011-09-23 15:20:00","2011-09-23 15:20:00",2,2,2,222,Hibernating
17140,248,1,454.12,"2011-04-06 13:33:00","2011-04-06 13:33:00",1,1,2,112,Hibernating
13485,234,1,454.24,"2011-04-20 13:58:00","2011-04-20 13:58:00",1,1,2,112,Hibernating
15471,3,1,454.48,"2011-12-07 14:12:00","2011-12-07 14:12:00",5,1,2,512,"New Customers"
14335,17,2,454.86,"2011-09-04 13:07:00","2011-11-23 13:41:00",4,2,2,422,"New Customers"
16529,191,1,455.25,"2011-06-02 17:23:00","2011-06-02 17:23:00",1,1,2,112,Hibernating
15585,177,1,455.30,"2011-06-16 08:38:00","2011-06-16 08:38:00",2,1,2,212,Hibernating
14513,101,3,455.59,"2011-02-24 09:36:00","2011-08-31 11:25:00",2,4,2,242,"Cant Lose Them"
12999,197,3,455.88,"2011-04-08 10:26:00","2011-05-27 13:24:00",1,3,2,132,"Cant Lose Them"
12564,262,1,456.90,"2011-03-23 14:55:00","2011-03-23 14:55:00",1,1,2,112,Hibernating
13398,193,1,457.34,"2011-05-31 13:17:00","2011-05-31 13:17:00",1,1,2,112,Hibernating
12375,11,2,457.50,"2011-09-02 14:23:00","2011-11-29 10:36:00",5,2,2,522,"New Customers"
15121,51,2,457.72,"2011-02-24 12:41:00","2011-10-20 14:51:00",3,3,2,332,"Loyal Customers"
15092,216,2,457.81,"2011-03-01 12:24:00","2011-05-08 14:10:00",1,3,2,132,"Cant Lose Them"
13506,317,2,458.52,"2010-12-05 12:15:00","2011-01-27 13:53:00",1,3,2,132,"Cant Lose Them"
15754,52,3,458.57,"2011-04-07 12:24:00","2011-10-19 14:40:00",3,4,2,342,"Loyal Customers"
17880,365,1,458.92,"2010-12-10 10:21:00","2010-12-10 10:21:00",1,1,2,112,Hibernating
16589,72,3,459.24,"2011-07-01 13:31:00","2011-09-29 14:50:00",2,4,2,242,"Cant Lose Them"
12355,215,1,459.40,"2011-05-09 13:49:00","2011-05-09 13:49:00",1,1,2,112,Hibernating
12491,39,1,460.40,"2011-11-01 12:18:00","2011-11-01 12:18:00",3,2,2,322,"Needs Attention"
16805,174,2,460.59,"2010-12-14 13:35:00","2011-06-19 11:23:00",2,3,2,232,"Cant Lose Them"
16824,16,2,460.64,"2011-06-28 13:36:00","2011-11-24 12:38:00",4,2,2,422,"New Customers"
14470,12,2,461.19,"2011-02-25 11:56:00","2011-11-28 10:31:00",5,2,2,522,"New Customers"
14331,125,2,462.66,"2011-07-27 15:14:00","2011-08-07 13:17:00",2,3,2,232,"Cant Lose Them"
12945,289,1,462.95,"2011-02-24 14:15:00","2011-02-24 14:15:00",1,1,2,112,Hibernating
17964,32,2,463.21,"2010-12-02 13:32:00","2011-11-08 10:44:00",4,3,2,432,"Loyal Customers"
14489,208,1,463.38,"2011-05-16 14:51:00","2011-05-16 14:51:00",1,1,2,112,Hibernating
17418,43,2,463.46,"2011-01-20 11:39:00","2011-10-28 13:00:00",3,3,2,332,"Loyal Customers"
12787,10,3,463.66,"2011-05-31 09:36:00","2011-11-30 08:44:00",5,3,2,532,"Loyal Customers"
14967,50,1,463.80,"2011-10-21 11:06:00","2011-10-21 11:06:00",3,2,2,322,"Needs Attention"
15349,159,2,463.91,"2011-06-05 15:46:00","2011-07-04 16:06:00",2,3,2,232,"Cant Lose Them"
16586,249,1,463.95,"2011-04-05 09:32:00","2011-04-05 09:32:00",1,1,2,112,Hibernating
13928,11,4,464.57,"2011-07-29 15:59:00","2011-11-29 10:33:00",5,4,2,542,"Loyal Customers"
16742,47,1,464.90,"2011-10-24 12:02:00","2011-10-24 12:02:00",3,2,2,322,"Needs Attention"
13248,125,2,465.68,"2011-06-03 13:05:00","2011-08-07 12:40:00",2,3,2,232,"Cant Lose Them"
16504,26,1,465.88,"2011-11-14 15:18:00","2011-11-14 15:18:00",4,1,2,412,"New Customers"
14205,17,2,466.70,"2011-03-20 15:07:00","2011-11-23 10:55:00",4,2,2,422,"New Customers"
16374,67,2,466.73,"2011-03-22 13:46:00","2011-10-04 15:21:00",3,3,2,332,"Loyal Customers"
13579,15,2,467.04,"2010-12-05 16:10:00","2011-11-25 08:41:00",4,2,2,422,"New Customers"
15468,52,2,467.51,"2011-10-19 13:38:00","2011-10-19 13:49:00",3,3,2,332,"Loyal Customers"
14029,64,2,467.66,"2011-07-18 16:57:00","2011-10-07 14:46:00",3,3,2,332,"Loyal Customers"
13171,22,3,468.41,"2011-02-13 14:16:00","2011-11-18 10:27:00",4,3,2,432,"Loyal Customers"
14896,205,2,468.77,"2010-12-09 12:24:00","2011-05-19 10:20:00",1,3,2,132,"Cant Lose Them"
15557,29,1,468.91,"2011-11-11 12:46:00","2011-11-11 12:46:00",4,1,2,412,"New Customers"
15026,81,3,469.00,"2011-03-07 13:45:00","2011-09-20 13:52:00",2,4,2,242,"Cant Lose Them"
14431,303,1,470.36,"2011-02-10 10:40:00","2011-02-10 10:40:00",1,1,2,112,Hibernating
15963,20,2,470.76,"2011-10-25 13:05:00","2011-11-20 11:33:00",4,2,2,422,"New Customers"
13066,25,2,470.80,"2011-11-07 17:06:00","2011-11-15 12:57:00",4,2,2,422,"New Customers"
15721,12,1,471.40,"2011-11-28 12:14:00","2011-11-28 12:14:00",5,1,2,512,"New Customers"
16038,8,3,471.78,"2011-05-22 11:29:00","2011-12-02 12:40:00",5,3,2,532,"Loyal Customers"
14013,111,3,473.02,"2011-03-09 08:59:00","2011-08-21 15:01:00",2,4,2,242,"Cant Lose Them"
15780,184,3,475.28,"2010-12-17 11:43:00","2011-06-09 12:01:00",1,3,2,132,"Cant Lose Them"
14497,310,1,475.37,"2011-02-03 17:01:00","2011-02-03 17:01:00",1,1,2,112,Hibernating
14853,25,2,475.80,"2011-05-12 15:17:00","2011-11-15 16:56:00",4,2,2,422,"New Customers"
15507,172,1,475.86,"2011-06-21 11:19:00","2011-06-21 11:19:00",2,1,2,212,Hibernating
18176,359,1,476.35,"2010-12-16 15:45:00","2010-12-16 15:45:00",1,1,2,112,Hibernating
12447,244,1,476.49,"2011-04-10 13:25:00","2011-04-10 13:25:00",1,1,2,112,Hibernating
14320,207,2,477.79,"2011-01-11 09:12:00","2011-05-17 09:24:00",1,3,2,132,"Cant Lose Them"
13092,71,5,477.83,"2010-12-15 12:27:00","2011-09-30 11:18:00",3,4,2,342,"Loyal Customers"
16693,69,2,477.86,"2011-03-13 11:06:00","2011-10-02 11:10:00",3,3,2,332,"Loyal Customers"
12644,130,1,477.91,"2011-08-02 10:33:00","2011-08-02 10:33:00",2,2,2,222,Hibernating
16768,48,3,478.09,"2011-03-13 10:25:00","2011-10-23 10:38:00",3,4,2,342,"Loyal Customers"
15589,256,3,478.53,"2011-02-02 10:46:00","2011-03-29 09:54:00",1,3,2,132,"Cant Lose Them"
16008,24,3,478.78,"2011-05-19 10:54:00","2011-11-16 10:32:00",4,3,2,432,"Loyal Customers"
16812,361,1,479.35,"2010-12-14 12:35:00","2010-12-14 12:35:00",1,1,2,112,Hibernating
16368,3,2,479.91,"2011-11-11 15:08:00","2011-12-07 13:12:00",5,2,2,522,"New Customers"
17555,20,2,480.31,"2011-01-09 12:31:00","2011-11-20 12:22:00",4,2,2,422,"New Customers"
15006,52,1,480.38,"2011-10-19 15:08:00","2011-10-19 15:08:00",3,2,2,322,"Needs Attention"
15091,68,1,480.71,"2011-10-03 12:47:00","2011-10-03 12:47:00",3,2,2,322,"Needs Attention"
14130,320,1,480.91,"2011-01-24 16:05:00","2011-01-24 16:05:00",1,1,2,112,Hibernating
13176,47,1,481.49,"2011-10-24 15:43:00","2011-10-24 15:43:00",3,2,2,322,"Needs Attention"
18216,32,1,481.75,"2011-11-08 16:55:00","2011-11-08 16:55:00",4,2,2,422,"New Customers"
12504,19,2,482.05,"2011-11-09 14:56:00","2011-11-21 16:02:00",4,2,2,422,"New Customers"
17950,73,3,482.20,"2010-12-09 15:16:00","2011-09-28 15:18:00",2,4,2,242,"Cant Lose Them"
16603,75,2,482.47,"2011-09-09 13:02:00","2011-09-26 10:06:00",2,3,2,232,"Cant Lose Them"
14450,181,3,483.25,"2011-01-23 11:53:00","2011-06-12 10:46:00",1,3,2,132,"Cant Lose Them"
14147,79,2,483.40,"2011-02-27 11:42:00","2011-09-22 18:10:00",2,3,2,232,"Cant Lose Them"
12808,37,3,483.65,"2010-12-06 10:27:00","2011-11-03 10:05:00",3,4,2,342,"Loyal Customers"
14958,148,3,483.73,"2011-04-08 11:28:00","2011-07-15 14:20:00",2,4,2,242,"Cant Lose Them"
13531,206,2,483.80,"2010-12-08 15:03:00","2011-05-18 16:56:00",1,3,2,132,"Cant Lose Them"
16518,62,2,484.32,"2011-02-28 16:36:00","2011-10-09 15:04:00",3,3,2,332,"Loyal Customers"
16999,24,2,484.82,"2011-09-26 15:43:00","2011-11-16 13:53:00",4,2,2,422,"New Customers"
15109,246,1,484.95,"2011-04-08 09:58:00","2011-04-08 09:58:00",1,1,2,112,Hibernating
12639,239,1,486.10,"2011-04-15 12:48:00","2011-04-15 12:48:00",1,1,2,112,Hibernating
13153,6,1,486.22,"2011-12-04 12:14:00","2011-12-04 12:14:00",5,1,2,512,"New Customers"
15287,23,2,486.69,"2011-09-30 12:30:00","2011-11-17 15:34:00",4,2,2,422,"New Customers"
17453,18,2,486.72,"2011-10-06 17:02:00","2011-11-22 09:42:00",4,2,2,422,"New Customers"
13675,152,2,486.82,"2011-02-28 12:14:00","2011-07-11 12:57:00",2,3,2,232,"Cant Lose Them"
13338,158,1,487.02,"2011-07-05 09:06:00","2011-07-05 09:06:00",2,2,2,222,Hibernating
16643,246,1,487.51,"2011-04-08 08:24:00","2011-04-08 08:24:00",1,1,2,112,Hibernating
15165,374,1,487.75,"2010-12-01 14:03:00","2010-12-01 14:03:00",1,1,3,113,Lost
14396,66,2,487.99,"2010-12-03 15:19:00","2011-10-05 16:09:00",3,3,3,333,"Loyal Customers"
17361,50,3,488.20,"2011-02-21 09:55:00","2011-10-21 15:43:00",3,4,3,343,"Loyal Customers"
12809,178,1,489.31,"2011-06-15 10:51:00","2011-06-15 10:51:00",2,1,3,213,"Needs Attention"
18074,374,1,489.60,"2010-12-01 09:53:00","2010-12-01 09:53:00",1,1,3,113,Lost
14416,23,2,490.22,"2011-10-28 15:10:00","2011-11-17 15:22:00",4,2,3,423,"New Customers"
15877,2,2,490.33,"2011-11-22 11:18:00","2011-12-08 11:53:00",5,2,3,523,"New Customers"
15000,48,1,490.52,"2011-10-23 11:42:00","2011-10-23 11:42:00",3,2,3,323,"Potential Loyalist"
14236,81,2,490.86,"2010-12-02 18:49:00","2011-09-20 09:13:00",2,3,3,233,"Cant Lose Them"
13732,29,1,491.86,"2011-11-11 15:49:00","2011-11-11 15:49:00",4,1,3,413,"New Customers"
14270,332,1,492.65,"2011-01-12 09:33:00","2011-01-12 09:33:00",1,1,3,113,Lost
12763,139,2,494.08,"2010-12-05 15:46:00","2011-07-24 14:12:00",2,3,3,233,"Cant Lose Them"
17333,86,1,494.25,"2011-09-15 10:11:00","2011-09-15 10:11:00",2,2,3,223,"Needs Attention"
16352,18,2,494.44,"2011-11-02 08:44:00","2011-11-22 10:32:00",4,2,3,423,"New Customers"
15448,313,1,494.64,"2011-01-31 10:42:00","2011-01-31 10:42:00",1,1,3,113,Lost
17374,219,2,495.77,"2011-03-03 12:53:00","2011-05-05 09:05:00",1,3,3,133,"Cant Lose Them"
12904,19,2,496.06,"2011-06-20 13:18:00","2011-11-21 14:34:00",4,2,3,423,"New Customers"
15018,39,3,496.21,"2010-12-07 10:47:00","2011-11-01 12:47:00",3,4,3,343,"Loyal Customers"
15300,65,1,496.44,"2011-10-06 17:08:00","2011-10-06 17:08:00",3,2,3,323,"Potential Loyalist"
17495,8,2,497.56,"2011-11-01 12:06:00","2011-12-02 12:08:00",5,2,3,523,"New Customers"
16820,96,1,497.61,"2011-09-05 12:06:00","2011-09-05 12:06:00",2,2,3,223,"Needs Attention"
17298,102,2,498.42,"2011-08-07 12:21:00","2011-08-30 16:43:00",2,3,3,233,"Cant Lose Them"
17053,131,1,498.48,"2011-08-01 10:23:00","2011-08-01 10:23:00",2,2,3,223,"Needs Attention"
15142,47,1,498.74,"2011-10-24 12:51:00","2011-10-24 12:51:00",3,2,3,323,"Potential Loyalist"
16488,34,3,498.80,"2011-07-14 11:46:00","2011-11-06 13:42:00",3,3,3,333,"Loyal Customers"
14681,72,3,498.95,"2011-05-12 10:45:00","2011-09-29 15:52:00",3,4,3,343,"Loyal Customers"
15193,61,1,499.32,"2011-10-10 08:23:00","2011-10-10 08:23:00",3,2,3,323,"Potential Loyalist"
14077,41,5,499.42,"2011-03-10 15:52:00","2011-10-30 12:35:00",3,4,3,343,"Loyal Customers"
15389,173,1,500.00,"2011-06-20 16:18:00","2011-06-20 16:18:00",2,1,3,213,"Needs Attention"
16616,16,2,500.42,"2011-07-05 13:38:00","2011-11-24 16:31:00",4,2,3,423,"New Customers"
16898,27,3,501.03,"2010-12-06 12:23:00","2011-11-13 15:44:00",4,3,3,433,"Loyal Customers"
13247,18,4,501.12,"2011-09-18 11:31:00","2011-11-22 10:59:00",4,4,3,443,"Loyal Customers"
13116,139,1,501.14,"2011-07-24 14:33:00","2011-07-24 14:33:00",2,2,3,223,"Needs Attention"
14871,4,4,501.28,"2010-12-14 12:18:00","2011-12-06 13:42:00",5,4,3,543,"Loyal Customers"
15881,313,5,501.39,"2010-12-10 13:32:00","2011-01-31 16:59:00",1,4,3,143,"Cant Lose Them"
13865,59,4,501.56,"2011-02-23 12:04:00","2011-10-12 13:31:00",3,4,3,343,"Loyal Customers"
16863,32,2,502.80,"2010-12-08 08:58:00","2011-11-08 15:26:00",4,3,3,433,"Loyal Customers"
15535,174,4,502.90,"2011-01-16 12:35:00","2011-06-19 16:02:00",2,4,3,243,"Cant Lose Them"
17630,170,2,503.60,"2011-04-21 14:03:00","2011-06-23 11:58:00",2,3,3,233,"Cant Lose Them"
12991,24,2,503.76,"2011-08-19 14:39:00","2011-11-16 15:34:00",4,2,3,423,"New Customers"
15081,23,5,504.80,"2010-12-07 16:20:00","2011-11-17 17:08:00",4,4,3,443,"Loyal Customers"
14014,78,1,505.18,"2011-09-23 13:18:00","2011-09-23 13:18:00",2,2,3,223,"Needs Attention"
12988,293,1,505.82,"2011-02-20 14:31:00","2011-02-20 14:31:00",1,1,3,113,Lost
16614,183,1,506.19,"2011-06-10 11:36:00","2011-06-10 11:36:00",1,1,3,113,Lost
13885,190,2,506.80,"2011-05-23 08:52:00","2011-06-03 15:07:00",1,3,3,133,"Cant Lose Them"
16960,39,3,507.05,"2011-04-01 11:54:00","2011-11-01 11:35:00",3,4,3,343,"Loyal Customers"
14820,22,4,507.29,"2011-06-19 14:56:00","2011-11-18 15:41:00",4,4,3,443,"Loyal Customers"
14158,41,1,507.66,"2011-10-30 15:08:00","2011-10-30 15:08:00",3,2,3,323,"Potential Loyalist"
17415,80,1,507.84,"2011-09-21 12:50:00","2011-09-21 12:50:00",2,2,3,223,"Needs Attention"
17958,117,1,508.46,"2011-08-15 12:19:00","2011-08-15 12:19:00",2,2,3,223,"Needs Attention"
14317,65,1,508.58,"2011-10-06 10:44:00","2011-10-06 10:44:00",3,2,3,323,"Potential Loyalist"
15417,86,1,508.80,"2011-09-15 15:26:00","2011-09-15 15:26:00",2,2,3,223,"Needs Attention"
17391,164,2,508.80,"2011-06-28 12:21:00","2011-06-29 09:58:00",2,3,3,233,"Cant Lose Them"
12436,100,1,509.01,"2011-09-01 12:09:00","2011-09-01 12:09:00",2,2,3,223,"Needs Attention"
15406,32,2,510.71,"2011-02-11 16:19:00","2011-11-08 13:22:00",4,3,3,433,"Loyal Customers"
16561,6,2,511.12,"2011-10-11 09:53:00","2011-12-04 11:50:00",5,2,3,523,"New Customers"
14851,24,2,511.35,"2011-03-28 14:59:00","2011-11-16 14:20:00",4,2,3,423,"New Customers"
12582,239,2,511.36,"2011-02-24 11:42:00","2011-04-15 08:45:00",1,3,3,133,"Cant Lose Them"
15891,227,1,511.68,"2011-04-27 12:35:00","2011-04-27 12:35:00",1,1,3,113,Lost
17480,78,1,511.82,"2011-09-23 11:39:00","2011-09-23 11:39:00",2,2,3,223,"Needs Attention"
17805,74,1,512.31,"2011-09-27 11:49:00","2011-09-27 11:49:00",2,2,3,223,"Needs Attention"
17290,4,2,513.01,"2011-11-23 15:53:00","2011-12-06 12:38:00",5,2,3,523,"New Customers"
17513,73,1,513.20,"2011-09-28 16:42:00","2011-09-28 16:42:00",2,2,3,223,"Needs Attention"
13005,174,2,513.70,"2011-04-07 13:32:00","2011-06-19 10:53:00",2,3,3,233,"Cant Lose Them"
15246,239,2,514.15,"2010-12-16 09:46:00","2011-04-15 14:45:00",1,3,3,133,"Cant Lose Them"
12811,261,3,514.85,"2011-02-28 15:39:00","2011-03-24 09:42:00",1,3,3,133,"Cant Lose Them"
15809,37,5,515.77,"2011-02-10 11:16:00","2011-11-03 16:40:00",3,4,3,343,"Loyal Customers"
15882,199,4,516.36,"2010-12-06 13:01:00","2011-05-25 11:35:00",1,4,3,143,"Cant Lose Them"
13043,274,1,516.42,"2011-03-11 14:52:00","2011-03-11 14:52:00",1,1,3,113,Lost
18205,37,2,517.36,"2011-09-26 12:02:00","2011-11-03 13:22:00",3,3,3,333,"Loyal Customers"
17454,193,4,517.53,"2010-12-15 10:54:00","2011-05-31 13:58:00",1,4,3,143,"Cant Lose Them"
16135,263,1,517.55,"2011-03-22 12:30:00","2011-03-22 12:30:00",1,1,3,113,Lost
16892,2,5,518.19,"2011-06-09 11:35:00","2011-12-08 13:18:00",5,4,3,543,"Loyal Customers"
18252,51,2,518.27,"2011-06-21 11:47:00","2011-10-20 12:43:00",3,3,3,333,"Loyal Customers"
15030,72,2,518.28,"2011-03-16 15:34:00","2011-09-29 10:50:00",3,3,3,333,"Loyal Customers"
16650,72,1,518.42,"2011-09-29 09:51:00","2011-09-29 09:51:00",2,2,3,223,"Needs Attention"
16955,185,4,518.67,"2010-12-01 13:31:00","2011-06-08 10:36:00",1,4,3,143,"Cant Lose Them"
13643,32,3,519.44,"2011-06-07 11:40:00","2011-11-08 15:37:00",4,3,3,433,"Loyal Customers"
12571,40,2,519.61,"2011-08-10 12:35:00","2011-10-31 10:19:00",3,3,3,333,"Loyal Customers"
14873,211,1,519.68,"2011-05-13 13:52:00","2011-05-13 13:52:00",1,1,3,113,Lost
17345,16,4,519.69,"2011-05-27 12:26:00","2011-11-24 15:03:00",4,4,3,443,"Loyal Customers"
15149,134,1,520.80,"2011-07-29 10:58:00","2011-07-29 10:58:00",2,2,3,223,"Needs Attention"
12863,53,1,521.20,"2011-10-18 14:15:00","2011-10-18 14:15:00",3,2,3,323,"Potential Loyalist"
17712,45,1,522.91,"2011-10-26 12:28:00","2011-10-26 12:28:00",3,2,3,323,"Potential Loyalist"
18017,82,3,523.00,"2011-02-02 13:57:00","2011-09-19 16:15:00",2,4,3,243,"Cant Lose Them"
17329,15,2,523.11,"2011-01-28 15:29:00","2011-11-25 14:24:00",4,2,3,423,"New Customers"
13721,37,1,524.14,"2011-11-03 14:05:00","2011-11-03 14:05:00",3,2,3,323,"Potential Loyalist"
15467,10,3,524.88,"2011-07-10 14:42:00","2011-11-30 14:17:00",5,3,3,533,"Loyal Customers"
17429,129,3,524.92,"2011-05-05 09:53:00","2011-08-03 13:22:00",2,4,3,243,"Cant Lose Them"
15919,20,2,525.69,"2010-12-06 11:26:00","2011-11-20 11:28:00",4,2,3,423,"New Customers"
17623,33,1,527.05,"2011-11-07 11:32:00","2011-11-07 11:32:00",4,2,3,423,"New Customers"
12479,12,1,527.20,"2011-11-28 13:26:00","2011-11-28 13:26:00",5,1,3,513,"New Customers"
15756,62,4,528.01,"2011-04-04 14:00:00","2011-10-09 13:30:00",3,4,3,343,"Loyal Customers"
16602,37,1,528.08,"2011-11-03 15:54:00","2011-11-03 15:54:00",3,2,3,323,"Potential Loyalist"
17631,2,3,528.33,"2011-04-21 13:22:00","2011-12-08 09:47:00",5,3,3,533,"Loyal Customers"
15452,30,3,528.48,"2011-03-20 15:21:00","2011-11-10 12:13:00",4,3,3,433,"Loyal Customers"
18043,25,3,529.29,"2010-12-08 12:35:00","2011-11-15 12:48:00",4,3,3,433,"Loyal Customers"
16185,17,2,529.41,"2011-04-21 11:59:00","2011-11-23 09:41:00",4,2,3,423,"New Customers"
14463,99,3,529.62,"2011-05-18 14:42:00","2011-09-02 15:20:00",2,4,3,243,"Cant Lose Them"
14002,135,2,529.73,"2011-07-06 14:59:00","2011-07-28 15:55:00",2,3,3,233,"Cant Lose Them"
18159,302,1,530.15,"2011-02-11 14:26:00","2011-02-11 14:26:00",1,1,3,113,Lost
14265,110,2,530.18,"2011-07-14 09:10:00","2011-08-22 13:32:00",2,3,3,233,"Cant Lose Them"
16706,38,3,531.35,"2011-08-17 15:53:00","2011-11-02 13:50:00",3,4,3,343,"Loyal Customers"
12784,10,2,532.82,"2011-11-24 12:53:00","2011-11-30 15:38:00",5,2,3,523,"New Customers"
15825,173,1,532.94,"2011-06-20 13:27:00","2011-06-20 13:27:00",2,1,3,213,"Needs Attention"
15433,214,2,533.30,"2011-03-17 14:12:00","2011-05-10 10:45:00",1,3,3,133,"Cant Lose Them"
17062,314,4,533.33,"2010-12-05 11:59:00","2011-01-30 11:01:00",1,4,3,143,"Cant Lose Them"
13217,123,3,533.98,"2011-07-06 12:08:00","2011-08-09 15:32:00",2,4,3,243,"Cant Lose Them"
17443,220,1,534.24,"2011-05-04 10:47:00","2011-05-04 10:47:00",1,1,3,113,Lost
13434,75,2,534.24,"2011-09-04 10:35:00","2011-09-26 14:30:00",2,3,3,233,"Cant Lose Them"
16340,108,1,534.31,"2011-08-24 14:53:00","2011-08-24 14:53:00",2,2,3,223,"Needs Attention"
13385,330,1,534.57,"2011-01-14 09:52:00","2011-01-14 09:52:00",1,1,3,113,Lost
13000,107,3,534.85,"2010-12-10 10:26:00","2011-08-25 10:43:00",2,4,3,243,"Cant Lose Them"
16142,250,1,535.34,"2011-04-04 10:16:00","2011-04-04 10:16:00",1,1,3,113,Lost
16233,72,3,536.68,"2010-12-08 12:51:00","2011-09-29 17:27:00",2,4,3,243,"Cant Lose Them"
16804,24,3,536.99,"2011-03-14 15:48:00","2011-11-16 16:43:00",4,3,3,433,"Loyal Customers"
15043,32,1,537.00,"2011-11-08 14:26:00","2011-11-08 14:26:00",4,2,3,423,"New Customers"
16206,55,4,537.06,"2011-01-16 11:07:00","2011-10-16 10:41:00",3,4,3,343,"Loyal Customers"
14539,16,2,537.48,"2011-10-26 12:03:00","2011-11-24 09:50:00",4,2,3,423,"New Customers"
15539,8,1,538.46,"2011-12-02 13:36:00","2011-12-02 13:36:00",5,1,3,513,"New Customers"
15469,51,2,538.55,"2011-08-11 16:54:00","2011-10-20 16:21:00",3,3,3,333,"Loyal Customers"
14496,312,2,538.81,"2010-12-01 15:35:00","2011-02-01 09:01:00",1,3,3,133,"Cant Lose Them"
13812,43,3,539.00,"2011-08-26 12:54:00","2011-10-28 14:27:00",3,4,3,343,"Loyal Customers"
12743,135,2,540.13,"2011-07-28 16:06:00","2011-07-28 16:21:00",2,3,3,233,"Cant Lose Them"
13874,359,1,540.45,"2010-12-16 18:20:00","2010-12-16 18:20:00",1,1,3,113,Lost
17557,15,3,541.46,"2011-09-19 14:23:00","2011-11-25 12:57:00",4,3,3,433,"Loyal Customers"
17447,41,2,541.53,"2011-09-29 10:10:00","2011-10-30 14:18:00",3,3,3,333,"Loyal Customers"
17897,173,3,541.81,"2010-12-01 12:31:00","2011-06-20 11:23:00",2,3,3,233,"Cant Lose Them"
16230,190,2,542.03,"2011-05-03 15:12:00","2011-06-03 10:06:00",1,3,3,133,"Cant Lose Them"
13278,41,1,542.73,"2011-10-30 11:49:00","2011-10-30 11:49:00",3,2,3,323,"Potential Loyalist"
16927,116,3,543.05,"2010-12-13 11:57:00","2011-08-16 11:10:00",2,4,3,243,"Cant Lose Them"
13390,75,1,544.08,"2011-09-26 08:38:00","2011-09-26 08:38:00",2,2,3,223,"Needs Attention"
13617,41,3,544.18,"2011-06-12 12:55:00","2011-10-30 13:50:00",3,4,3,343,"Loyal Customers"
16475,89,4,544.30,"2011-03-11 09:39:00","2011-09-12 14:37:00",2,4,3,243,"Cant Lose Them"
12793,335,2,545.48,"2010-12-03 15:14:00","2011-01-09 12:12:00",1,3,3,133,"Cant Lose Them"
17806,12,1,546.04,"2011-11-28 14:12:00","2011-11-28 14:12:00",5,1,3,513,"New Customers"
14997,47,3,546.20,"2011-06-14 16:52:00","2011-10-24 13:28:00",3,4,3,343,"Loyal Customers"
14805,16,4,546.40,"2011-01-30 10:43:00","2011-11-24 16:20:00",4,4,3,443,"Loyal Customers"
17520,54,1,546.81,"2011-10-17 12:04:00","2011-10-17 12:04:00",3,2,3,323,"Potential Loyalist"
17295,29,3,547.00,"2011-10-06 12:22:00","2011-11-11 10:49:00",4,3,3,433,"Loyal Customers"
16211,89,1,547.02,"2011-09-12 12:11:00","2011-09-12 12:11:00",2,2,3,223,"Needs Attention"
17637,32,2,547.06,"2011-08-16 13:25:00","2011-11-08 12:51:00",4,3,3,433,"Loyal Customers"
16811,5,2,547.07,"2011-11-22 17:19:00","2011-12-05 11:39:00",5,2,3,523,"New Customers"
14474,47,1,547.66,"2011-10-24 13:26:00","2011-10-24 13:26:00",3,2,3,323,"Potential Loyalist"
16031,93,2,547.90,"2011-04-06 14:23:00","2011-09-08 13:07:00",2,3,3,233,"Cant Lose Them"
16536,111,1,548.12,"2011-08-21 15:54:00","2011-08-21 15:54:00",2,2,3,223,"Needs Attention"
14177,87,4,549.46,"2011-06-13 11:10:00","2011-09-14 15:11:00",2,4,3,243,"Cant Lose Them"
12390,80,1,549.84,"2011-09-21 09:33:00","2011-09-21 09:33:00",2,2,3,223,"Needs Attention"
17265,139,2,550.01,"2011-06-12 12:00:00","2011-07-24 10:49:00",2,3,3,233,"Cant Lose Them"
17235,26,2,550.06,"2010-12-02 13:38:00","2011-11-14 15:51:00",4,2,3,423,"New Customers"
17291,309,1,550.80,"2011-02-04 13:04:00","2011-02-04 13:04:00",1,1,3,113,Lost
17674,75,2,551.04,"2010-12-06 10:20:00","2011-09-26 13:35:00",2,3,3,233,"Cant Lose Them"
12363,110,2,552.00,"2011-04-11 13:29:00","2011-08-22 10:18:00",2,3,3,233,"Cant Lose Them"
15068,47,2,553.36,"2011-03-28 14:27:00","2011-10-24 14:47:00",3,3,3,333,"Loyal Customers"
14618,10,3,553.44,"2011-01-06 11:59:00","2011-11-30 13:45:00",5,3,3,533,"Loyal Customers"
14891,149,2,554.38,"2011-06-05 10:58:00","2011-07-14 18:08:00",2,3,3,233,"Cant Lose Them"
17864,13,3,554.85,"2011-03-09 11:44:00","2011-11-27 11:15:00",5,3,3,533,"Loyal Customers"
16385,61,3,554.86,"2010-12-08 12:56:00","2011-10-10 13:12:00",3,4,3,343,"Loyal Customers"
17955,199,4,557.30,"2011-05-04 12:29:00","2011-05-25 12:00:00",1,4,3,143,"Cant Lose Them"
13260,62,1,557.62,"2011-10-09 13:21:00","2011-10-09 13:21:00",3,2,3,323,"Potential Loyalist"
14592,36,3,557.94,"2011-10-06 18:08:00","2011-11-04 16:35:00",3,4,3,343,"Loyal Customers"
13800,310,1,558.32,"2011-02-03 12:27:00","2011-02-03 12:27:00",1,1,3,113,Lost
12987,74,2,558.70,"2011-05-26 12:00:00","2011-09-27 12:03:00",2,3,3,233,"Cant Lose Them"
17503,3,2,558.96,"2011-11-01 11:12:00","2011-12-07 09:18:00",5,2,3,523,"New Customers"
12866,284,1,559.12,"2011-03-01 14:11:00","2011-03-01 14:11:00",1,1,3,113,Lost
16906,82,4,559.59,"2011-04-05 12:30:00","2011-09-19 11:49:00",2,4,3,243,"Cant Lose Them"
15415,314,1,559.61,"2011-01-30 14:13:00","2011-01-30 14:13:00",1,1,3,113,Lost
16275,197,1,559.87,"2011-05-27 12:41:00","2011-05-27 12:41:00",1,1,3,113,Lost
14273,52,4,559.97,"2011-04-11 13:24:00","2011-10-19 13:20:00",3,4,3,343,"Loyal Customers"
13044,292,1,560.47,"2011-02-21 15:20:00","2011-02-21 15:20:00",1,1,3,113,Lost
15655,244,1,560.67,"2011-04-10 15:25:00","2011-04-10 15:25:00",1,1,3,113,Lost
13946,80,3,561.57,"2011-03-17 10:02:00","2011-09-21 13:33:00",2,4,3,243,"Cant Lose Them"
12559,311,2,561.71,"2011-01-24 10:12:00","2011-02-02 09:49:00",1,3,3,133,"Cant Lose Them"
16916,24,2,562.41,"2010-12-02 13:14:00","2011-11-16 12:08:00",4,2,3,423,"New Customers"
12414,218,3,562.41,"2011-02-02 14:51:00","2011-05-06 14:51:00",1,3,3,133,"Cant Lose Them"
14167,40,4,562.59,"2011-01-12 15:44:00","2011-10-31 14:29:00",3,4,3,343,"Loyal Customers"
17970,212,1,562.79,"2011-05-12 20:03:00","2011-05-12 20:03:00",1,1,3,113,Lost
14753,88,1,563.15,"2011-09-13 14:50:00","2011-09-13 14:50:00",2,2,3,223,"Needs Attention"
16933,2,2,563.23,"2011-04-14 13:33:00","2011-12-08 12:54:00",5,2,3,523,"New Customers"
15344,1,3,563.94,"2011-09-26 14:48:00","2011-12-09 10:45:00",5,3,3,533,"Loyal Customers"
13894,24,3,564.62,"2011-02-02 12:54:00","2011-11-16 09:44:00",4,3,3,433,"Loyal Customers"
16345,45,1,565.46,"2011-10-26 16:03:00","2011-10-26 16:03:00",3,2,3,323,"Potential Loyalist"
16278,101,1,566.38,"2011-08-31 17:12:00","2011-08-31 17:12:00",2,2,3,223,"Needs Attention"
18150,33,3,566.58,"2011-05-22 10:47:00","2011-11-07 16:49:00",4,3,3,433,"Loyal Customers"
16667,69,2,567.18,"2011-02-28 12:57:00","2011-10-02 15:26:00",3,3,3,333,"Loyal Customers"
13321,73,2,567.36,"2011-09-14 15:18:00","2011-09-28 15:24:00",2,3,3,233,"Cant Lose Them"
17360,18,3,568.24,"2011-06-08 17:09:00","2011-11-22 13:11:00",4,3,3,433,"Loyal Customers"
13939,24,3,568.55,"2011-02-01 11:30:00","2011-11-16 13:33:00",4,3,3,433,"Loyal Customers"
15315,65,2,570.50,"2011-08-15 15:17:00","2011-10-06 12:51:00",3,3,3,333,"Loyal Customers"
15821,45,2,570.96,"2011-10-09 13:28:00","2011-10-26 15:48:00",3,3,3,333,"Loyal Customers"
17616,174,3,571.20,"2010-12-07 10:04:00","2011-06-19 10:11:00",2,3,3,233,"Cant Lose Them"
13816,24,2,571.67,"2011-10-06 14:37:00","2011-11-16 08:38:00",4,2,3,423,"New Customers"
12816,96,2,572.20,"2011-06-16 13:24:00","2011-09-05 12:41:00",2,3,3,233,"Cant Lose Them"
13405,75,3,572.45,"2011-01-26 09:27:00","2011-09-26 17:01:00",2,4,3,243,"Cant Lose Them"
13379,27,3,572.56,"2011-07-26 12:26:00","2011-11-13 13:45:00",4,3,3,433,"Loyal Customers"
12879,45,3,573.22,"2011-09-09 12:11:00","2011-10-26 12:24:00",3,4,3,343,"Loyal Customers"
15303,291,1,574.02,"2011-02-22 13:59:00","2011-02-22 13:59:00",1,1,3,113,Lost
15339,67,2,574.07,"2011-01-25 13:15:00","2011-10-04 12:51:00",3,3,3,333,"Loyal Customers"
18123,25,2,574.44,"2011-11-08 13:31:00","2011-11-15 14:23:00",4,2,3,423,"New Customers"
14400,150,1,574.70,"2011-07-13 15:50:00","2011-07-13 15:50:00",2,2,3,223,"Needs Attention"
13487,58,3,575.40,"2010-12-21 14:54:00","2011-10-13 12:07:00",3,4,3,343,"Loyal Customers"
15550,5,4,575.63,"2011-02-11 12:49:00","2011-12-05 15:38:00",5,4,3,543,"Loyal Customers"
15830,38,1,576.00,"2011-11-02 10:40:00","2011-11-02 10:40:00",3,2,3,323,"Potential Loyalist"
16723,92,2,576.40,"2011-08-24 11:31:00","2011-09-09 13:01:00",2,3,3,233,"Cant Lose Them"
14176,298,4,576.90,"2010-12-07 11:45:00","2011-02-15 13:12:00",1,4,3,143,"Cant Lose Them"
12601,190,5,577.06,"2011-01-11 10:38:00","2011-06-03 10:17:00",1,4,3,143,"Cant Lose Them"
14529,61,3,578.61,"2011-08-21 14:10:00","2011-10-10 15:27:00",3,4,3,343,"Loyal Customers"
16005,13,4,578.71,"2011-03-14 11:46:00","2011-11-27 13:47:00",5,4,3,543,"Loyal Customers"
17540,25,2,578.90,"2011-01-27 14:35:00","2011-11-15 11:56:00",4,2,3,423,"New Customers"
13292,39,2,578.94,"2011-02-28 15:00:00","2011-11-01 10:04:00",3,3,3,333,"Loyal Customers"
17142,240,1,579.00,"2011-04-14 18:22:00","2011-04-14 18:22:00",1,1,3,113,Lost
18095,313,2,580.05,"2011-01-11 12:37:00","2011-01-31 12:50:00",1,3,3,133,"Cant Lose Them"
17259,149,2,581.23,"2010-12-06 12:55:00","2011-07-14 15:01:00",2,3,3,233,"Cant Lose Them"
12695,8,4,582.10,"2011-05-13 13:15:00","2011-12-02 13:22:00",5,4,3,543,"Loyal Customers"
13427,20,3,582.60,"2011-05-08 15:58:00","2011-11-20 13:02:00",4,3,3,433,"Loyal Customers"
12426,195,1,582.73,"2011-05-29 12:26:00","2011-05-29 12:26:00",1,1,3,113,Lost
17014,9,3,583.43,"2011-10-04 11:36:00","2011-12-01 14:09:00",5,3,3,533,"Loyal Customers"
15762,66,2,583.75,"2011-09-23 15:17:00","2011-10-05 16:15:00",3,3,3,333,"Loyal Customers"
13557,29,2,584.06,"2011-03-04 12:14:00","2011-11-11 15:24:00",4,3,3,433,"Loyal Customers"
14023,8,2,584.07,"2011-04-03 15:50:00","2011-12-02 13:58:00",5,2,3,523,"New Customers"
16072,289,1,584.32,"2011-02-24 14:32:00","2011-02-24 14:32:00",1,1,3,113,Lost
16384,90,2,584.50,"2011-03-21 10:13:00","2011-09-11 11:19:00",2,3,3,233,"Cant Lose Them"
15222,319,1,585.00,"2011-01-25 08:03:00","2011-01-25 08:03:00",1,1,3,113,Lost
13243,204,1,585.12,"2011-05-20 13:14:00","2011-05-20 13:14:00",1,1,3,113,Lost
12384,29,2,585.27,"2011-08-10 11:23:00","2011-11-11 08:39:00",4,2,3,423,"New Customers"
17890,323,2,586.89,"2010-12-13 15:12:00","2011-01-21 11:19:00",1,3,3,133,"Cant Lose Them"
17351,37,3,587.15,"2011-03-11 16:05:00","2011-11-03 18:45:00",3,4,3,343,"Loyal Customers"
15624,117,4,588.13,"2011-03-28 13:32:00","2011-08-15 11:38:00",2,4,3,243,"Cant Lose Them"
14338,162,2,588.22,"2011-05-27 13:30:00","2011-07-01 14:08:00",2,3,3,233,"Cant Lose Them"
16838,198,2,588.85,"2011-02-24 15:01:00","2011-05-26 13:13:00",1,3,3,133,"Cant Lose Them"
14882,27,2,589.70,"2011-11-06 10:15:00","2011-11-13 12:47:00",4,2,3,423,"New Customers"
13270,367,1,590.00,"2010-12-08 14:53:00","2010-12-08 14:53:00",1,1,3,113,Lost
13452,260,2,590.00,"2011-03-14 11:38:00","2011-03-25 14:19:00",1,3,3,133,"Cant Lose Them"
13276,64,2,590.93,"2011-09-01 10:03:00","2011-10-07 12:44:00",3,3,3,333,"Loyal Customers"
15573,32,2,591.19,"2011-09-15 12:16:00","2011-11-08 11:38:00",4,3,3,433,"Loyal Customers"
14692,138,4,591.55,"2011-01-21 13:47:00","2011-07-25 15:08:00",2,4,3,243,"Cant Lose Them"
16203,59,4,592.90,"2010-12-02 15:39:00","2011-10-12 12:31:00",3,4,3,343,"Loyal Customers"
18232,82,4,592.97,"2011-05-26 16:30:00","2011-09-19 11:49:00",2,4,3,243,"Cant Lose Them"
16535,6,1,593.75,"2011-12-04 15:18:00","2011-12-04 15:18:00",5,1,3,513,"New Customers"
15442,249,1,594.00,"2011-04-05 12:24:00","2011-04-05 12:24:00",1,1,3,113,Lost
12917,129,1,594.00,"2011-08-03 16:42:00","2011-08-03 16:42:00",2,2,3,223,"Needs Attention"
13959,80,3,594.04,"2010-12-12 13:56:00","2011-09-21 15:06:00",2,4,3,243,"Cant Lose Them"
16325,47,3,594.24,"2011-04-08 09:20:00","2011-10-24 08:48:00",3,4,3,343,"Loyal Customers"
16788,124,2,594.39,"2011-03-30 13:05:00","2011-08-08 14:53:00",2,3,3,233,"Cant Lose Them"
13558,6,4,594.52,"2011-10-02 13:01:00","2011-12-04 11:24:00",5,4,3,543,"Loyal Customers"
14284,31,2,595.25,"2011-09-14 13:04:00","2011-11-09 08:11:00",4,3,3,433,"Loyal Customers"
17658,26,2,595.42,"2011-05-12 15:23:00","2011-11-14 12:07:00",4,2,3,423,"New Customers"
13888,120,2,595.67,"2011-05-05 14:41:00","2011-08-12 10:13:00",2,3,3,233,"Cant Lose Them"
14965,97,2,596.09,"2011-09-04 13:15:00","2011-09-04 13:20:00",2,3,3,233,"Cant Lose Them"
18246,24,2,596.10,"2011-04-20 13:55:00","2011-11-16 11:49:00",4,2,3,423,"New Customers"
14467,18,4,596.26,"2011-01-31 12:35:00","2011-11-22 12:48:00",4,4,3,443,"Loyal Customers"
14675,17,1,596.36,"2011-11-23 12:58:00","2011-11-23 12:58:00",4,1,3,413,"New Customers"
15381,214,2,596.85,"2011-03-16 13:44:00","2011-05-10 11:55:00",1,3,3,133,"Cant Lose Them"
14645,157,2,597.09,"2011-03-09 09:52:00","2011-07-06 09:15:00",2,3,3,233,"Cant Lose Them"
14108,31,2,597.91,"2011-08-30 11:32:00","2011-11-09 10:41:00",4,3,3,433,"Loyal Customers"
16298,23,3,598.20,"2011-06-06 10:06:00","2011-11-17 11:59:00",4,3,3,433,"Loyal Customers"
13311,5,2,598.57,"2011-07-12 14:26:00","2011-12-05 12:55:00",5,2,3,523,"New Customers"
15720,25,1,598.73,"2011-11-15 14:48:00","2011-11-15 14:48:00",4,1,3,413,"New Customers"
17420,51,3,598.83,"2010-12-01 09:56:00","2011-10-20 14:52:00",3,4,3,343,"Loyal Customers"
14710,15,4,599.48,"2011-10-11 13:49:00","2011-11-25 14:53:00",4,4,3,443,"Loyal Customers"
12556,51,2,599.56,"2011-07-11 13:35:00","2011-10-20 13:06:00",3,3,3,333,"Loyal Customers"
12521,143,1,599.68,"2011-07-20 10:51:00","2011-07-20 10:51:00",2,2,3,223,"Needs Attention"
12872,327,2,599.97,"2010-12-09 14:44:00","2011-01-17 10:52:00",1,3,3,133,"Cant Lose Them"
18211,26,5,600.07,"2011-03-06 12:09:00","2011-11-14 08:10:00",4,4,3,443,"Loyal Customers"
12420,64,1,600.39,"2011-10-07 08:55:00","2011-10-07 08:55:00",3,2,3,323,"Potential Loyalist"
16654,142,4,601.27,"2010-12-06 15:09:00","2011-07-21 15:23:00",2,4,3,243,"Cant Lose Them"
14609,73,4,601.56,"2011-02-16 12:10:00","2011-09-28 12:54:00",2,4,3,243,"Cant Lose Them"
12654,11,5,601.98,"2011-02-17 13:16:00","2011-11-29 10:10:00",5,4,3,543,"Loyal Customers"
15366,76,2,602.51,"2010-12-16 15:59:00","2011-09-25 15:01:00",2,3,3,233,"Cant Lose Them"
16022,261,1,602.63,"2011-03-24 13:16:00","2011-03-24 13:16:00",1,1,3,113,Lost
12707,292,1,603.42,"2011-02-21 08:38:00","2011-02-21 08:38:00",1,1,3,113,Lost
16732,32,1,603.75,"2011-11-08 09:54:00","2011-11-08 09:54:00",4,2,3,423,"New Customers"
12944,36,2,604.51,"2010-12-20 10:41:00","2011-11-04 11:04:00",3,3,3,333,"Loyal Customers"
17664,19,2,604.64,"2011-05-11 14:17:00","2011-11-21 11:29:00",4,2,3,423,"New Customers"
14323,115,2,605.06,"2011-04-15 11:44:00","2011-08-17 11:37:00",2,3,3,233,"Cant Lose Them"
13233,75,2,605.12,"2011-01-07 14:49:00","2011-09-26 13:25:00",2,3,3,233,"Cant Lose Them"
17507,262,2,605.58,"2011-02-03 18:08:00","2011-03-23 11:48:00",1,3,3,133,"Cant Lose Them"
14133,130,3,605.64,"2011-01-28 11:27:00","2011-08-02 11:34:00",2,4,3,243,"Cant Lose Them"
17849,219,4,605.80,"2011-01-10 11:59:00","2011-05-05 13:46:00",1,4,3,143,"Cant Lose Them"
16718,370,1,606.05,"2010-12-05 13:03:00","2010-12-05 13:03:00",1,1,3,113,Lost
17119,4,2,606.91,"2011-10-11 11:03:00","2011-12-06 14:40:00",5,2,3,523,"New Customers"
12933,25,3,607.53,"2011-03-01 11:30:00","2011-11-15 16:38:00",4,3,3,433,"Loyal Customers"
13933,110,2,608.79,"2011-07-14 13:35:00","2011-08-22 14:03:00",2,3,3,233,"Cant Lose Them"
16442,2,3,609.30,"2010-12-14 10:46:00","2011-12-08 11:43:00",5,3,3,533,"Loyal Customers"
13357,258,1,609.40,"2011-03-27 13:56:00","2011-03-27 13:56:00",1,1,3,113,Lost
14636,37,2,609.85,"2011-03-16 09:52:00","2011-11-03 16:12:00",3,3,3,333,"Loyal Customers"
15795,150,1,610.01,"2011-07-13 10:43:00","2011-07-13 10:43:00",2,2,3,223,"Needs Attention"
12673,6,2,610.52,"2011-01-17 11:46:00","2011-12-04 13:55:00",5,2,3,523,"New Customers"
13731,220,2,610.59,"2011-04-07 10:10:00","2011-05-04 14:33:00",1,3,3,133,"Cant Lose Them"
16763,199,1,611.85,"2011-05-25 11:52:00","2011-05-25 11:52:00",1,1,3,113,Lost
16109,219,2,611.88,"2011-02-04 12:37:00","2011-05-05 09:17:00",1,3,3,133,"Cant Lose Them"
15645,19,1,612.01,"2011-11-21 11:55:00","2011-11-21 11:55:00",4,1,3,413,"New Customers"
15232,114,2,612.06,"2011-07-22 12:21:00","2011-08-18 16:27:00",2,3,3,233,"Cant Lose Them"
18149,51,3,612.08,"2011-03-11 12:44:00","2011-10-20 12:04:00",3,4,3,343,"Loyal Customers"
12513,113,1,612.29,"2011-08-19 10:51:00","2011-08-19 10:51:00",2,2,3,223,"Needs Attention"
18022,36,1,612.72,"2011-11-04 12:45:00","2011-11-04 12:45:00",3,2,3,323,"Potential Loyalist"
16116,212,1,612.78,"2011-05-12 12:01:00","2011-05-12 12:01:00",1,1,3,113,Lost
16566,16,5,614.66,"2011-02-20 10:29:00","2011-11-24 16:34:00",4,4,3,443,"Loyal Customers"
15275,38,1,615.14,"2011-11-02 11:20:00","2011-11-02 11:20:00",3,2,3,323,"Potential Loyalist"
14382,27,1,615.49,"2011-11-13 16:18:00","2011-11-13 16:18:00",4,1,3,413,"New Customers"
14905,158,2,616.15,"2011-04-20 10:48:00","2011-07-05 12:41:00",2,3,3,233,"Cant Lose Them"
16311,18,2,616.26,"2011-10-21 13:13:00","2011-11-22 08:54:00",4,2,3,423,"New Customers"
14377,192,2,617.05,"2011-03-22 13:38:00","2011-06-01 13:32:00",1,3,3,133,"Cant Lose Them"
14593,22,3,617.15,"2011-05-25 11:14:00","2011-11-18 12:48:00",4,3,3,433,"Loyal Customers"
16134,22,2,618.09,"2010-12-15 14:00:00","2011-11-18 10:05:00",4,2,3,423,"New Customers"
13301,104,4,618.09,"2011-02-20 13:13:00","2011-08-28 11:25:00",2,4,3,243,"Cant Lose Them"
12596,52,2,618.27,"2011-04-11 13:22:00","2011-10-19 13:02:00",3,3,3,333,"Loyal Customers"
13145,40,4,618.52,"2010-12-02 18:06:00","2011-10-31 12:45:00",3,4,3,343,"Loyal Customers"
16613,71,1,618.59,"2011-09-30 15:52:00","2011-09-30 15:52:00",3,2,3,323,"Potential Loyalist"
13493,276,2,618.63,"2011-02-25 16:42:00","2011-03-09 15:35:00",1,3,3,133,"Cant Lose Them"
12667,59,1,620.13,"2011-10-12 17:00:00","2011-10-12 17:00:00",3,2,3,323,"Potential Loyalist"
16141,89,1,620.40,"2011-09-12 13:11:00","2011-09-12 13:11:00",2,2,3,223,"Needs Attention"
13546,13,3,621.09,"2011-05-23 12:14:00","2011-11-27 14:50:00",5,3,3,533,"Loyal Customers"
13402,128,2,621.23,"2010-12-02 17:12:00","2011-08-04 15:51:00",2,3,3,233,"Cant Lose Them"
14152,76,2,621.29,"2011-04-19 15:46:00","2011-09-25 12:54:00",2,3,3,233,"Cant Lose Them"
17640,87,1,621.66,"2011-09-14 09:13:00","2011-09-14 09:13:00",2,2,3,223,"Needs Attention"
16915,10,6,621.68,"2011-03-01 09:52:00","2011-11-30 16:39:00",5,5,3,553,"Loyal Customers"
18217,30,2,621.75,"2011-09-30 10:44:00","2011-11-10 13:18:00",4,3,3,433,"Loyal Customers"
15768,116,3,621.83,"2011-04-28 09:20:00","2011-08-16 10:48:00",2,4,3,243,"Cant Lose Them"
17460,95,6,622.43,"2010-12-01 16:24:00","2011-09-06 15:04:00",2,5,3,253,"Cant Lose Them"
15182,155,2,622.85,"2011-03-16 12:42:00","2011-07-08 13:37:00",2,3,3,233,"Cant Lose Them"
17499,290,1,622.88,"2011-02-23 09:14:00","2011-02-23 09:14:00",1,1,3,113,Lost
15258,169,2,623.16,"2011-05-06 14:16:00","2011-06-24 12:30:00",2,3,3,233,"Cant Lose Them"
16431,214,3,623.28,"2011-02-15 14:02:00","2011-05-10 14:09:00",1,3,3,133,"Cant Lose Them"
13368,257,2,623.40,"2011-01-06 12:32:00","2011-03-28 09:59:00",1,3,3,133,"Cant Lose Them"
15147,241,1,623.50,"2011-04-13 15:57:00","2011-04-13 15:57:00",1,1,3,113,Lost
12649,108,3,623.51,"2011-05-11 14:37:00","2011-08-24 14:41:00",2,4,3,243,"Cant Lose Them"
16750,45,5,623.93,"2011-04-21 16:53:00","2011-10-26 12:48:00",3,4,3,343,"Loyal Customers"
16469,24,4,625.42,"2011-04-07 13:11:00","2011-11-16 12:25:00",4,4,3,443,"Loyal Customers"
13914,12,2,626.45,"2011-11-03 16:28:00","2011-11-28 10:35:00",5,2,3,523,"New Customers"
12577,36,3,626.60,"2010-12-15 16:21:00","2011-11-04 13:24:00",3,3,3,333,"Loyal Customers"
14036,285,1,626.65,"2011-02-28 09:26:00","2011-02-28 09:26:00",1,1,3,113,Lost
15402,149,2,626.77,"2011-05-27 13:32:00","2011-07-14 12:17:00",2,3,3,233,"Cant Lose Them"
15028,9,4,627.13,"2010-12-06 12:47:00","2011-12-01 14:06:00",5,4,3,543,"Loyal Customers"
13518,86,1,627.16,"2011-09-15 10:29:00","2011-09-15 10:29:00",2,2,3,223,"Needs Attention"
14687,107,1,628.38,"2011-08-25 11:59:00","2011-08-25 11:59:00",2,2,3,223,"Needs Attention"
13525,15,2,628.78,"2011-04-05 15:36:00","2011-11-25 12:01:00",4,2,3,423,"New Customers"
13046,31,2,629.31,"2011-03-18 15:43:00","2011-11-09 08:36:00",4,3,3,433,"Loyal Customers"
17990,237,3,630.84,"2010-12-13 12:10:00","2011-04-17 11:44:00",1,3,3,133,"Cant Lose Them"
16418,45,3,631.12,"2011-04-27 16:54:00","2011-10-26 12:39:00",3,4,3,343,"Loyal Customers"
13539,86,3,631.34,"2011-02-03 15:23:00","2011-09-15 10:18:00",2,4,3,243,"Cant Lose Them"
17985,23,1,631.35,"2011-11-17 14:24:00","2011-11-17 14:24:00",4,1,3,413,"New Customers"
15244,66,2,631.57,"2011-04-05 15:12:00","2011-10-05 13:19:00",3,3,3,333,"Loyal Customers"
14021,156,3,631.90,"2011-03-28 15:10:00","2011-07-07 15:46:00",2,4,3,243,"Cant Lose Them"
13822,6,2,632.00,"2011-10-30 15:55:00","2011-12-04 12:13:00",5,2,3,523,"New Customers"
18183,228,2,632.07,"2011-03-10 10:08:00","2011-04-26 15:26:00",1,3,3,133,"Cant Lose Them"
16306,214,6,632.27,"2010-12-07 15:18:00","2011-05-10 12:12:00",1,5,3,153,"Cant Lose Them"
14220,248,2,632.40,"2010-12-16 18:18:00","2011-04-06 13:23:00",1,3,3,133,"Cant Lose Them"
13892,27,4,632.97,"2011-04-07 12:04:00","2011-11-13 11:50:00",4,4,3,443,"Loyal Customers"
16139,19,3,635.41,"2011-05-17 10:23:00","2011-11-21 08:37:00",4,3,3,433,"Loyal Customers"
14000,212,1,635.66,"2011-05-12 16:50:00","2011-05-12 16:50:00",1,1,3,113,Lost
15773,6,1,635.68,"2011-12-04 12:48:00","2011-12-04 12:48:00",5,1,3,513,"New Customers"
15829,100,2,636.14,"2011-07-22 10:23:00","2011-09-01 16:45:00",2,3,3,233,"Cant Lose Them"
14664,20,2,636.24,"2011-11-06 14:56:00","2011-11-20 10:59:00",4,2,3,423,"New Customers"
14481,165,2,636.51,"2011-02-25 13:53:00","2011-06-28 10:38:00",2,3,3,233,"Cant Lose Them"
14128,61,2,637.50,"2011-03-29 10:49:00","2011-10-10 12:00:00",3,3,3,333,"Loyal Customers"
14754,45,2,638.05,"2011-02-17 12:21:00","2011-10-26 12:01:00",3,3,3,333,"Loyal Customers"
18160,58,2,638.06,"2011-05-23 13:41:00","2011-10-13 15:50:00",3,3,3,333,"Loyal Customers"
17515,32,4,639.02,"2011-01-25 14:33:00","2011-11-08 14:04:00",4,4,3,443,"Loyal Customers"
15648,205,2,639.50,"2011-03-17 18:59:00","2011-05-19 15:53:00",1,3,3,133,"Cant Lose Them"
14301,118,1,640.14,"2011-08-14 15:33:00","2011-08-14 15:33:00",2,2,3,223,"Needs Attention"
12631,58,1,640.50,"2011-10-13 13:53:00","2011-10-13 13:53:00",3,2,3,323,"Potential Loyalist"
13318,2,3,640.76,"2011-11-02 13:26:00","2011-12-08 18:51:00",5,3,3,533,"Loyal Customers"
13417,5,2,640.83,"2011-05-18 16:26:00","2011-12-05 08:49:00",5,2,3,523,"New Customers"
12624,107,2,641.13,"2011-06-15 12:34:00","2011-08-25 15:04:00",2,3,3,233,"Cant Lose Them"
12365,292,2,641.38,"2011-02-21 13:51:00","2011-02-21 14:04:00",1,3,3,133,"Cant Lose Them"
18218,212,2,641.92,"2011-03-03 12:24:00","2011-05-12 12:53:00",1,3,3,133,"Cant Lose Them"
15297,11,3,641.94,"2011-10-07 09:42:00","2011-11-29 16:32:00",5,3,3,533,"Loyal Customers"
17046,158,1,642.02,"2011-07-05 14:24:00","2011-07-05 14:24:00",2,2,3,223,"Needs Attention"
17545,44,3,642.32,"2011-10-27 13:48:00","2011-10-27 14:04:00",3,4,3,343,"Loyal Customers"
15384,170,2,642.41,"2010-12-15 11:34:00","2011-06-23 10:57:00",2,3,3,233,"Cant Lose Them"
13034,55,2,642.77,"2010-12-05 14:52:00","2011-10-16 12:21:00",3,3,3,333,"Loyal Customers"
14020,17,2,642.80,"2011-09-12 15:32:00","2011-11-23 09:22:00",4,2,3,423,"New Customers"
16383,75,2,643.76,"2011-03-16 13:00:00","2011-09-26 12:45:00",2,3,3,233,"Cant Lose Them"
14451,61,2,643.90,"2011-05-29 12:35:00","2011-10-10 13:38:00",3,3,3,333,"Loyal Customers"
17312,139,3,644.30,"2011-07-03 13:12:00","2011-07-24 11:52:00",2,4,3,243,"Cant Lose Them"
12719,6,2,644.95,"2011-10-05 14:50:00","2011-12-04 13:45:00",5,2,3,523,"New Customers"
14855,120,2,645.65,"2011-07-28 12:06:00","2011-08-12 14:02:00",2,3,3,233,"Cant Lose Them"
15651,37,3,646.30,"2011-03-24 08:56:00","2011-11-03 08:41:00",3,4,3,343,"Loyal Customers"
14044,27,4,646.42,"2011-02-03 11:39:00","2011-11-13 12:05:00",4,4,3,443,"Loyal Customers"
12589,29,2,646.68,"2011-07-18 12:05:00","2011-11-11 10:19:00",4,2,3,423,"New Customers"
16734,53,3,646.76,"2011-08-17 15:00:00","2011-10-18 13:44:00",3,4,3,343,"Loyal Customers"
16014,38,3,646.83,"2011-02-21 17:42:00","2011-11-02 12:04:00",3,4,3,343,"Loyal Customers"
17373,41,4,646.92,"2011-01-31 11:46:00","2011-10-30 15:28:00",3,4,3,343,"Loyal Customers"
17777,25,3,647.56,"2011-08-31 14:35:00","2011-11-15 12:02:00",4,3,3,433,"Loyal Customers"
16495,4,3,648.26,"2011-03-08 16:38:00","2011-12-06 13:20:00",5,3,3,533,"Loyal Customers"
14034,23,3,648.89,"2011-07-05 13:06:00","2011-11-17 14:02:00",4,3,3,433,"Loyal Customers"
17779,22,3,650.32,"2011-07-19 12:19:00","2011-11-18 14:15:00",4,3,3,433,"Loyal Customers"
16969,40,3,650.41,"2011-06-01 12:10:00","2011-10-31 13:12:00",3,4,3,343,"Loyal Customers"
15571,12,4,650.43,"2011-09-22 13:15:00","2011-11-28 10:02:00",5,4,3,543,"Loyal Customers"
16056,46,1,650.75,"2011-10-25 15:19:00","2011-10-25 15:19:00",3,2,3,323,"Potential Loyalist"
17523,12,4,652.74,"2011-11-20 13:40:00","2011-11-28 13:20:00",5,4,3,543,"Loyal Customers"
14548,151,2,652.80,"2011-01-26 08:38:00","2011-07-12 12:19:00",2,3,3,233,"Cant Lose Them"
15031,5,4,653.19,"2011-03-02 14:46:00","2011-12-05 14:19:00",5,4,3,543,"Loyal Customers"
15205,86,2,653.24,"2011-08-04 16:07:00","2011-09-15 19:36:00",2,3,3,233,"Cant Lose Them"
18121,150,2,653.30,"2011-07-08 12:14:00","2011-07-13 12:53:00",2,3,3,233,"Cant Lose Them"
13496,11,2,653.33,"2010-12-15 10:17:00","2011-11-29 10:58:00",5,2,3,523,"New Customers"
18151,135,2,653.35,"2011-02-23 08:29:00","2011-07-28 11:35:00",2,3,3,233,"Cant Lose Them"
17398,115,3,653.38,"2011-03-29 13:04:00","2011-08-17 09:48:00",2,4,3,243,"Cant Lose Them"
14651,68,2,653.75,"2011-05-12 16:29:00","2011-10-03 15:52:00",3,3,3,333,"Loyal Customers"
16444,47,4,654.67,"2011-03-20 12:14:00","2011-10-24 13:50:00",3,4,3,343,"Loyal Customers"
14725,25,1,655.58,"2011-11-15 12:42:00","2011-11-15 12:42:00",4,1,3,413,"New Customers"
14894,86,1,655.75,"2011-09-15 13:51:00","2011-09-15 13:51:00",2,2,3,223,"Needs Attention"
16127,40,1,656.25,"2011-10-31 13:58:00","2011-10-31 13:58:00",3,2,3,323,"Potential Loyalist"
17299,12,4,656.61,"2011-06-19 16:04:00","2011-11-28 12:01:00",5,4,3,543,"Loyal Customers"
16708,46,1,656.63,"2011-10-25 12:20:00","2011-10-25 12:20:00",3,2,3,323,"Potential Loyalist"
13049,65,2,656.68,"2011-01-25 16:33:00","2011-10-06 15:31:00",3,3,3,333,"Loyal Customers"
16157,16,3,656.69,"2011-09-28 11:48:00","2011-11-24 11:41:00",4,3,3,433,"Loyal Customers"
17321,9,2,657.16,"2011-10-03 11:34:00","2011-12-01 13:41:00",5,2,3,523,"New Customers"
15677,50,1,657.23,"2011-10-21 15:36:00","2011-10-21 15:36:00",3,2,3,323,"Potential Loyalist"
17459,44,2,657.30,"2011-10-10 17:00:00","2011-10-27 13:25:00",3,3,3,333,"Loyal Customers"
14818,74,3,657.80,"2011-03-31 12:28:00","2011-09-27 11:01:00",2,4,3,243,"Cant Lose Them"
16696,136,4,657.90,"2011-04-05 15:20:00","2011-07-27 14:23:00",2,4,3,243,"Cant Lose Them"
14150,36,2,658.64,"2010-12-15 10:04:00","2011-11-04 10:05:00",3,3,3,333,"Loyal Customers"
16357,34,3,658.88,"2011-05-10 10:35:00","2011-11-06 16:04:00",3,3,3,333,"Loyal Customers"
13759,34,2,659.41,"2011-09-29 15:40:00","2011-11-06 14:47:00",3,3,3,333,"Loyal Customers"
15492,29,2,659.46,"2011-09-26 14:02:00","2011-11-11 14:53:00",4,3,3,433,"Loyal Customers"
14603,275,1,660.00,"2011-03-10 10:27:00","2011-03-10 10:27:00",1,1,3,113,Lost
13028,23,2,661.32,"2011-10-25 14:09:00","2011-11-17 11:10:00",4,2,3,423,"New Customers"
16774,68,4,661.52,"2011-06-14 12:45:00","2011-10-03 12:41:00",3,4,3,343,"Loyal Customers"
16573,85,2,663.61,"2011-02-22 15:14:00","2011-09-16 09:13:00",2,3,3,233,"Cant Lose Them"
13240,97,4,663.65,"2010-12-09 12:49:00","2011-09-04 14:08:00",2,4,3,243,"Cant Lose Them"
14720,6,3,663.81,"2011-08-05 12:06:00","2011-12-04 12:02:00",5,3,3,533,"Loyal Customers"
15643,192,3,664.00,"2011-03-02 14:34:00","2011-06-01 07:38:00",1,3,3,133,"Cant Lose Them"
13596,6,2,664.11,"2011-11-27 11:57:00","2011-12-04 12:01:00",5,2,3,523,"New Customers"
16208,45,2,664.26,"2011-02-23 13:37:00","2011-10-26 11:36:00",3,3,3,333,"Loyal Customers"
17883,4,4,664.34,"2011-04-07 19:16:00","2011-12-06 17:49:00",5,4,3,543,"Loyal Customers"
13963,309,4,664.54,"2010-12-07 09:21:00","2011-02-04 14:43:00",1,4,3,143,"Cant Lose Them"
17105,160,2,665.78,"2011-02-06 14:46:00","2011-07-03 15:53:00",2,3,3,233,"Cant Lose Them"
15969,3,3,666.10,"2011-06-07 12:19:00","2011-12-07 11:06:00",5,3,3,533,"Loyal Customers"
16268,72,2,667.65,"2011-09-29 18:30:00","2011-09-29 18:30:00",2,3,3,233,"Cant Lose Them"
13741,72,3,668.43,"2011-05-06 13:43:00","2011-09-29 09:19:00",3,4,3,343,"Loyal Customers"
14342,22,4,668.56,"2011-05-13 13:50:00","2011-11-18 13:21:00",4,4,3,443,"Loyal Customers"
12418,113,1,668.58,"2011-08-19 11:08:00","2011-08-19 11:08:00",2,2,3,223,"Needs Attention"
12638,34,1,671.69,"2011-11-06 13:11:00","2011-11-06 13:11:00",3,2,3,323,"Potential Loyalist"
12838,34,2,671.95,"2010-12-01 11:57:00","2011-11-06 12:20:00",3,3,3,333,"Loyal Customers"
14628,92,2,671.96,"2011-04-11 14:43:00","2011-09-09 14:58:00",2,3,3,233,"Cant Lose Them"
13258,12,3,672.83,"2011-05-18 13:11:00","2011-11-28 09:31:00",5,3,3,533,"Loyal Customers"
14504,48,4,673.26,"2011-03-06 14:38:00","2011-10-23 16:00:00",3,4,3,343,"Loyal Customers"
13951,177,3,674.45,"2011-02-18 15:21:00","2011-06-16 16:43:00",2,3,3,233,"Cant Lose Them"
17749,179,2,674.52,"2011-03-28 13:39:00","2011-06-14 15:45:00",2,3,3,233,"Cant Lose Them"
13464,59,1,674.68,"2011-10-12 15:01:00","2011-10-12 15:01:00",3,2,3,323,"Potential Loyalist"
13355,123,1,674.70,"2011-08-09 14:48:00","2011-08-09 14:48:00",2,2,3,223,"Needs Attention"
13838,6,4,674.82,"2010-12-05 10:45:00","2011-12-04 11:00:00",5,4,3,543,"Loyal Customers"
17994,122,4,674.89,"2011-02-22 11:02:00","2011-08-10 11:41:00",2,4,3,243,"Cant Lose Them"
13325,82,1,675.30,"2011-09-19 10:36:00","2011-09-19 10:36:00",2,2,3,223,"Needs Attention"
13607,41,1,675.51,"2011-10-30 16:17:00","2011-10-30 16:17:00",3,2,3,323,"Potential Loyalist"
12942,132,3,675.60,"2010-12-09 09:34:00","2011-07-31 14:39:00",2,4,3,243,"Cant Lose Them"
15574,178,4,675.64,"2010-12-02 15:46:00","2011-06-15 12:01:00",2,4,3,243,"Cant Lose Them"
18156,13,2,675.64,"2010-12-05 12:29:00","2011-11-27 12:24:00",5,2,3,523,"New Customers"
17462,61,2,675.69,"2011-02-28 17:01:00","2011-10-10 13:56:00",3,3,3,333,"Loyal Customers"
15626,75,2,675.80,"2011-01-14 10:10:00","2011-09-26 10:03:00",2,3,3,233,"Cant Lose Them"
16377,268,1,676.20,"2011-03-17 15:41:00","2011-03-17 15:41:00",1,1,3,113,Lost
13040,9,2,676.99,"2011-11-06 13:53:00","2011-12-01 10:38:00",5,2,3,523,"New Customers"
13388,132,2,677.10,"2011-07-31 12:52:00","2011-07-31 12:52:00",2,3,3,233,"Cant Lose Them"
13548,97,2,678.16,"2011-04-10 11:35:00","2011-09-04 14:50:00",2,3,3,233,"Cant Lose Them"
13925,93,4,678.25,"2011-07-28 12:09:00","2011-09-08 12:47:00",2,4,3,243,"Cant Lose Them"
14788,8,2,679.44,"2011-11-13 15:52:00","2011-12-02 17:06:00",5,2,3,523,"New Customers"
13430,19,2,679.45,"2011-09-14 14:26:00","2011-11-21 08:19:00",4,2,3,423,"New Customers"
15322,86,1,679.68,"2011-09-15 09:34:00","2011-09-15 09:34:00",2,2,3,223,"Needs Attention"
16872,78,3,680.02,"2011-06-08 14:32:00","2011-09-23 16:05:00",2,4,3,243,"Cant Lose Them"
13524,41,5,680.18,"2011-05-04 12:26:00","2011-10-30 12:34:00",3,4,3,343,"Loyal Customers"
18082,26,1,680.84,"2011-11-14 12:45:00","2011-11-14 12:45:00",4,1,3,413,"New Customers"
12478,4,1,680.99,"2011-12-06 09:56:00","2011-12-06 09:56:00",5,1,3,513,"New Customers"
17397,23,2,681.41,"2011-11-17 13:58:00","2011-11-17 14:08:00",4,2,3,423,"New Customers"
18135,30,5,681.91,"2011-06-02 14:04:00","2011-11-10 19:32:00",4,4,3,443,"Loyal Customers"
17341,157,3,682.29,"2010-12-08 12:46:00","2011-07-06 12:33:00",2,4,3,243,"Cant Lose Them"
15582,25,3,682.91,"2011-05-03 13:36:00","2011-11-15 09:55:00",4,3,3,433,"Loyal Customers"
14222,178,1,683.17,"2011-06-15 16:42:00","2011-06-15 16:42:00",2,1,3,213,"Needs Attention"
17874,186,6,683.46,"2011-03-29 11:25:00","2011-06-07 12:54:00",1,5,3,153,"Cant Lose Them"
15669,41,4,684.34,"2011-03-21 09:13:00","2011-10-30 16:03:00",3,4,3,343,"Loyal Customers"
16122,74,4,684.42,"2010-12-08 11:41:00","2011-09-27 15:34:00",2,4,3,243,"Cant Lose Them"
15038,59,6,685.74,"2010-12-05 10:54:00","2011-10-12 11:33:00",3,5,3,353,"Loyal Customers"
12658,19,1,686.05,"2011-11-21 10:22:00","2011-11-21 10:22:00",4,1,3,413,"New Customers"
18196,96,2,686.63,"2011-02-22 16:13:00","2011-09-05 16:22:00",2,3,3,233,"Cant Lose Them"
16642,5,2,688.33,"2011-05-16 12:35:00","2011-12-05 11:31:00",5,2,3,523,"New Customers"
13799,117,2,688.86,"2011-02-18 14:18:00","2011-08-15 12:07:00",2,3,3,233,"Cant Lose Them"
17502,10,4,689.10,"2011-11-10 16:39:00","2011-11-30 13:13:00",5,4,3,543,"Loyal Customers"
15181,67,3,689.48,"2011-03-15 12:03:00","2011-10-04 13:58:00",3,4,3,343,"Loyal Customers"
13023,65,2,689.90,"2011-08-02 09:34:00","2011-10-06 16:27:00",3,3,3,333,"Loyal Customers"
18085,331,2,689.95,"2010-12-01 12:08:00","2011-01-13 15:17:00",1,3,3,133,"Cant Lose Them"
17796,41,4,690.00,"2010-12-05 12:23:00","2011-10-30 15:38:00",3,4,3,343,"Loyal Customers"
16212,20,2,690.34,"2011-03-01 12:51:00","2011-11-20 13:00:00",4,2,3,423,"New Customers"
14880,78,3,690.59,"2011-02-24 12:27:00","2011-09-23 13:42:00",2,4,3,243,"Cant Lose Them"
17733,39,2,692.19,"2011-03-23 09:54:00","2011-11-01 08:16:00",3,3,3,333,"Loyal Customers"
17198,24,3,692.22,"2010-12-03 14:54:00","2011-11-16 10:39:00",4,3,3,433,"Loyal Customers"
14111,15,4,692.85,"2011-04-12 11:36:00","2011-11-25 13:44:00",4,4,3,443,"Loyal Customers"
13601,46,2,693.32,"2011-05-12 16:52:00","2011-10-25 17:31:00",3,3,3,333,"Loyal Customers"
12410,309,2,693.33,"2011-02-04 10:38:00","2011-02-04 10:39:00",1,3,3,133,"Cant Lose Them"
14643,171,2,693.81,"2010-12-16 17:53:00","2011-06-22 14:41:00",2,3,3,233,"Cant Lose Them"
15053,5,3,693.95,"2011-03-03 12:06:00","2011-12-05 12:08:00",5,3,3,533,"Loyal Customers"
12925,5,2,694.05,"2011-09-26 11:05:00","2011-12-05 11:11:00",5,2,3,523,"New Customers"
15304,61,8,694.40,"2010-12-06 11:42:00","2011-10-10 10:23:00",3,5,3,353,"Loyal Customers"
17884,4,4,695.07,"2010-12-03 12:11:00","2011-12-06 11:33:00",5,4,3,543,"Loyal Customers"
14959,65,4,695.42,"2011-02-16 13:00:00","2011-10-06 18:23:00",3,4,3,343,"Loyal Customers"
14009,199,2,695.61,"2011-05-18 13:00:00","2011-05-25 15:47:00",1,3,3,133,"Cant Lose Them"
15700,173,2,696.68,"2011-06-19 15:36:00","2011-06-20 16:53:00",2,3,3,233,"Cant Lose Them"
15800,108,2,696.89,"2011-04-07 12:39:00","2011-08-24 14:23:00",2,3,3,233,"Cant Lose Them"
17472,192,3,697.54,"2011-02-13 14:40:00","2011-06-01 14:57:00",1,3,3,133,"Cant Lose Them"
14829,30,4,697.55,"2010-12-02 16:12:00","2011-11-10 16:16:00",4,4,3,443,"Loyal Customers"
17423,47,2,698.41,"2011-05-06 09:14:00","2011-10-24 13:36:00",3,3,3,333,"Loyal Customers"
17812,13,4,699.81,"2010-12-06 15:27:00","2011-11-27 11:47:00",5,4,3,543,"Loyal Customers"
17734,54,3,700.63,"2011-04-20 10:04:00","2011-10-17 12:33:00",3,4,3,343,"Loyal Customers"
13238,18,4,700.73,"2010-12-14 14:37:00","2011-11-22 15:37:00",4,4,3,443,"Loyal Customers"
14356,80,2,701.23,"2011-09-19 14:43:00","2011-09-21 09:18:00",2,3,3,233,"Cant Lose Them"
14198,19,4,701.40,"2011-04-14 14:54:00","2011-11-21 16:35:00",4,4,3,443,"Loyal Customers"
14179,41,2,701.57,"2011-10-18 14:00:00","2011-10-30 12:07:00",3,3,3,333,"Loyal Customers"
16997,289,3,702.00,"2011-01-18 11:51:00","2011-02-24 17:28:00",1,3,3,133,"Cant Lose Them"
15103,32,2,703.36,"2011-09-14 13:54:00","2011-11-08 14:53:00",4,3,3,433,"Loyal Customers"
12883,25,4,703.47,"2011-09-11 15:18:00","2011-11-15 09:32:00",4,4,3,443,"Loyal Customers"
17974,25,3,703.99,"2011-05-04 11:50:00","2011-11-15 11:37:00",4,3,3,433,"Loyal Customers"
12612,75,1,704.04,"2011-09-26 15:35:00","2011-09-26 15:35:00",2,2,3,223,"Needs Attention"
17934,52,2,704.25,"2011-10-12 10:50:00","2011-10-19 11:16:00",3,3,3,333,"Loyal Customers"
16015,4,3,704.55,"2011-10-21 12:56:00","2011-12-06 10:58:00",5,3,3,533,"Loyal Customers"
16882,67,3,705.12,"2011-01-26 17:43:00","2011-10-04 10:42:00",3,4,3,343,"Loyal Customers"
16364,12,2,705.79,"2011-07-25 14:35:00","2011-11-28 11:27:00",5,2,3,523,"New Customers"
14126,8,3,706.13,"2011-11-29 12:21:00","2011-12-02 11:45:00",5,3,3,533,"Loyal Customers"
16309,107,2,706.57,"2011-04-13 11:46:00","2011-08-25 15:35:00",2,3,3,233,"Cant Lose Them"
12453,135,1,707.09,"2011-07-28 14:08:00","2011-07-28 14:08:00",2,2,3,223,"Needs Attention"
16449,198,2,707.69,"2011-03-04 12:15:00","2011-05-26 10:25:00",1,3,3,133,"Cant Lose Them"
15951,9,2,708.22,"2011-02-27 11:57:00","2011-12-01 08:34:00",5,2,3,523,"New Customers"
16136,60,3,709.38,"2011-03-07 09:52:00","2011-10-11 09:10:00",3,4,3,343,"Loyal Customers"
14127,123,3,709.71,"2011-02-02 12:26:00","2011-08-09 10:49:00",2,4,3,243,"Cant Lose Them"
16362,33,5,709.99,"2011-09-09 14:47:00","2011-11-07 13:01:00",3,4,3,343,"Loyal Customers"
14867,186,3,710.28,"2011-01-07 16:34:00","2011-06-07 11:39:00",1,3,3,133,"Cant Lose Them"
13249,93,3,711.41,"2011-03-23 15:26:00","2011-09-08 13:26:00",2,4,3,243,"Cant Lose Them"
17179,179,3,711.79,"2010-12-13 14:24:00","2011-06-14 16:48:00",2,3,3,233,"Cant Lose Them"
13705,8,3,711.86,"2010-12-01 10:29:00","2011-12-02 12:32:00",5,3,3,533,"Loyal Customers"
15855,137,5,712.24,"2011-03-21 12:32:00","2011-07-26 10:20:00",2,4,3,243,"Cant Lose Them"
17642,120,2,712.29,"2011-06-16 12:55:00","2011-08-12 09:11:00",2,3,3,233,"Cant Lose Them"
13587,64,1,712.40,"2011-10-07 12:31:00","2011-10-07 12:31:00",3,2,3,323,"Potential Loyalist"
13416,44,2,712.50,"2011-09-19 14:43:00","2011-10-27 08:56:00",3,3,3,333,"Loyal Customers"
17761,33,1,712.78,"2011-11-07 10:23:00","2011-11-07 10:23:00",4,2,3,423,"New Customers"
13147,11,4,712.80,"2011-09-01 12:28:00","2011-11-29 13:59:00",5,4,3,543,"Loyal Customers"
13169,64,2,712.88,"2011-04-01 14:24:00","2011-10-07 12:11:00",3,3,3,333,"Loyal Customers"
12616,96,2,713.30,"2011-02-15 14:17:00","2011-09-05 15:17:00",2,3,3,233,"Cant Lose Them"
18035,36,3,713.89,"2011-10-27 17:48:00","2011-11-04 12:39:00",3,3,3,333,"Loyal Customers"
15757,66,2,714.42,"2011-05-06 11:40:00","2011-10-05 12:14:00",3,3,3,333,"Loyal Customers"
15330,33,2,714.96,"2011-10-10 12:30:00","2011-11-07 17:50:00",4,3,3,433,"Loyal Customers"
17029,111,2,716.00,"2011-04-17 10:57:00","2011-08-21 11:06:00",2,3,3,233,"Cant Lose Them"
17888,22,8,716.00,"2010-12-17 13:56:00","2011-11-18 13:45:00",4,5,3,453,"Loyal Customers"
15400,93,5,716.20,"2011-03-06 11:27:00","2011-09-08 13:57:00",2,4,3,243,"Cant Lose Them"
12535,92,2,716.35,"2011-06-06 12:47:00","2011-09-09 08:48:00",2,3,3,233,"Cant Lose Them"
15274,5,2,716.57,"2011-11-21 14:17:00","2011-12-05 16:57:00",5,2,3,523,"New Customers"
16023,47,3,719.81,"2011-03-18 13:32:00","2011-10-24 16:34:00",3,4,3,343,"Loyal Customers"
18062,174,3,720.52,"2011-01-06 10:03:00","2011-06-19 14:47:00",2,3,3,233,"Cant Lose Them"
15584,24,4,720.86,"2011-06-30 16:39:00","2011-11-16 10:55:00",4,4,3,443,"Loyal Customers"
14869,9,2,721.45,"2011-08-28 16:09:00","2011-12-01 12:36:00",5,2,3,523,"New Customers"
15272,58,2,721.94,"2011-09-14 16:36:00","2011-10-13 12:59:00",3,3,3,333,"Loyal Customers"
17521,30,3,723.21,"2011-05-24 15:14:00","2011-11-10 11:22:00",4,3,3,433,"Loyal Customers"
12475,54,1,723.38,"2011-10-17 10:10:00","2011-10-17 10:10:00",3,2,3,323,"Potential Loyalist"
15636,90,2,724.76,"2011-03-02 14:50:00","2011-09-11 11:17:00",2,3,3,233,"Cant Lose Them"
12723,4,5,725.07,"2011-10-05 15:52:00","2011-12-06 10:19:00",5,4,3,543,"Loyal Customers"
16140,66,2,725.18,"2010-12-03 14:40:00","2011-10-05 12:15:00",3,3,3,333,"Loyal Customers"
14055,107,1,725.64,"2011-08-25 15:04:00","2011-08-25 15:04:00",2,2,3,223,"Needs Attention"
13623,31,5,727.74,"2011-02-15 13:08:00","2011-11-09 12:00:00",4,4,3,443,"Loyal Customers"
13077,2,4,728.02,"2010-12-08 14:59:00","2011-12-08 19:24:00",5,4,3,543,"Loyal Customers"
17666,4,2,728.16,"2011-10-05 11:06:00","2011-12-06 09:06:00",5,2,3,523,"New Customers"
16261,18,4,728.54,"2011-04-07 19:05:00","2011-11-22 17:23:00",4,4,3,443,"Loyal Customers"
12468,188,2,729.54,"2011-01-27 13:29:00","2011-06-05 11:36:00",1,3,3,133,"Cant Lose Them"
13736,6,2,729.80,"2011-03-24 13:04:00","2011-12-04 15:19:00",5,2,3,523,"New Customers"
14778,128,2,730.86,"2011-02-04 11:43:00","2011-08-04 15:23:00",2,3,3,233,"Cant Lose Them"
16491,47,1,731.50,"2011-10-24 10:18:00","2011-10-24 10:18:00",3,2,3,323,"Potential Loyalist"
16099,51,3,731.90,"2011-04-28 08:34:00","2011-10-20 13:13:00",3,4,3,343,"Loyal Customers"
13575,24,5,732.07,"2011-06-16 14:24:00","2011-11-16 13:14:00",4,4,3,443,"Loyal Customers"
17979,36,4,732.41,"2011-03-25 11:34:00","2011-11-04 12:05:00",3,4,3,343,"Loyal Customers"
16146,158,3,734.13,"2011-04-21 15:25:00","2011-07-05 14:20:00",2,4,3,243,"Cant Lose Them"
15525,3,3,734.37,"2010-12-01 13:17:00","2011-12-07 14:43:00",5,3,3,533,"Loyal Customers"
15215,47,3,734.94,"2011-09-04 12:24:00","2011-10-24 11:41:00",3,4,3,343,"Loyal Customers"
15045,152,2,735.66,"2011-03-27 11:44:00","2011-07-11 11:33:00",2,3,3,233,"Cant Lose Them"
15074,106,1,735.67,"2011-08-26 14:45:00","2011-08-26 14:45:00",2,2,3,223,"Needs Attention"
17461,23,3,735.82,"2011-11-10 12:01:00","2011-11-17 10:21:00",4,3,3,433,"Loyal Customers"
12976,212,1,738.60,"2011-05-12 09:55:00","2011-05-12 09:55:00",1,1,3,113,Lost
14756,16,1,738.96,"2011-11-24 18:13:00","2011-11-24 18:13:00",4,1,3,413,"New Customers"
12603,22,1,739.20,"2011-11-18 10:42:00","2011-11-18 10:42:00",4,1,3,413,"New Customers"
15252,37,2,740.78,"2011-06-09 14:15:00","2011-11-03 13:30:00",3,3,3,333,"Loyal Customers"
17692,128,4,740.94,"2010-12-15 13:37:00","2011-08-04 14:01:00",2,4,3,243,"Cant Lose Them"
13900,184,3,740.95,"2011-03-22 10:13:00","2011-06-09 19:26:00",1,3,3,133,"Cant Lose Them"
13753,288,1,741.26,"2011-02-25 12:48:00","2011-02-25 12:48:00",1,1,3,113,Lost
14662,29,4,741.37,"2011-01-27 17:41:00","2011-11-11 12:13:00",4,4,3,443,"Loyal Customers"
12465,18,2,742.19,"2011-06-23 13:37:00","2011-11-22 16:34:00",4,2,3,423,"New Customers"
16891,2,5,742.43,"2010-12-03 11:35:00","2011-12-08 11:15:00",5,4,3,543,"Loyal Customers"
12374,26,1,742.93,"2011-11-14 15:37:00","2011-11-14 15:37:00",4,1,3,413,"New Customers"
16730,53,3,743.11,"2011-01-24 14:01:00","2011-10-18 14:11:00",3,4,3,343,"Loyal Customers"
13354,72,1,743.53,"2011-09-29 13:17:00","2011-09-29 13:17:00",3,2,3,323,"Potential Loyalist"
13236,25,2,744.85,"2011-08-25 08:58:00","2011-11-15 12:50:00",4,2,3,423,"New Customers"
13950,12,4,745.06,"2011-04-07 11:29:00","2011-11-28 14:44:00",5,4,3,543,"Loyal Customers"
14790,17,4,745.06,"2011-03-31 11:49:00","2011-11-23 09:28:00",4,4,3,443,"Loyal Customers"
17034,17,3,745.52,"2011-02-25 10:10:00","2011-11-23 15:14:00",4,3,3,433,"Loyal Customers"
14050,32,2,746.36,"2011-08-25 13:46:00","2011-11-08 10:00:00",4,3,3,433,"Loyal Customers"
17387,20,2,746.81,"2011-11-06 11:25:00","2011-11-20 11:00:00",4,2,3,423,"New Customers"
14201,61,7,747.44,"2010-12-15 13:25:00","2011-10-10 13:27:00",3,5,3,353,"Loyal Customers"
16859,145,2,747.81,"2011-03-23 13:39:00","2011-07-18 12:19:00",2,3,3,233,"Cant Lose Them"
15656,46,4,748.50,"2011-02-28 15:32:00","2011-10-25 14:56:00",3,4,3,343,"Loyal Customers"
14923,51,1,749.10,"2011-10-20 11:51:00","2011-10-20 11:51:00",3,2,3,323,"Potential Loyalist"
17146,106,3,749.78,"2010-12-16 12:20:00","2011-08-26 12:44:00",2,4,3,243,"Cant Lose Them"
12908,177,2,750.00,"2011-01-31 12:37:00","2011-06-16 15:39:00",2,3,3,233,"Cant Lose Them"
16256,267,1,752.43,"2011-03-18 12:18:00","2011-03-18 12:18:00",1,1,3,113,Lost
13030,12,2,752.44,"2010-12-06 14:31:00","2011-11-28 14:30:00",5,2,3,523,"New Customers"
13730,136,2,752.60,"2011-07-01 12:47:00","2011-07-27 08:35:00",2,3,3,233,"Cant Lose Them"
16470,52,4,752.77,"2010-12-16 11:53:00","2011-10-19 12:11:00",3,4,3,343,"Loyal Customers"
14234,23,4,754.12,"2011-10-13 13:58:00","2011-11-17 17:53:00",4,4,3,443,"Loyal Customers"
18104,38,1,754.64,"2011-11-02 14:07:00","2011-11-02 14:07:00",3,2,3,323,"Potential Loyalist"
13370,372,1,754.87,"2010-12-03 10:26:00","2010-12-03 10:26:00",1,1,3,113,Lost
15223,226,2,755.75,"2011-04-04 12:17:00","2011-04-28 11:31:00",1,3,3,133,"Cant Lose Them"
16770,58,5,757.10,"2010-12-02 15:49:00","2011-10-13 12:21:00",3,4,3,343,"Loyal Customers"
14550,11,2,757.37,"2011-10-26 12:14:00","2011-11-29 12:12:00",5,2,3,523,"New Customers"
16205,31,4,757.63,"2011-06-13 11:33:00","2011-11-09 09:32:00",4,4,3,443,"Loyal Customers"
12413,67,3,758.10,"2011-01-06 16:12:00","2011-10-04 09:00:00",3,4,3,343,"Loyal Customers"
16725,303,7,758.27,"2010-12-03 16:02:00","2011-02-10 16:52:00",1,5,3,153,"Cant Lose Them"
15568,3,3,758.29,"2011-09-27 14:37:00","2011-12-07 11:27:00",5,3,3,533,"Loyal Customers"
16036,88,2,758.92,"2011-03-21 13:01:00","2011-09-13 14:53:00",2,3,3,233,"Cant Lose Them"
17425,20,2,759.17,"2011-10-10 11:37:00","2011-11-20 15:30:00",4,2,3,423,"New Customers"
14883,19,6,761.59,"2011-05-12 09:49:00","2011-11-21 10:23:00",4,5,3,453,"Loyal Customers"
15599,27,2,761.74,"2011-05-19 13:05:00","2011-11-13 11:44:00",4,2,3,423,"New Customers"
16806,104,4,762.16,"2011-04-14 19:59:00","2011-08-28 15:27:00",2,4,3,243,"Cant Lose Them"
17466,11,2,763.28,"2011-09-22 09:16:00","2011-11-29 13:15:00",5,2,3,523,"New Customers"
17268,108,4,763.64,"2011-04-08 13:20:00","2011-08-24 10:06:00",2,4,3,243,"Cant Lose Them"
17516,16,5,764.88,"2011-02-27 12:41:00","2011-11-24 16:51:00",4,4,3,443,"Loyal Customers"
14885,132,1,765.32,"2011-07-31 12:05:00","2011-07-31 12:05:00",2,2,3,223,"Needs Attention"
17695,132,2,765.34,"2011-06-21 12:35:00","2011-07-31 10:40:00",2,3,3,233,"Cant Lose Them"
14672,235,2,765.55,"2011-01-07 15:48:00","2011-04-19 10:19:00",1,3,3,133,"Cant Lose Them"
13356,81,1,768.24,"2011-09-20 14:33:00","2011-09-20 14:33:00",2,2,3,223,"Needs Attention"
16480,76,1,769.29,"2011-09-25 11:40:00","2011-09-25 11:40:00",2,2,3,223,"Needs Attention"
12965,90,1,769.81,"2011-09-11 15:31:00","2011-09-11 15:31:00",2,2,3,223,"Needs Attention"
14412,43,2,770.03,"2011-09-28 08:48:00","2011-10-28 10:45:00",3,3,3,333,"Loyal Customers"
15353,255,2,770.12,"2010-12-07 11:49:00","2011-03-30 12:15:00",1,3,3,133,"Cant Lose Them"
17409,185,2,771.85,"2011-04-05 16:42:00","2011-06-08 10:36:00",1,3,3,133,"Cant Lose Them"
17764,51,2,772.55,"2011-05-12 16:11:00","2011-10-20 11:03:00",3,3,3,333,"Loyal Customers"
15075,78,1,773.03,"2011-09-23 12:27:00","2011-09-23 12:27:00",2,2,3,223,"Needs Attention"
16222,319,1,773.55,"2011-01-25 13:38:00","2011-01-25 13:38:00",1,1,3,113,Lost
16043,38,4,773.99,"2011-01-26 11:14:00","2011-11-02 12:50:00",3,4,3,343,"Loyal Customers"
15414,10,3,774.90,"2011-04-11 13:45:00","2011-11-30 09:50:00",5,3,3,533,"Loyal Customers"
16825,39,2,775.18,"2011-06-07 09:44:00","2011-11-01 11:51:00",3,3,3,333,"Loyal Customers"
13341,261,1,775.85,"2011-03-24 09:50:00","2011-03-24 09:50:00",1,1,3,113,Lost
13314,2,3,775.94,"2011-09-27 10:20:00","2011-12-08 12:29:00",5,3,3,533,"Loyal Customers"
15743,17,4,775.96,"2011-06-08 10:14:00","2011-11-23 17:19:00",4,4,3,443,"Loyal Customers"
15618,33,4,776.85,"2011-07-26 10:13:00","2011-11-07 08:34:00",3,4,3,343,"Loyal Customers"
12425,79,1,777.20,"2011-09-22 17:31:00","2011-09-22 17:31:00",2,2,3,223,"Needs Attention"
13563,85,2,777.53,"2011-07-22 17:21:00","2011-09-16 14:45:00",2,3,3,233,"Cant Lose Them"
16505,32,1,777.60,"2011-11-08 12:14:00","2011-11-08 12:14:00",4,2,3,423,"New Customers"
17414,44,2,778.00,"2011-06-08 11:43:00","2011-10-27 12:13:00",3,3,3,333,"Loyal Customers"
14815,37,2,778.50,"2011-10-03 11:36:00","2011-11-03 11:36:00",3,3,3,333,"Loyal Customers"
13375,89,1,778.65,"2011-09-12 10:19:00","2011-09-12 10:19:00",2,2,3,223,"Needs Attention"
17411,13,3,778.94,"2011-03-23 13:44:00","2011-11-27 14:25:00",5,3,3,533,"Loyal Customers"
12735,316,2,779.57,"2011-01-06 14:26:00","2011-01-28 13:37:00",1,3,3,133,"Cant Lose Them"
18228,57,2,779.90,"2011-09-21 10:48:00","2011-10-14 09:21:00",3,3,3,333,"Loyal Customers"
17797,23,3,780.43,"2011-06-10 11:29:00","2011-11-17 13:21:00",4,3,3,433,"Loyal Customers"
15239,11,2,780.59,"2011-09-22 09:53:00","2011-11-29 14:14:00",5,2,3,523,"New Customers"
13583,156,1,781.03,"2011-07-07 10:40:00","2011-07-07 10:40:00",2,2,3,223,"Needs Attention"
15679,25,4,781.28,"2011-06-10 08:24:00","2011-11-15 16:19:00",4,4,3,443,"Loyal Customers"
17006,5,4,781.78,"2011-09-25 12:15:00","2011-12-05 12:09:00",5,4,3,543,"Loyal Customers"
15952,34,4,781.91,"2011-04-28 12:55:00","2011-11-06 11:18:00",3,4,3,343,"Loyal Customers"
16054,146,1,783.90,"2011-07-17 13:08:00","2011-07-17 13:08:00",2,2,3,223,"Needs Attention"
17180,57,4,783.97,"2011-01-27 18:05:00","2011-10-14 15:46:00",3,4,3,343,"Loyal Customers"
18136,64,3,784.33,"2011-01-24 12:08:00","2011-10-07 15:40:00",3,4,3,343,"Loyal Customers"
15806,47,3,784.58,"2011-03-08 09:24:00","2011-10-24 14:35:00",3,4,3,343,"Loyal Customers"
12628,5,3,786.46,"2011-10-06 09:28:00","2011-12-05 13:15:00",5,3,3,533,"Loyal Customers"
13109,60,2,786.54,"2011-07-05 14:56:00","2011-10-11 10:16:00",3,3,3,333,"Loyal Customers"
13212,20,3,786.83,"2011-10-09 14:48:00","2011-11-20 12:40:00",4,3,3,433,"Loyal Customers"
16546,291,2,787.15,"2010-12-02 12:07:00","2011-02-22 11:20:00",1,3,3,133,"Cant Lose Them"
13884,8,5,787.60,"2011-03-01 13:40:00","2011-12-02 16:30:00",5,4,3,543,"Loyal Customers"
13323,4,5,787.85,"2011-09-16 13:23:00","2011-12-06 17:12:00",5,4,3,543,"Loyal Customers"
14557,86,1,788.38,"2011-09-15 15:48:00","2011-09-15 15:48:00",2,2,3,223,"Needs Attention"
13329,32,2,789.00,"2010-12-08 10:11:00","2011-11-08 10:29:00",4,3,3,433,"Loyal Customers"
16759,8,3,789.79,"2011-11-09 09:06:00","2011-12-02 12:42:00",5,3,3,533,"Loyal Customers"
13016,74,3,789.89,"2011-08-08 15:00:00","2011-09-27 14:08:00",2,4,3,243,"Cant Lose Them"
14976,58,7,790.86,"2011-01-17 11:09:00","2011-10-13 16:37:00",3,5,3,353,"Loyal Customers"
13167,19,4,791.33,"2011-07-19 12:13:00","2011-11-21 12:24:00",4,4,3,443,"Loyal Customers"
15990,45,2,792.11,"2011-02-25 15:35:00","2011-10-26 15:58:00",3,3,3,333,"Loyal Customers"
15831,59,3,794.64,"2011-01-19 14:52:00","2011-10-12 13:14:00",3,4,3,343,"Loyal Customers"
13336,78,1,795.12,"2011-09-23 14:05:00","2011-09-23 14:05:00",2,2,3,223,"Needs Attention"
12701,80,2,797.71,"2011-04-11 13:02:00","2011-09-21 10:47:00",2,3,3,233,"Cant Lose Them"
13389,12,3,797.96,"2011-04-21 12:12:00","2011-11-28 14:01:00",5,3,3,533,"Loyal Customers"
16438,6,5,798.35,"2011-09-18 13:31:00","2011-12-04 10:51:00",5,4,3,543,"Loyal Customers"
13280,123,3,798.46,"2011-01-06 17:10:00","2011-08-09 13:14:00",2,4,3,243,"Cant Lose Them"
17703,36,3,798.74,"2011-07-24 13:30:00","2011-11-04 15:51:00",3,3,3,333,"Loyal Customers"
17905,72,4,798.99,"2010-12-01 13:21:00","2011-09-29 17:33:00",3,4,3,343,"Loyal Customers"
13720,117,4,799.90,"2011-03-30 09:17:00","2011-08-15 12:46:00",2,4,3,243,"Cant Lose Them"
15561,12,4,800.59,"2011-05-08 11:38:00","2011-11-28 11:07:00",5,4,3,543,"Loyal Customers"
16367,38,2,800.67,"2010-12-12 12:01:00","2011-11-02 13:13:00",3,3,3,333,"Loyal Customers"
17114,6,8,801.12,"2011-01-09 11:39:00","2011-12-04 12:17:00",5,5,3,553,"Loyal Customers"
18265,73,2,801.51,"2011-07-04 15:26:00","2011-09-28 14:10:00",2,3,3,233,"Cant Lose Them"
15644,167,4,803.54,"2011-03-23 15:37:00","2011-06-26 14:54:00",2,4,3,243,"Cant Lose Them"
12422,96,3,803.56,"2011-01-19 09:13:00","2011-09-05 09:48:00",2,4,3,243,"Cant Lose Them"
18248,123,2,804.02,"2011-06-06 13:18:00","2011-08-09 10:19:00",2,3,3,233,"Cant Lose Them"
13637,53,3,804.30,"2011-04-27 13:06:00","2011-10-18 13:32:00",3,4,3,343,"Loyal Customers"
12434,85,2,806.14,"2011-03-24 13:05:00","2011-09-16 12:38:00",2,3,3,233,"Cant Lose Them"
13707,268,2,806.41,"2011-01-28 13:27:00","2011-03-17 18:03:00",1,3,3,133,"Cant Lose Them"
12421,16,4,807.04,"2011-01-24 15:09:00","2011-11-24 09:07:00",4,4,3,443,"Loyal Customers"
15533,20,3,807.57,"2011-09-11 15:41:00","2011-11-20 15:35:00",4,3,3,433,"Loyal Customers"
14499,27,3,808.44,"2011-03-06 11:55:00","2011-11-13 13:01:00",4,3,3,433,"Loyal Customers"
15965,18,4,808.87,"2010-12-07 13:18:00","2011-11-22 16:44:00",4,4,3,443,"Loyal Customers"
16624,81,2,810.57,"2011-05-26 14:20:00","2011-09-20 12:39:00",2,3,3,233,"Cant Lose Them"
16276,177,1,810.60,"2011-06-16 09:34:00","2011-06-16 09:34:00",2,1,3,213,"Needs Attention"
16460,29,3,811.23,"2011-09-19 10:15:00","2011-11-11 13:46:00",4,3,3,433,"Loyal Customers"
17980,166,3,811.45,"2010-12-15 15:50:00","2011-06-27 12:01:00",2,3,3,233,"Cant Lose Them"
16284,32,2,812.68,"2011-10-20 13:54:00","2011-11-08 16:12:00",4,3,3,433,"Loyal Customers"
14421,58,2,813.11,"2011-05-12 10:49:00","2011-10-13 13:24:00",3,3,3,333,"Loyal Customers"
16621,52,4,813.48,"2011-03-07 11:32:00","2011-10-19 11:38:00",3,4,3,343,"Loyal Customers"
16600,5,6,813.52,"2011-01-05 12:13:00","2011-12-05 16:00:00",5,5,3,553,"Loyal Customers"
18064,134,2,814.00,"2011-04-18 15:08:00","2011-07-29 16:39:00",2,3,3,233,"Cant Lose Them"
13811,184,3,814.50,"2011-04-14 18:40:00","2011-06-09 09:54:00",1,3,3,133,"Cant Lose Them"
15399,2,3,815.77,"2011-09-21 15:57:00","2011-12-08 13:04:00",5,3,3,533,"Loyal Customers"
15649,337,2,816.00,"2010-12-07 10:06:00","2011-01-07 13:34:00",1,3,3,133,"Cant Lose Them"
16943,212,3,816.73,"2011-01-25 14:00:00","2011-05-12 11:57:00",1,3,3,133,"Cant Lose Them"
16869,23,4,817.12,"2011-06-17 13:01:00","2011-11-17 12:02:00",4,4,3,443,"Loyal Customers"
16092,115,3,817.86,"2011-03-30 15:38:00","2011-08-17 10:46:00",2,4,3,243,"Cant Lose Them"
13220,79,4,819.29,"2011-04-17 10:59:00","2011-09-22 13:38:00",2,4,3,243,"Cant Lose Them"
17759,18,3,819.96,"2011-06-23 13:35:00","2011-11-22 16:02:00",4,3,3,433,"Loyal Customers"
17921,65,4,820.23,"2011-03-18 13:19:00","2011-10-06 18:56:00",3,4,3,343,"Loyal Customers"
13893,298,1,821.10,"2011-02-15 11:30:00","2011-02-15 11:30:00",1,1,3,113,Lost
12778,20,6,822.23,"2011-01-31 14:35:00","2011-11-20 11:30:00",4,5,3,453,"Loyal Customers"
16164,18,3,822.48,"2011-10-28 09:12:00","2011-11-22 15:04:00",4,3,3,433,"Loyal Customers"
15164,69,3,824.58,"2011-01-04 14:21:00","2011-10-02 12:05:00",3,4,3,343,"Loyal Customers"
12427,22,3,825.80,"2010-12-03 10:44:00","2011-11-18 08:56:00",4,3,3,433,"Loyal Customers"
16494,297,1,826.53,"2011-02-16 12:49:00","2011-02-16 12:49:00",1,1,3,113,Lost
12781,64,2,826.74,"2011-02-28 08:43:00","2011-10-07 10:37:00",3,3,3,333,"Loyal Customers"
12461,95,2,826.88,"2011-07-08 10:23:00","2011-09-06 16:57:00",2,3,3,233,"Cant Lose Them"
13681,18,4,827.83,"2011-07-07 15:21:00","2011-11-22 11:13:00",4,4,3,443,"Loyal Customers"
16924,22,3,829.89,"2011-09-16 12:54:00","2011-11-18 12:53:00",4,3,3,433,"Loyal Customers"
14644,68,2,830.76,"2011-02-14 14:14:00","2011-10-03 08:30:00",3,3,3,333,"Loyal Customers"
15862,9,4,832.88,"2010-12-01 11:21:00","2011-12-01 13:28:00",5,4,3,543,"Loyal Customers"
16644,178,2,833.78,"2011-05-11 12:53:00","2011-06-15 12:39:00",2,3,3,233,"Cant Lose Them"
17075,18,4,834.12,"2011-01-26 13:20:00","2011-11-22 11:58:00",4,4,3,443,"Loyal Customers"
13835,26,4,834.57,"2011-05-08 15:22:00","2011-11-14 15:37:00",4,4,3,443,"Loyal Customers"
17169,58,2,835.78,"2011-06-09 13:16:00","2011-10-13 10:25:00",3,3,3,333,"Loyal Customers"
16747,38,2,836.06,"2011-10-03 10:18:00","2011-11-02 11:37:00",3,3,3,333,"Loyal Customers"
12728,72,4,836.33,"2011-01-11 13:31:00","2011-09-29 15:31:00",3,4,3,343,"Loyal Customers"
15832,255,1,836.79,"2011-03-30 15:29:00","2011-03-30 15:29:00",1,1,3,113,Lost
16554,43,3,837.10,"2011-01-12 12:41:00","2011-10-28 14:51:00",3,4,3,343,"Loyal Customers"
17115,9,3,837.50,"2011-04-20 14:46:00","2011-12-01 14:30:00",5,3,3,533,"Loyal Customers"
13940,18,4,839.14,"2011-07-18 16:05:00","2011-11-22 15:15:00",4,4,3,443,"Loyal Customers"
14332,23,3,840.21,"2011-07-15 10:33:00","2011-11-17 11:54:00",4,3,3,433,"Loyal Customers"
17076,37,3,841.08,"2010-12-10 10:08:00","2011-11-03 17:53:00",3,4,3,343,"Loyal Customers"
14862,26,2,841.20,"2011-07-14 11:20:00","2011-11-14 10:01:00",4,2,3,423,"New Customers"
16560,27,2,841.41,"2010-12-16 14:36:00","2011-11-13 10:35:00",4,2,3,423,"New Customers"
16108,85,1,842.50,"2011-09-16 11:48:00","2011-09-16 11:48:00",2,2,3,223,"Needs Attention"
13929,170,2,842.65,"2011-01-17 15:11:00","2011-06-23 15:26:00",2,3,3,233,"Cant Lose Them"
17929,12,4,843.00,"2011-02-04 11:40:00","2011-11-28 16:01:00",5,4,3,543,"Loyal Customers"
17624,15,2,843.48,"2011-05-05 17:59:00","2011-11-25 10:52:00",4,2,3,423,"New Customers"
12847,23,1,843.64,"2011-11-17 13:16:00","2011-11-17 13:16:00",4,1,3,413,"New Customers"
14803,163,3,845.55,"2011-02-20 13:21:00","2011-06-30 13:58:00",2,3,3,233,"Cant Lose Them"
16877,13,6,846.62,"2011-05-15 16:13:00","2011-11-27 13:47:00",5,5,3,553,"Loyal Customers"
13221,241,2,847.41,"2010-12-15 13:24:00","2011-04-13 16:58:00",1,3,3,133,"Cant Lose Them"
16347,12,2,847.45,"2011-11-03 13:01:00","2011-11-28 13:14:00",5,2,3,523,"New Customers"
14657,18,4,848.22,"2011-01-17 15:19:00","2011-11-22 12:47:00",4,4,3,443,"Loyal Customers"
12713,1,1,848.55,"2011-12-09 12:16:00","2011-12-09 12:16:00",5,1,3,513,"New Customers"
18096,12,3,849.06,"2011-10-07 11:55:00","2011-11-28 12:44:00",5,3,3,533,"Loyal Customers"
16020,17,3,851.01,"2011-10-05 13:54:00","2011-11-23 11:18:00",4,3,3,433,"Loyal Customers"
16070,23,2,852.15,"2011-11-07 16:36:00","2011-11-17 15:50:00",4,2,3,423,"New Customers"
12379,82,2,852.24,"2011-06-22 16:32:00","2011-09-19 10:09:00",2,3,3,233,"Cant Lose Them"
15022,12,4,852.39,"2011-10-23 15:47:00","2011-11-28 12:35:00",5,4,3,543,"Loyal Customers"
13991,13,6,852.88,"2011-07-19 12:58:00","2011-11-27 16:18:00",5,5,3,553,"Loyal Customers"
14193,68,2,853.39,"2011-03-15 11:38:00","2011-10-03 09:34:00",3,3,3,333,"Loyal Customers"
16121,58,2,854.66,"2011-05-08 11:52:00","2011-10-13 12:59:00",3,3,3,333,"Loyal Customers"
17560,95,4,854.95,"2011-02-02 11:14:00","2011-09-06 09:18:00",2,4,3,243,"Cant Lose Them"
12878,237,2,854.99,"2011-03-18 14:02:00","2011-04-17 13:07:00",1,3,3,133,"Cant Lose Them"
16037,270,3,855.02,"2010-12-16 10:18:00","2011-03-15 09:13:00",1,3,3,133,"Cant Lose Them"
17064,59,3,855.45,"2011-01-16 16:10:00","2011-10-12 10:18:00",3,4,3,343,"Loyal Customers"
12693,128,4,855.91,"2011-01-24 12:58:00","2011-08-04 17:51:00",2,4,3,243,"Cant Lose Them"
16163,233,2,856.60,"2010-12-09 16:28:00","2011-04-21 15:15:00",1,3,3,133,"Cant Lose Them"
13566,41,2,856.84,"2011-09-18 12:40:00","2011-10-30 11:59:00",3,3,3,333,"Loyal Customers"
14553,20,5,859.27,"2011-01-04 15:40:00","2011-11-20 13:20:00",4,4,3,443,"Loyal Customers"
14577,13,4,859.71,"2010-12-12 11:26:00","2011-11-27 12:47:00",5,4,3,543,"Loyal Customers"
13339,201,1,860.12,"2011-05-23 08:31:00","2011-05-23 08:31:00",1,1,3,113,Lost
12794,54,2,860.41,"2011-09-02 12:01:00","2011-10-17 14:54:00",3,3,3,333,"Loyal Customers"
16221,37,3,860.86,"2010-12-07 13:13:00","2011-11-03 11:43:00",3,4,3,343,"Loyal Customers"
16266,74,7,861.89,"2011-05-17 14:50:00","2011-09-27 12:08:00",2,5,3,253,"Cant Lose Them"
12680,1,4,862.81,"2011-08-18 15:44:00","2011-12-09 12:50:00",5,4,3,543,"Loyal Customers"
13846,25,3,865.06,"2010-12-14 16:07:00","2011-11-15 12:07:00",4,3,3,433,"Loyal Customers"
16567,195,2,865.60,"2011-01-07 09:31:00","2011-05-29 13:57:00",1,3,3,133,"Cant Lose Them"
14597,12,2,866.24,"2011-06-01 12:33:00","2011-11-28 13:13:00",5,2,3,523,"New Customers"
16235,41,5,867.31,"2011-01-11 15:42:00","2011-10-30 10:56:00",3,4,3,343,"Loyal Customers"
14715,25,4,867.38,"2011-01-12 13:27:00","2011-11-15 12:10:00",4,4,3,443,"Loyal Customers"
14912,17,2,867.85,"2011-04-07 11:06:00","2011-11-23 09:20:00",4,2,3,423,"New Customers"
17649,139,1,868.49,"2011-07-24 15:53:00","2011-07-24 15:53:00",2,2,3,223,"Needs Attention"
17886,32,3,869.28,"2011-04-04 12:34:00","2011-11-08 10:09:00",4,3,3,433,"Loyal Customers"
13203,10,4,869.46,"2011-04-11 14:40:00","2011-11-30 10:45:00",5,4,3,543,"Loyal Customers"
12694,71,2,869.67,"2011-06-09 17:48:00","2011-09-30 13:06:00",3,3,3,333,"Loyal Customers"
17566,9,2,869.77,"2011-11-14 13:42:00","2011-12-01 19:54:00",5,2,3,523,"New Customers"
13979,74,1,869.87,"2011-09-27 13:32:00","2011-09-27 13:32:00",2,2,3,223,"Needs Attention"
13200,20,4,870.09,"2011-08-05 14:50:00","2011-11-20 15:35:00",4,4,3,443,"Loyal Customers"
15208,2,5,870.12,"2010-12-21 13:03:00","2011-12-08 17:24:00",5,4,3,543,"Loyal Customers"
13294,190,2,873.74,"2011-04-04 12:37:00","2011-06-03 08:54:00",1,3,3,133,"Cant Lose Them"
16657,10,4,874.43,"2011-03-30 12:02:00","2011-11-30 11:48:00",5,4,3,543,"Loyal Customers"
16513,5,4,874.59,"2011-10-27 14:56:00","2011-12-05 10:18:00",5,4,3,543,"Loyal Customers"
15100,334,3,876.00,"2010-12-01 09:09:00","2011-01-10 10:35:00",1,3,3,133,"Cant Lose Them"
14770,233,2,876.42,"2011-01-20 15:00:00","2011-04-21 14:21:00",1,3,3,133,"Cant Lose Them"
15653,93,2,877.44,"2011-08-16 09:50:00","2011-09-08 10:49:00",2,3,3,233,"Cant Lose Them"
17027,79,6,877.56,"2011-01-26 14:19:00","2011-09-22 12:24:00",2,5,3,253,"Cant Lose Them"
15076,173,1,880.85,"2011-06-20 08:23:00","2011-06-20 08:23:00",2,1,3,213,"Needs Attention"
13037,139,3,881.07,"2011-03-28 15:42:00","2011-07-24 15:46:00",2,4,3,243,"Cant Lose Them"
13662,86,3,881.26,"2011-03-25 13:23:00","2011-09-15 12:04:00",2,4,3,243,"Cant Lose Them"
17109,30,6,881.29,"2011-04-21 15:46:00","2011-11-10 16:59:00",4,5,3,453,"Loyal Customers"
18236,30,6,882.24,"2011-04-13 09:52:00","2011-11-10 08:06:00",4,5,3,453,"Loyal Customers"
15907,4,3,882.72,"2011-05-13 13:01:00","2011-12-06 12:21:00",5,3,3,533,"Loyal Customers"
15799,76,3,884.14,"2011-01-09 15:13:00","2011-09-25 12:46:00",2,4,3,243,"Cant Lose Them"
17704,169,2,885.19,"2011-04-14 09:28:00","2011-06-24 09:40:00",2,3,3,233,"Cant Lose Them"
15822,4,2,885.47,"2010-12-15 13:38:00","2011-12-06 14:50:00",5,2,3,523,"New Customers"
14449,19,4,885.80,"2010-12-02 14:09:00","2011-11-21 12:06:00",4,4,3,443,"Loyal Customers"
14623,33,5,886.70,"2011-04-18 13:54:00","2011-11-07 13:56:00",4,4,3,443,"Loyal Customers"
16900,17,3,887.11,"2011-10-07 13:17:00","2011-11-23 10:32:00",4,3,3,433,"Loyal Customers"
17537,30,2,887.67,"2011-02-09 13:37:00","2011-11-10 10:56:00",4,3,3,433,"Loyal Customers"
17829,299,1,889.24,"2011-02-14 12:46:00","2011-02-14 12:46:00",1,1,3,113,Lost
17007,51,6,889.93,"2010-12-17 13:57:00","2011-10-20 10:47:00",3,5,3,353,"Loyal Customers"
14344,128,8,889.93,"2010-12-06 11:58:00","2011-08-04 13:51:00",2,5,3,253,"Cant Lose Them"
14240,31,2,890.34,"2011-04-28 11:40:00","2011-11-09 13:45:00",4,3,3,433,"Loyal Customers"
15255,67,1,890.85,"2011-10-04 12:43:00","2011-10-04 12:43:00",3,2,3,323,"Potential Loyalist"
13515,73,4,891.12,"2011-04-06 10:33:00","2011-09-28 11:26:00",2,4,3,243,"Cant Lose Them"
16361,10,4,891.21,"2011-09-29 13:13:00","2011-11-30 12:32:00",5,4,3,543,"Loyal Customers"
12772,60,1,892.47,"2011-10-11 09:19:00","2011-10-11 09:19:00",3,2,3,323,"Potential Loyalist"
15066,54,1,893.59,"2011-10-17 13:25:00","2011-10-17 13:25:00",3,2,3,323,"Potential Loyalist"
15211,61,2,894.41,"2010-12-09 16:08:00","2011-10-10 13:31:00",3,3,3,333,"Loyal Customers"
15865,41,3,895.13,"2011-05-10 11:44:00","2011-10-30 12:43:00",3,4,3,343,"Loyal Customers"
15079,213,4,895.61,"2010-12-09 09:25:00","2011-05-11 12:45:00",1,4,3,143,"Cant Lose Them"
14625,197,2,899.63,"2010-12-13 15:36:00","2011-05-27 15:32:00",1,3,3,133,"Cant Lose Them"
12940,55,2,899.69,"2011-09-13 10:16:00","2011-10-16 12:09:00",3,3,3,333,"Loyal Customers"
15511,12,5,900.53,"2011-09-15 15:05:00","2011-11-28 09:43:00",5,4,3,543,"Loyal Customers"
17848,82,9,901.20,"2010-12-16 18:38:00","2011-09-19 16:49:00",2,5,3,253,"Cant Lose Them"
16716,267,2,901.20,"2011-02-01 15:35:00","2011-03-18 10:03:00",1,3,3,133,"Cant Lose Them"
15807,51,3,903.90,"2011-09-23 14:43:00","2011-10-20 14:10:00",3,4,3,343,"Loyal Customers"
15480,117,1,905.50,"2011-08-15 14:32:00","2011-08-15 14:32:00",2,2,3,223,"Needs Attention"
17323,16,7,906.52,"2011-02-20 14:38:00","2011-11-24 17:29:00",4,5,3,453,"Loyal Customers"
13038,81,3,908.46,"2011-02-22 11:43:00","2011-09-20 14:37:00",2,4,3,243,"Cant Lose Them"
13782,13,6,908.86,"2011-01-16 11:08:00","2011-11-27 11:54:00",5,5,3,553,"Loyal Customers"
13689,64,1,910.00,"2011-10-07 13:21:00","2011-10-07 13:21:00",3,2,3,323,"Potential Loyalist"
14289,9,6,911.26,"2011-02-23 12:33:00","2011-12-01 11:44:00",5,5,3,553,"Loyal Customers"
13192,96,2,911.94,"2011-05-18 14:57:00","2011-09-05 14:13:00",2,3,3,233,"Cant Lose Them"
14359,20,3,912.18,"2011-09-13 09:03:00","2011-11-20 13:17:00",4,3,3,433,"Loyal Customers"
15364,96,2,913.19,"2011-03-30 13:39:00","2011-09-05 09:46:00",2,3,3,233,"Cant Lose Them"
15587,51,4,913.68,"2010-12-23 09:59:00","2011-10-20 13:37:00",3,4,3,343,"Loyal Customers"
16809,24,5,914.69,"2011-03-22 15:20:00","2011-11-16 15:45:00",4,4,3,443,"Loyal Customers"
16216,268,1,914.93,"2011-03-17 15:34:00","2011-03-17 15:34:00",1,1,3,113,Lost
14141,3,4,915.13,"2011-08-26 14:40:00","2011-12-07 09:53:00",5,4,3,543,"Loyal Customers"
17236,13,6,916.13,"2010-12-12 11:49:00","2011-11-27 12:00:00",5,5,3,553,"Loyal Customers"
15707,36,4,916.98,"2011-09-14 14:19:00","2011-11-04 14:35:00",3,4,3,343,"Loyal Customers"
14712,30,3,917.07,"2011-08-19 13:33:00","2011-11-10 12:59:00",4,3,3,433,"Loyal Customers"
14015,53,1,917.34,"2011-10-18 10:02:00","2011-10-18 10:02:00",3,2,3,323,"Potential Loyalist"
15253,17,5,918.20,"2011-06-23 12:19:00","2011-11-23 16:22:00",4,4,3,443,"Loyal Customers"
13549,26,7,918.20,"2011-04-11 13:42:00","2011-11-14 09:20:00",4,5,3,453,"Loyal Customers"
16511,22,3,918.33,"2011-03-18 11:24:00","2011-11-18 10:41:00",4,3,3,433,"Loyal Customers"
13075,130,1,919.61,"2011-08-02 10:19:00","2011-08-02 10:19:00",2,2,3,223,"Needs Attention"
12652,332,1,919.98,"2011-01-12 15:00:00","2011-01-12 15:00:00",1,1,3,113,Lost
17018,41,2,920.10,"2011-01-18 08:46:00","2011-10-30 11:42:00",3,3,3,333,"Loyal Customers"
13984,27,5,920.51,"2010-12-08 15:58:00","2011-11-13 12:38:00",4,4,3,443,"Loyal Customers"
15576,38,1,921.37,"2011-11-02 12:03:00","2011-11-02 12:03:00",3,2,3,323,"Potential Loyalist"
14081,303,2,921.62,"2010-12-05 15:47:00","2011-02-10 16:17:00",1,3,3,133,"Cant Lose Them"
13035,74,2,921.88,"2011-03-24 09:21:00","2011-09-27 08:57:00",2,3,3,233,"Cant Lose Them"
13934,264,1,922.10,"2011-03-21 08:39:00","2011-03-21 08:39:00",1,1,3,113,Lost
16551,96,3,922.12,"2011-01-07 10:24:00","2011-09-05 09:38:00",2,4,3,243,"Cant Lose Them"
13122,95,2,922.39,"2011-04-13 14:12:00","2011-09-06 15:53:00",2,3,3,233,"Cant Lose Them"
15654,10,2,922.53,"2011-11-13 15:15:00","2011-11-30 13:08:00",5,2,3,523,"New Customers"
13805,53,2,924.60,"2011-08-02 15:29:00","2011-10-18 14:50:00",3,3,3,333,"Loyal Customers"
15312,76,4,924.85,"2010-12-20 12:51:00","2011-09-25 13:10:00",2,4,3,243,"Cant Lose Them"
17048,118,3,925.35,"2011-01-12 16:51:00","2011-08-14 11:49:00",2,4,3,243,"Cant Lose Them"
14231,184,3,925.71,"2011-02-24 11:55:00","2011-06-09 11:05:00",1,3,3,133,"Cant Lose Them"
14475,72,3,925.85,"2011-02-08 10:12:00","2011-09-29 10:46:00",3,4,3,343,"Loyal Customers"
16907,30,5,928.76,"2010-12-09 16:52:00","2011-11-10 18:04:00",4,4,3,443,"Loyal Customers"
17618,6,3,930.28,"2010-12-12 16:05:00","2011-12-04 11:50:00",5,3,3,533,"Loyal Customers"
17552,61,4,930.41,"2010-12-02 18:45:00","2011-10-10 17:00:00",3,4,3,343,"Loyal Customers"
17289,32,3,931.02,"2011-06-12 13:51:00","2011-11-08 12:01:00",4,3,3,433,"Loyal Customers"
16934,55,2,931.03,"2011-10-16 12:25:00","2011-10-16 12:40:00",3,3,3,333,"Loyal Customers"
18133,213,1,931.50,"2011-05-11 14:14:00","2011-05-11 14:14:00",1,1,3,113,Lost
14532,237,4,932.85,"2010-12-22 13:48:00","2011-04-17 13:05:00",1,4,3,143,"Cant Lose Them"
13655,115,2,932.97,"2011-04-12 09:53:00","2011-08-17 14:25:00",2,3,3,233,"Cant Lose Them"
15787,27,3,933.26,"2011-10-09 13:11:00","2011-11-13 14:55:00",4,3,3,433,"Loyal Customers"
12924,89,4,933.70,"2011-01-16 11:49:00","2011-09-12 13:55:00",2,4,3,243,"Cant Lose Them"
16027,92,6,934.62,"2011-02-10 12:19:00","2011-09-09 10:47:00",2,5,4,254,"At Risk"
14140,4,2,935.05,"2011-11-08 11:20:00","2011-12-06 09:05:00",5,2,4,524,"New Customers"
16584,81,2,936.08,"2011-03-30 13:14:00","2011-09-20 13:45:00",2,3,4,234,"Cant Lose Them"
17227,19,6,939.32,"2010-12-06 11:16:00","2011-11-21 10:51:00",4,5,4,454,Champions
17527,54,4,939.37,"2011-05-05 13:43:00","2011-10-17 12:32:00",3,4,4,344,"Loyal Customers"
15289,30,3,939.78,"2011-04-04 12:44:00","2011-11-10 13:49:00",4,3,4,434,"Loyal Customers"
14075,5,3,942.26,"2011-03-23 16:35:00","2011-12-05 08:38:00",5,3,4,534,"Loyal Customers"
12820,4,4,942.34,"2011-01-17 12:34:00","2011-12-06 15:12:00",5,4,4,544,Champions
13261,269,2,944.10,"2011-02-27 10:41:00","2011-03-16 12:22:00",1,3,4,134,"Cant Lose Them"
15747,13,3,946.64,"2011-06-20 11:30:00","2011-11-27 12:26:00",5,3,4,534,"Loyal Customers"
12458,72,2,947.40,"2011-02-28 10:55:00","2011-09-29 15:25:00",3,3,4,334,"Loyal Customers"
13748,96,5,948.25,"2010-12-01 09:00:00","2011-09-05 09:45:00",2,4,4,244,"At Risk"
17044,26,1,948.48,"2011-11-14 14:28:00","2011-11-14 14:28:00",4,1,4,414,"New Customers"
12822,71,2,948.88,"2011-09-13 13:46:00","2011-09-30 10:04:00",3,3,4,334,"Loyal Customers"
13636,37,5,949.12,"2011-02-27 14:29:00","2011-11-03 10:30:00",3,4,4,344,"Loyal Customers"
15421,59,4,950.36,"2011-02-02 14:36:00","2011-10-12 09:20:00",3,4,4,344,"Loyal Customers"
14540,10,3,952.66,"2011-02-03 15:02:00","2011-11-30 10:15:00",5,3,4,534,"Loyal Customers"
15835,45,4,954.09,"2011-01-13 10:35:00","2011-10-26 15:47:00",3,4,4,344,"Loyal Customers"
17097,3,8,954.42,"2010-12-09 14:55:00","2011-12-07 17:05:00",5,5,4,554,Champions
17244,54,1,954.90,"2011-10-17 15:19:00","2011-10-17 15:19:00",3,2,4,324,"Potential Loyalist"
15948,9,2,955.24,"2011-10-27 08:35:00","2011-12-01 15:32:00",5,2,4,524,"New Customers"
14629,5,2,955.26,"2011-10-23 16:13:00","2011-12-05 16:55:00",5,2,4,524,"New Customers"
12697,29,3,957.59,"2011-06-23 15:44:00","2011-11-11 08:47:00",4,3,4,434,"Loyal Customers"
13823,19,2,957.66,"2011-09-09 10:42:00","2011-11-21 10:22:00",4,2,4,424,"New Customers"
18192,72,1,957.97,"2011-09-29 09:53:00","2011-09-29 09:53:00",3,2,4,324,"Potential Loyalist"
16419,113,6,958.71,"2011-02-01 12:25:00","2011-08-19 12:33:00",2,5,4,254,"At Risk"
15156,2,3,961.49,"2011-11-06 12:41:00","2011-12-08 18:22:00",5,3,4,534,"Loyal Customers"
14006,116,3,962.19,"2011-01-31 15:11:00","2011-08-16 09:39:00",2,4,4,244,"At Risk"
13138,23,6,962.39,"2010-12-02 15:03:00","2011-11-17 16:51:00",4,5,4,454,Champions
12550,80,1,964.83,"2011-09-21 14:35:00","2011-09-21 14:35:00",2,2,4,224,"Needs Attention"
15860,41,8,965.16,"2010-12-06 11:38:00","2011-10-30 11:25:00",3,5,4,354,"Loyal Customers"
15793,15,3,965.61,"2011-03-16 10:45:00","2011-11-25 09:31:00",4,3,4,434,"Loyal Customers"
14138,2,2,965.88,"2011-10-07 09:38:00","2011-12-08 12:44:00",5,2,4,524,"New Customers"
14256,261,2,969.06,"2010-12-10 11:44:00","2011-03-24 13:17:00",1,3,4,134,"Cant Lose Them"
17100,19,2,971.74,"2011-11-21 16:36:00","2011-11-21 16:36:00",4,2,4,424,"New Customers"
13155,34,4,971.76,"2010-12-06 12:44:00","2011-11-06 15:41:00",3,4,4,344,"Loyal Customers"
15506,23,3,972.08,"2011-07-24 11:45:00","2011-11-17 12:11:00",4,3,4,434,"Loyal Customers"
16009,23,4,972.11,"2011-07-03 11:26:00","2011-11-17 16:51:00",4,4,4,444,Champions
18194,83,1,973.84,"2011-09-18 13:29:00","2011-09-18 13:29:00",2,2,4,224,"Needs Attention"
12994,5,3,974.42,"2011-03-16 08:31:00","2011-12-05 15:43:00",5,3,4,534,"Loyal Customers"
15449,27,3,974.52,"2011-03-23 10:43:00","2011-11-13 15:02:00",4,3,4,434,"Loyal Customers"
14522,25,4,974.54,"2011-05-25 16:01:00","2011-11-15 13:24:00",4,4,4,444,Champions
16376,9,2,974.96,"2011-11-22 16:47:00","2011-12-01 11:38:00",5,2,4,524,"New Customers"
13026,2,5,975.36,"2011-03-09 11:35:00","2011-12-08 16:58:00",5,4,4,544,Champions
14920,213,2,977.77,"2011-05-11 10:31:00","2011-05-11 10:32:00",1,3,4,134,"Cant Lose Them"
15132,19,5,977.93,"2011-03-22 12:02:00","2011-11-21 17:10:00",4,4,4,444,Champions
13350,17,2,979.12,"2011-09-21 13:33:00","2011-11-23 16:33:00",4,2,4,424,"New Customers"
13509,9,7,979.72,"2011-02-28 13:27:00","2011-12-01 10:10:00",5,5,4,554,Champions
18170,34,3,980.31,"2011-05-06 15:13:00","2011-11-06 14:35:00",3,3,4,334,"Loyal Customers"
12541,30,3,981.18,"2011-03-04 09:32:00","2011-11-10 10:40:00",4,3,4,434,"Loyal Customers"
16085,24,5,981.51,"2011-01-23 12:07:00","2011-11-16 13:24:00",4,4,4,444,Champions
16188,45,4,981.86,"2011-04-11 09:44:00","2011-10-26 12:19:00",3,4,4,344,"Loyal Customers"
15071,94,2,982.07,"2011-03-09 10:19:00","2011-09-07 11:43:00",2,3,4,234,"Cant Lose Them"
15133,128,3,982.42,"2011-02-11 10:38:00","2011-08-04 10:44:00",2,4,4,244,"At Risk"
12510,143,2,982.57,"2011-01-18 14:04:00","2011-07-20 10:15:00",2,3,4,234,"Cant Lose Them"
17144,2,2,984.57,"2011-09-16 12:50:00","2011-12-08 17:57:00",5,2,4,524,"New Customers"
13117,22,8,984.91,"2010-12-02 13:11:00","2011-11-18 12:02:00",4,5,4,454,Champions
17324,18,4,986.48,"2010-12-08 12:45:00","2011-11-22 10:34:00",4,4,4,444,Champions
14583,6,5,986.96,"2011-05-18 11:28:00","2011-12-04 12:32:00",5,4,4,544,Champions
18237,3,5,987.10,"2011-07-28 13:05:00","2011-12-07 12:49:00",5,4,4,544,Champions
15062,72,4,987.86,"2010-12-15 15:37:00","2011-09-29 16:51:00",2,4,4,244,"At Risk"
17126,153,5,989.45,"2010-12-12 11:26:00","2011-07-10 13:52:00",2,4,4,244,"At Risk"
14514,62,3,990.20,"2011-01-12 15:22:00","2011-10-09 16:05:00",3,4,4,344,"Loyal Customers"
16232,44,4,990.88,"2011-05-08 14:05:00","2011-10-27 12:16:00",3,4,4,344,"Loyal Customers"
14223,93,3,991.13,"2011-03-20 16:02:00","2011-09-08 13:38:00",2,4,4,244,"At Risk"
13363,18,2,992.50,"2011-10-27 10:46:00","2011-11-22 12:40:00",4,2,4,424,"New Customers"
17594,86,2,993.18,"2011-03-30 10:32:00","2011-09-15 16:34:00",2,3,4,234,"Cant Lose Them"
15104,197,2,993.54,"2011-03-02 14:16:00","2011-05-27 12:29:00",1,3,4,134,"Cant Lose Them"
15110,24,4,996.10,"2011-01-25 11:41:00","2011-11-16 11:16:00",4,4,4,444,Champions
12722,86,4,997.63,"2011-07-12 11:55:00","2011-09-15 14:50:00",2,4,4,244,"At Risk"
18143,117,2,1000.16,"2011-07-21 10:44:00","2011-08-15 12:07:00",2,3,4,234,"Cant Lose Them"
15508,190,6,1000.27,"2011-04-18 15:31:00","2011-06-03 15:43:00",1,5,4,154,"At Risk"
12545,76,2,1000.39,"2011-03-25 12:04:00","2011-09-25 13:39:00",2,3,4,234,"Cant Lose Them"
12446,58,1,1002.31,"2011-10-13 12:50:00","2011-10-13 12:50:00",3,2,4,324,"Potential Loyalist"
14083,5,9,1002.90,"2010-12-03 12:24:00","2011-12-05 13:14:00",5,5,4,554,Champions
13410,25,5,1003.06,"2011-02-21 14:38:00","2011-11-15 15:33:00",4,4,4,444,Champions
14214,31,5,1004.38,"2011-03-07 12:26:00","2011-11-09 10:31:00",4,4,4,444,Champions
13867,32,3,1005.09,"2011-05-05 17:28:00","2011-11-08 15:48:00",4,3,4,434,"Loyal Customers"
13429,11,4,1006.80,"2011-09-25 15:59:00","2011-11-29 09:10:00",5,4,4,544,Champions
14631,51,3,1006.98,"2011-02-14 09:31:00","2011-10-20 11:17:00",3,4,4,344,"Loyal Customers"
17646,220,3,1008.39,"2010-12-09 14:28:00","2011-05-04 13:17:00",1,3,4,134,"Cant Lose Them"
17951,40,3,1008.54,"2010-12-01 12:40:00","2011-10-31 12:30:00",3,4,4,344,"Loyal Customers"
16174,127,3,1009.55,"2011-07-11 09:23:00","2011-08-05 13:26:00",2,4,4,244,"At Risk"
16572,128,3,1009.60,"2011-03-09 12:04:00","2011-08-04 16:34:00",2,4,4,244,"At Risk"
14224,111,4,1009.73,"2011-01-23 13:58:00","2011-08-21 13:24:00",2,4,4,244,"At Risk"
13032,53,2,1010.18,"2011-09-13 16:40:00","2011-10-18 15:54:00",3,3,4,334,"Loyal Customers"
12849,32,2,1010.29,"2011-03-16 12:26:00","2011-11-08 13:41:00",4,3,4,434,"Loyal Customers"
14446,1,4,1010.35,"2011-04-07 12:10:00","2011-12-09 11:34:00",5,4,4,544,Champions
16229,88,2,1010.60,"2011-05-11 10:18:00","2011-09-13 17:16:00",2,3,4,234,"Cant Lose Them"
14775,59,3,1011.90,"2010-12-02 16:38:00","2011-10-12 15:27:00",3,4,4,344,"Loyal Customers"
14195,202,2,1012.00,"2011-04-01 16:50:00","2011-05-22 10:29:00",1,3,4,134,"Cant Lose Them"
17197,30,1,1013.01,"2011-11-10 10:32:00","2011-11-10 10:32:00",4,2,4,424,"New Customers"
12739,79,2,1013.04,"2011-09-01 17:45:00","2011-09-22 13:00:00",2,3,4,234,"Cant Lose Them"
12642,26,3,1013.26,"2011-08-24 09:23:00","2011-11-14 15:03:00",4,3,4,434,"Loyal Customers"
13728,37,6,1016.14,"2011-02-02 12:09:00","2011-11-03 10:49:00",3,5,4,354,"Loyal Customers"
12514,268,1,1017.68,"2011-03-17 16:38:00","2011-03-17 16:38:00",1,1,4,114,Lost
12828,3,6,1018.71,"2011-08-01 16:16:00","2011-12-07 08:45:00",5,5,4,554,Champions
13956,6,5,1019.27,"2011-03-13 12:51:00","2011-12-04 13:20:00",5,4,4,544,Champions
18142,158,2,1019.52,"2011-05-08 12:31:00","2011-07-05 13:19:00",2,3,4,234,"Cant Lose Them"
13376,100,3,1019.76,"2011-04-19 13:03:00","2011-09-01 16:16:00",2,4,4,244,"At Risk"
12572,9,2,1020.42,"2011-10-19 08:20:00","2011-12-01 09:20:00",5,2,4,524,"New Customers"
13165,47,2,1021.48,"2010-12-23 14:06:00","2011-10-24 15:05:00",3,3,4,334,"Loyal Customers"
14346,121,2,1021.58,"2011-02-15 13:52:00","2011-08-11 09:47:00",2,3,4,234,"Cant Lose Them"
17096,16,4,1022.13,"2011-03-23 12:05:00","2011-11-24 15:01:00",4,4,4,444,Champions
15658,191,5,1024.10,"2010-12-02 10:53:00","2011-06-02 15:22:00",1,4,4,144,"At Risk"
14904,3,2,1025.44,"2011-11-14 09:13:00","2011-12-07 12:55:00",5,2,4,524,"New Customers"
16160,66,2,1025.44,"2011-09-15 10:53:00","2011-10-05 14:19:00",3,3,4,334,"Loyal Customers"
16682,5,5,1028.00,"2011-06-05 11:02:00","2011-12-05 12:13:00",5,4,4,544,Champions
16980,256,2,1028.46,"2011-02-21 12:58:00","2011-03-29 16:36:00",1,3,4,134,"Cant Lose Them"
15333,209,1,1028.56,"2011-05-15 13:27:00","2011-05-15 13:27:00",1,1,4,114,Lost
17033,87,3,1030.14,"2010-12-15 13:21:00","2011-09-14 14:34:00",2,4,4,244,"At Risk"
13253,157,2,1030.40,"2011-01-04 15:43:00","2011-07-06 10:09:00",2,3,4,234,"Cant Lose Them"
12717,152,2,1030.98,"2011-04-08 10:32:00","2011-07-11 14:47:00",2,3,4,234,"Cant Lose Them"
13235,213,1,1031.07,"2011-05-11 17:13:00","2011-05-11 17:13:00",1,1,4,114,Lost
17405,2,3,1031.41,"2011-07-12 14:17:00","2011-12-08 17:12:00",5,3,4,534,"Loyal Customers"
12724,6,4,1031.41,"2011-01-11 15:00:00","2011-12-04 16:02:00",5,4,4,544,Champions
15996,89,6,1032.58,"2010-12-08 15:59:00","2011-09-12 15:14:00",2,5,4,254,"At Risk"
12599,30,7,1032.58,"2011-02-08 13:28:00","2011-11-10 13:34:00",4,5,4,454,Champions
17724,72,3,1033.00,"2011-07-24 13:26:00","2011-09-29 15:26:00",3,4,4,344,"Loyal Customers"
14584,170,4,1033.06,"2011-05-25 17:31:00","2011-06-23 18:33:00",2,4,4,244,"At Risk"
13639,75,1,1033.34,"2011-09-26 13:36:00","2011-09-26 13:36:00",2,2,4,224,"Needs Attention"
16260,51,1,1035.45,"2011-10-20 09:40:00","2011-10-20 09:40:00",3,2,4,324,"Potential Loyalist"
12691,29,6,1035.80,"2010-12-17 14:46:00","2011-11-11 16:49:00",4,5,4,454,Champions
17042,3,5,1036.58,"2011-04-06 14:53:00","2011-12-07 12:26:00",5,4,4,544,Champions
16175,95,4,1037.59,"2011-04-13 14:38:00","2011-09-06 14:32:00",2,4,4,244,"At Risk"
14465,247,3,1038.44,"2011-02-10 12:13:00","2011-04-07 12:38:00",1,3,4,134,"Cant Lose Them"
16320,173,2,1038.46,"2011-05-10 15:31:00","2011-06-20 15:25:00",2,3,4,234,"Cant Lose Them"
15434,9,5,1041.48,"2011-05-23 14:18:00","2011-12-01 13:33:00",5,4,4,544,Champions
18221,23,5,1041.61,"2011-05-12 14:13:00","2011-11-17 14:40:00",4,4,4,444,Champions
13719,16,5,1041.68,"2011-04-19 13:56:00","2011-11-24 15:26:00",4,4,4,444,Champions
12497,82,1,1043.10,"2011-09-19 12:29:00","2011-09-19 12:29:00",2,2,4,224,"Needs Attention"
15073,10,3,1043.41,"2011-06-06 09:59:00","2011-11-30 10:44:00",5,3,4,534,"Loyal Customers"
14389,66,2,1043.46,"2011-06-02 12:04:00","2011-10-05 15:17:00",3,3,4,334,"Loyal Customers"
15192,120,3,1044.32,"2010-12-09 14:56:00","2011-08-12 11:41:00",2,4,4,244,"At Risk"
15464,339,1,1044.65,"2011-01-05 15:56:00","2011-01-05 15:56:00",1,1,4,114,Lost
14293,4,4,1046.56,"2010-12-06 10:18:00","2011-12-06 15:17:00",5,4,4,544,Champions
16520,187,3,1046.57,"2010-12-09 13:08:00","2011-06-06 13:24:00",1,3,4,134,"Cant Lose Them"
15407,34,4,1046.74,"2011-02-07 13:18:00","2011-11-06 11:55:00",3,4,4,344,"Loyal Customers"
15777,242,4,1047.11,"2010-12-13 16:38:00","2011-04-12 16:43:00",1,4,4,144,"At Risk"
16728,47,4,1048.28,"2011-03-20 13:28:00","2011-10-24 14:36:00",3,4,4,344,"Loyal Customers"
15839,34,3,1048.49,"2011-07-14 16:35:00","2011-11-06 13:54:00",3,3,4,334,"Loyal Customers"
17287,27,7,1049.06,"2010-12-02 12:22:00","2011-11-13 13:27:00",4,5,4,454,Champions
14078,102,6,1049.37,"2010-12-01 12:54:00","2011-08-30 12:16:00",2,5,4,254,"At Risk"
15329,40,3,1049.70,"2011-06-21 10:37:00","2011-10-31 15:36:00",3,4,4,344,"Loyal Customers"
16416,27,3,1051.40,"2011-10-14 13:35:00","2011-11-13 12:50:00",4,3,4,434,"Loyal Customers"
14419,11,6,1051.79,"2010-12-10 10:56:00","2011-11-29 11:22:00",5,5,4,554,Champions
12716,4,2,1053.49,"2011-07-29 13:28:00","2011-12-06 08:55:00",5,2,4,524,"New Customers"
15977,18,2,1054.73,"2011-10-31 16:24:00","2011-11-22 13:29:00",4,2,4,424,"New Customers"
13455,25,2,1058.34,"2010-12-08 13:11:00","2011-11-15 11:21:00",4,2,4,424,"New Customers"
17214,61,6,1059.12,"2010-12-15 15:14:00","2011-10-10 13:17:00",3,5,4,354,"Loyal Customers"
18130,16,3,1059.39,"2011-10-13 15:58:00","2011-11-24 14:40:00",4,3,4,434,"Loyal Customers"
17727,16,1,1060.25,"2011-11-24 17:06:00","2011-11-24 17:06:00",4,1,4,414,"New Customers"
15706,64,4,1060.56,"2011-08-15 14:32:00","2011-10-07 10:09:00",3,4,4,344,"Loyal Customers"
16214,171,3,1062.75,"2011-03-15 13:23:00","2011-06-22 11:30:00",2,3,4,234,"Cant Lose Them"
14411,311,1,1063.00,"2011-02-02 10:56:00","2011-02-02 10:56:00",1,1,4,114,Lost
12815,148,2,1063.46,"2011-05-25 13:34:00","2011-07-15 10:21:00",2,3,4,234,"Cant Lose Them"
12936,18,4,1063.90,"2011-09-22 13:51:00","2011-11-22 17:32:00",4,4,4,444,Champions
15801,47,3,1063.95,"2011-08-22 09:53:00","2011-10-24 13:52:00",3,4,4,344,"Loyal Customers"
12951,9,6,1064.07,"2011-01-13 10:33:00","2011-12-01 12:14:00",5,5,4,554,Champions
14488,68,1,1064.28,"2011-10-03 09:30:00","2011-10-03 09:30:00",3,2,4,324,"Potential Loyalist"
17277,228,2,1065.35,"2011-01-21 12:37:00","2011-04-26 12:47:00",1,3,4,134,"Cant Lose Them"
15027,31,4,1066.15,"2011-04-15 14:14:00","2011-11-09 10:16:00",4,4,4,444,Champions
15436,13,3,1067.75,"2011-04-19 16:52:00","2011-11-27 16:05:00",5,3,4,534,"Loyal Customers"
16918,50,6,1068.82,"2011-01-26 17:37:00","2011-10-21 12:50:00",3,5,4,354,"Loyal Customers"
16200,5,2,1068.87,"2011-06-28 15:47:00","2011-12-05 14:40:00",5,2,4,524,"New Customers"
14212,90,1,1070.48,"2011-09-11 12:45:00","2011-09-11 12:45:00",2,2,4,224,"Needs Attention"
13761,51,2,1070.65,"2011-06-13 08:43:00","2011-10-20 14:01:00",3,3,4,334,"Loyal Customers"
17522,2,5,1070.71,"2011-05-05 16:31:00","2011-12-08 12:31:00",5,4,4,544,Champions
13635,68,1,1071.03,"2011-10-03 10:55:00","2011-10-03 10:55:00",3,2,4,324,"Potential Loyalist"
17041,27,3,1071.49,"2010-12-14 11:43:00","2011-11-13 11:21:00",4,3,4,434,"Loyal Customers"
13521,2,3,1071.73,"2011-11-29 15:09:00","2011-12-08 13:50:00",5,3,4,534,"Loyal Customers"
13467,11,2,1071.91,"2011-11-03 16:56:00","2011-11-29 10:01:00",5,2,4,524,"New Customers"
15238,30,3,1071.99,"2011-06-08 16:00:00","2011-11-10 14:28:00",4,3,4,434,"Loyal Customers"
15712,10,5,1072.36,"2011-02-25 11:32:00","2011-11-30 14:09:00",5,4,4,544,Champions
13131,24,3,1073.30,"2011-06-05 10:54:00","2011-11-16 13:21:00",4,3,4,434,"Loyal Customers"
16049,41,3,1074.81,"2011-09-25 14:33:00","2011-10-30 13:19:00",3,4,4,344,"Loyal Customers"
13715,282,5,1077.39,"2010-12-02 08:52:00","2011-03-03 19:21:00",1,4,4,144,"At Risk"
16563,54,1,1077.74,"2011-10-17 11:51:00","2011-10-17 11:51:00",3,2,4,324,"Potential Loyalist"
16094,12,4,1078.23,"2011-05-04 13:57:00","2011-11-28 12:45:00",5,4,4,544,Champions
14352,158,4,1078.96,"2011-03-11 14:58:00","2011-07-05 15:41:00",2,4,4,244,"At Risk"
12354,233,1,1079.40,"2011-04-21 13:11:00","2011-04-21 13:11:00",1,1,4,114,Lost
15197,11,3,1079.61,"2010-12-16 18:01:00","2011-11-29 10:00:00",5,3,4,534,"Loyal Customers"
13726,39,2,1079.66,"2011-08-31 11:06:00","2011-11-01 10:49:00",3,3,4,334,"Loyal Customers"
13744,96,2,1080.52,"2011-02-20 14:08:00","2011-09-05 15:19:00",2,3,4,234,"Cant Lose Them"
14561,76,3,1080.76,"2011-06-08 13:26:00","2011-09-25 12:39:00",2,4,4,244,"At Risk"
13610,13,7,1082.33,"2011-02-27 14:44:00","2011-11-27 15:38:00",5,5,4,554,Champions
16533,20,3,1082.81,"2011-10-02 15:07:00","2011-11-20 13:08:00",4,3,4,434,"Loyal Customers"
15763,32,2,1086.92,"2011-09-23 12:10:00","2011-11-08 09:44:00",4,3,4,434,"Loyal Customers"
12534,131,1,1089.18,"2011-08-01 10:26:00","2011-08-01 10:26:00",2,2,4,224,"Needs Attention"
13853,58,1,1090.14,"2011-10-13 14:18:00","2011-10-13 14:18:00",3,2,4,324,"Potential Loyalist"
18189,78,2,1090.24,"2011-03-17 09:49:00","2011-09-23 12:40:00",2,3,4,234,"Cant Lose Them"
15608,29,4,1093.68,"2011-08-11 09:56:00","2011-11-11 13:20:00",4,4,4,444,Champions
15745,20,4,1094.59,"2011-04-17 13:04:00","2011-11-20 13:45:00",4,4,4,444,Champions
13652,46,3,1095.08,"2010-12-06 09:21:00","2011-10-25 08:51:00",3,4,4,344,"Loyal Customers"
13211,11,3,1095.42,"2010-12-13 16:17:00","2011-11-29 14:43:00",5,3,4,534,"Loyal Customers"
16225,45,5,1096.32,"2011-03-07 12:17:00","2011-10-26 08:30:00",3,4,4,344,"Loyal Customers"
14161,216,3,1097.62,"2010-12-05 13:18:00","2011-05-08 11:41:00",1,3,4,134,"Cant Lose Them"
14971,36,3,1097.98,"2011-10-27 13:33:00","2011-11-04 17:07:00",3,4,4,344,"Loyal Customers"
17966,38,5,1098.43,"2011-03-23 17:25:00","2011-11-02 10:26:00",3,4,4,344,"Loyal Customers"
13104,4,6,1098.48,"2010-12-20 11:58:00","2011-12-06 13:10:00",5,5,4,554,Champions
15978,78,1,1098.78,"2011-09-23 15:21:00","2011-09-23 15:21:00",2,2,4,224,"Needs Attention"
14744,17,7,1099.98,"2010-12-08 10:21:00","2011-11-23 12:51:00",4,5,4,454,Champions
14410,93,9,1100.27,"2011-02-07 09:36:00","2011-09-08 15:08:00",2,5,4,254,"At Risk"
17047,86,3,1100.90,"2011-05-18 16:50:00","2011-09-15 13:27:00",2,4,4,244,"At Risk"
15716,146,4,1101.11,"2010-12-05 12:26:00","2011-07-17 11:59:00",2,4,4,244,"At Risk"
14948,24,6,1101.97,"2011-05-04 14:52:00","2011-11-16 17:16:00",4,5,4,454,Champions
13064,13,4,1105.59,"2011-01-16 13:41:00","2011-11-27 12:31:00",5,4,4,544,Champions
17609,41,5,1105.78,"2011-01-16 16:23:00","2011-10-30 12:28:00",3,4,4,344,"Loyal Customers"
14102,6,5,1105.88,"2011-10-26 12:46:00","2011-12-04 15:38:00",5,4,4,544,Champions
12857,211,2,1106.40,"2011-02-10 12:32:00","2011-05-13 10:20:00",1,3,4,134,"Cant Lose Them"
16833,2,4,1106.53,"2011-01-09 13:02:00","2011-12-08 14:39:00",5,4,4,544,Champions
15933,22,3,1107.46,"2011-09-14 12:05:00","2011-11-18 13:14:00",4,3,4,434,"Loyal Customers"
12399,120,4,1108.65,"2011-03-23 09:42:00","2011-08-12 13:15:00",2,4,4,244,"At Risk"
15069,180,1,1109.53,"2011-06-13 14:16:00","2011-06-13 14:16:00",1,1,4,114,Lost
14817,201,2,1110.34,"2011-03-07 13:51:00","2011-05-23 13:35:00",1,3,4,134,"Cant Lose Them"
12679,59,4,1113.02,"2011-03-01 12:26:00","2011-10-12 12:30:00",3,4,4,344,"Loyal Customers"
16350,22,4,1116.47,"2011-01-10 09:44:00","2011-11-18 15:53:00",4,4,4,444,Champions
17585,110,4,1116.68,"2011-01-05 15:09:00","2011-08-22 13:30:00",2,4,4,244,"At Risk"
13591,65,3,1117.13,"2011-03-18 12:18:00","2011-10-06 12:26:00",3,4,4,344,"Loyal Customers"
17788,74,2,1117.90,"2011-08-02 10:38:00","2011-09-27 10:09:00",2,3,4,234,"Cant Lose Them"
17894,72,8,1118.96,"2010-12-08 14:50:00","2011-09-29 09:23:00",3,5,4,354,"Loyal Customers"
12842,71,2,1118.99,"2011-02-04 12:36:00","2011-09-30 15:33:00",3,3,4,334,"Loyal Customers"
14276,99,3,1119.74,"2011-02-23 09:38:00","2011-09-02 09:45:00",2,4,4,244,"At Risk"
15730,66,3,1120.88,"2011-05-17 12:43:00","2011-10-05 12:31:00",3,4,4,344,"Loyal Customers"
16086,60,5,1121.39,"2010-12-07 13:45:00","2011-10-11 13:09:00",3,4,4,344,"Loyal Customers"
16807,143,3,1121.59,"2011-03-14 09:46:00","2011-07-20 12:00:00",2,4,4,244,"At Risk"
14723,11,6,1122.36,"2010-12-03 14:18:00","2011-11-29 15:23:00",5,5,4,554,Champions
17562,15,7,1122.38,"2011-06-19 13:06:00","2011-11-25 14:21:00",4,5,4,454,Champions
13486,79,3,1122.41,"2011-07-07 17:19:00","2011-09-22 13:13:00",2,4,4,244,"At Risk"
13772,34,3,1122.63,"2011-04-14 12:31:00","2011-11-06 11:43:00",3,3,4,334,"Loyal Customers"
14129,2,5,1123.86,"2011-03-24 08:44:00","2011-12-08 11:02:00",5,4,4,544,Champions
17470,45,5,1125.07,"2010-12-07 09:57:00","2011-10-26 12:42:00",3,4,4,344,"Loyal Customers"
14708,3,3,1126.37,"2010-12-06 12:23:00","2011-12-07 08:21:00",5,3,4,534,"Loyal Customers"
12609,79,3,1126.85,"2011-01-25 15:13:00","2011-09-22 16:34:00",2,4,4,244,"At Risk"
14824,11,4,1127.71,"2011-09-09 14:12:00","2011-11-29 14:20:00",5,4,4,544,Champions
16714,219,3,1129.06,"2011-01-26 13:40:00","2011-05-05 11:09:00",1,3,4,134,"Cant Lose Them"
13447,24,3,1129.14,"2011-11-04 10:10:00","2011-11-16 13:38:00",4,3,4,434,"Loyal Customers"
15500,9,4,1131.56,"2011-09-19 13:47:00","2011-12-01 13:47:00",5,4,4,544,Champions
18125,30,4,1131.75,"2011-01-27 15:02:00","2011-11-10 12:29:00",4,4,4,444,Champions
13310,29,3,1132.03,"2011-01-19 14:50:00","2011-11-11 17:23:00",4,3,4,434,"Loyal Customers"
13282,19,3,1132.14,"2011-05-03 12:03:00","2011-11-21 15:33:00",4,3,4,434,"Loyal Customers"
16989,8,6,1133.25,"2011-07-12 09:11:00","2011-12-02 16:39:00",5,5,4,554,Champions
15489,23,3,1134.28,"2011-05-12 12:54:00","2011-11-17 08:53:00",4,3,4,434,"Loyal Customers"
17242,109,2,1135.04,"2011-06-12 13:04:00","2011-08-23 14:55:00",2,3,4,234,"Cant Lose Them"
17302,15,5,1135.63,"2011-02-07 10:14:00","2011-11-25 09:36:00",4,4,4,444,Champions
17500,18,3,1138.00,"2011-11-10 09:08:00","2011-11-22 14:25:00",4,3,4,434,"Loyal Customers"
17135,17,7,1139.73,"2010-12-03 09:31:00","2011-11-23 16:48:00",4,5,4,454,Champions
16172,96,5,1140.21,"2011-04-12 12:02:00","2011-09-05 13:22:00",2,4,4,244,"At Risk"
13819,302,3,1140.35,"2011-01-24 10:38:00","2011-02-11 10:38:00",1,3,4,134,"Cant Lose Them"
13330,93,3,1140.93,"2011-01-28 10:08:00","2011-09-08 12:27:00",2,4,4,244,"At Risk"
16270,354,1,1141.24,"2010-12-21 14:26:00","2010-12-21 14:26:00",1,1,4,114,Lost
15985,124,2,1142.42,"2011-04-17 11:04:00","2011-08-08 16:31:00",2,3,4,234,"Cant Lose Them"
17770,199,5,1143.27,"2011-03-02 13:35:00","2011-05-25 12:34:00",1,4,4,144,"At Risk"
12769,239,1,1143.60,"2011-04-15 10:25:00","2011-04-15 10:25:00",1,1,4,114,Lost
16766,274,2,1145.60,"2011-03-11 13:34:00","2011-03-11 15:22:00",1,3,4,134,"Cant Lose Them"
17505,162,2,1145.84,"2011-05-18 09:01:00","2011-07-01 12:50:00",2,3,4,234,"Cant Lose Them"
12710,97,3,1149.02,"2011-05-22 14:05:00","2011-09-04 12:00:00",2,4,4,244,"At Risk"
16062,10,4,1153.62,"2010-12-10 12:00:00","2011-11-30 12:15:00",5,4,4,544,Champions
13611,90,3,1154.40,"2010-12-15 10:31:00","2011-09-11 14:51:00",2,4,4,244,"At Risk"
16637,33,4,1154.47,"2011-04-28 10:20:00","2011-11-07 13:17:00",3,4,4,344,"Loyal Customers"
17348,15,5,1156.60,"2011-02-15 10:49:00","2011-11-25 11:25:00",4,4,4,444,Champions
17867,31,6,1157.87,"2011-02-24 12:25:00","2011-11-09 14:15:00",4,5,4,454,Champions
16184,65,6,1158.79,"2011-05-12 13:33:00","2011-10-06 17:43:00",3,5,4,354,"Loyal Customers"
13499,18,5,1159.11,"2011-03-15 08:52:00","2011-11-22 11:21:00",4,4,4,444,Champions
18168,177,6,1160.04,"2010-12-02 18:08:00","2011-06-16 19:21:00",2,5,4,254,"At Risk"
15088,22,2,1160.07,"2011-10-03 14:05:00","2011-11-18 13:14:00",4,2,4,424,"New Customers"
12546,47,2,1161.50,"2011-09-23 09:44:00","2011-10-24 12:09:00",3,3,4,334,"Loyal Customers"
16800,12,1,1162.65,"2011-11-28 14:06:00","2011-11-28 14:06:00",5,1,4,514,"New Customers"
14447,19,5,1163.23,"2011-03-04 10:49:00","2011-11-21 08:28:00",4,4,4,444,Champions
14261,51,2,1163.45,"2011-09-22 10:47:00","2011-10-20 10:04:00",3,3,4,334,"Loyal Customers"
14737,4,3,1164.55,"2010-12-21 13:49:00","2011-12-06 10:16:00",5,3,4,534,"Loyal Customers"
14487,27,6,1165.48,"2010-12-06 13:22:00","2011-11-13 12:17:00",4,5,4,454,Champions
13500,24,3,1166.77,"2011-08-09 12:20:00","2011-11-16 15:35:00",4,3,4,434,"Loyal Customers"
12358,2,2,1168.06,"2011-07-12 10:04:00","2011-12-08 10:26:00",5,2,4,524,"New Customers"
14857,60,2,1173.12,"2011-07-14 15:03:00","2011-10-11 09:23:00",3,3,4,334,"Loyal Customers"
15306,65,3,1174.35,"2011-07-14 15:22:00","2011-10-06 12:56:00",3,4,4,344,"Loyal Customers"
12640,24,3,1174.58,"2011-09-19 12:01:00","2011-11-16 11:52:00",4,3,4,434,"Loyal Customers"
12885,64,3,1175.22,"2011-08-08 11:45:00","2011-10-07 13:40:00",3,4,4,344,"Loyal Customers"
13752,125,6,1175.38,"2011-04-07 12:04:00","2011-08-07 14:16:00",2,5,4,254,"At Risk"
16042,23,5,1177.47,"2011-01-11 13:25:00","2011-11-17 17:50:00",4,4,4,444,Champions
16950,57,3,1178.56,"2010-12-07 15:20:00","2011-10-14 09:06:00",3,4,4,344,"Loyal Customers"
17058,82,3,1179.89,"2011-04-14 09:18:00","2011-09-19 10:13:00",2,4,4,244,"At Risk"
15630,46,2,1186.35,"2011-05-19 10:16:00","2011-10-25 15:36:00",3,3,4,334,"Loyal Customers"
17800,38,9,1187.21,"2011-01-09 13:50:00","2011-11-02 12:57:00",3,5,4,354,"Loyal Customers"
16612,33,4,1187.66,"2011-02-01 10:38:00","2011-11-07 07:38:00",3,4,4,344,"Loyal Customers"
15737,15,8,1188.12,"2011-04-11 10:01:00","2011-11-25 11:21:00",4,5,4,454,Champions
12462,19,2,1189.59,"2011-02-09 14:44:00","2011-11-21 09:11:00",4,2,4,424,"New Customers"
13882,3,5,1191.13,"2011-10-06 15:28:00","2011-12-07 11:16:00",5,4,4,544,Champions
12611,53,1,1193.32,"2011-10-18 13:12:00","2011-10-18 13:12:00",3,2,4,324,"Potential Loyalist"
15145,5,4,1194.73,"2011-04-05 15:20:00","2011-12-05 17:21:00",5,4,4,544,Champions
17526,5,4,1195.90,"2010-12-09 12:20:00","2011-12-05 11:05:00",5,4,4,544,Champions
17720,27,4,1195.94,"2010-12-07 10:43:00","2011-11-13 15:04:00",4,4,4,444,Champions
16794,2,10,1196.50,"2011-06-12 14:15:00","2011-12-08 17:54:00",5,5,4,554,Champions
13118,20,5,1197.81,"2011-02-24 12:32:00","2011-11-20 12:46:00",4,4,4,444,Champions
15605,37,5,1198.23,"2010-12-01 13:38:00","2011-11-03 14:17:00",3,4,4,344,"Loyal Customers"
17320,101,3,1200.62,"2010-12-06 15:38:00","2011-08-31 13:31:00",2,4,4,244,"At Risk"
13158,95,4,1201.06,"2011-01-25 09:58:00","2011-09-06 11:58:00",2,4,4,244,"At Risk"
14684,26,5,1201.51,"2010-12-12 12:44:00","2011-11-14 11:33:00",4,4,4,444,Champions
16762,20,3,1207.24,"2011-07-18 12:52:00","2011-11-20 11:43:00",4,3,4,434,"Loyal Customers"
17653,37,4,1207.56,"2011-08-11 15:24:00","2011-11-03 12:46:00",3,4,4,344,"Loyal Customers"
12464,11,8,1212.05,"2011-02-03 13:30:00","2011-11-29 13:33:00",5,5,4,554,Champions
16653,17,2,1212.66,"2011-09-29 13:38:00","2011-11-23 14:51:00",4,2,4,424,"New Customers"
13918,50,2,1212.84,"2011-03-31 18:05:00","2011-10-21 12:25:00",3,3,4,334,"Loyal Customers"
18263,26,3,1213.16,"2011-04-01 11:48:00","2011-11-14 09:00:00",4,3,4,434,"Loyal Customers"
17774,97,4,1213.73,"2011-02-07 13:13:00","2011-09-04 12:49:00",2,4,4,244,"At Risk"
13055,79,3,1214.41,"2011-05-10 08:58:00","2011-09-22 14:26:00",2,4,4,244,"At Risk"
17410,17,5,1214.72,"2011-05-08 15:21:00","2011-11-23 15:46:00",4,4,4,444,Champions
13491,52,10,1215.82,"2010-12-02 14:30:00","2011-10-19 08:32:00",3,5,4,354,"Loyal Customers"
14698,2,5,1217.27,"2011-10-19 12:54:00","2011-12-08 12:26:00",5,4,4,544,Champions
13208,59,6,1217.65,"2011-02-03 19:32:00","2011-10-12 09:54:00",3,5,4,354,"Loyal Customers"
15227,37,5,1219.40,"2011-01-26 15:31:00","2011-11-03 11:59:00",3,4,4,344,"Loyal Customers"
14745,113,5,1220.26,"2011-02-27 15:25:00","2011-08-19 10:05:00",2,4,4,244,"At Risk"
15004,148,1,1220.77,"2011-07-15 14:05:00","2011-07-15 14:05:00",2,2,4,224,"Needs Attention"
15376,41,3,1221.56,"2011-05-01 13:45:00","2011-10-30 15:04:00",3,4,4,344,"Loyal Customers"
15841,73,4,1224.06,"2011-01-05 11:25:00","2011-09-28 12:15:00",2,4,4,244,"At Risk"
14428,8,5,1224.06,"2011-01-18 16:39:00","2011-12-02 13:17:00",5,4,4,544,Champions
12412,75,3,1226.88,"2011-06-23 13:51:00","2011-09-26 10:16:00",2,4,4,244,"At Risk"
12997,23,4,1226.89,"2011-01-26 15:49:00","2011-11-17 15:47:00",4,4,4,444,Champions
14913,36,4,1227.43,"2010-12-15 14:35:00","2011-11-04 08:29:00",3,4,4,344,"Loyal Customers"
15910,1,8,1228.88,"2011-01-27 11:55:00","2011-12-09 10:51:00",5,5,4,554,Champions
18171,59,5,1231.31,"2011-01-10 09:55:00","2011-10-12 09:13:00",3,4,4,344,"Loyal Customers"
18080,19,2,1231.50,"2011-04-11 10:10:00","2011-11-21 08:02:00",4,2,4,424,"New Customers"
15201,88,5,1236.54,"2011-04-06 14:02:00","2011-09-13 14:53:00",2,4,4,244,"At Risk"
13931,96,2,1237.53,"2011-03-04 08:43:00","2011-09-05 10:12:00",2,3,4,234,"Cant Lose Them"
14893,10,2,1237.85,"2011-11-28 10:49:00","2011-11-30 12:31:00",5,2,4,524,"New Customers"
13476,179,2,1238.47,"2011-03-03 14:43:00","2011-06-14 12:00:00",2,3,4,234,"Cant Lose Them"
12985,1,2,1239.38,"2011-11-11 12:44:00","2011-12-09 10:46:00",5,2,4,524,"New Customers"
17731,80,4,1240.11,"2011-06-09 14:18:00","2011-09-21 15:02:00",2,4,4,244,"At Risk"
17588,101,3,1240.20,"2011-04-21 10:31:00","2011-08-31 13:37:00",2,4,4,244,"At Risk"
17584,8,2,1242.30,"2011-08-04 14:12:00","2011-12-02 17:12:00",5,2,4,524,"New Customers"
16531,23,7,1244.59,"2010-12-14 13:19:00","2011-11-17 16:29:00",4,5,4,454,Champions
13860,2,5,1245.90,"2011-09-14 09:27:00","2011-12-08 12:57:00",5,4,4,544,Champions
12494,16,7,1246.10,"2010-12-09 11:31:00","2011-11-24 09:34:00",4,5,4,454,Champions
13029,31,3,1247.50,"2010-12-21 13:53:00","2011-11-09 09:13:00",4,3,4,434,"Loyal Customers"
12689,26,2,1247.61,"2011-08-04 10:04:00","2011-11-14 08:31:00",4,2,4,424,"New Customers"
14383,39,3,1247.69,"2011-06-29 10:18:00","2011-11-01 15:53:00",3,4,4,344,"Loyal Customers"
17262,53,5,1253.36,"2010-12-08 13:30:00","2011-10-18 12:56:00",3,4,4,344,"Loyal Customers"
13848,93,3,1255.00,"2010-12-08 15:10:00","2011-09-08 12:58:00",2,4,4,244,"At Risk"
17481,4,4,1255.59,"2011-09-07 09:57:00","2011-12-06 12:28:00",5,4,4,544,Champions
16639,32,3,1257.51,"2011-04-18 09:31:00","2011-11-08 13:20:00",4,3,4,434,"Loyal Customers"
14931,5,5,1257.68,"2011-04-13 09:32:00","2011-12-05 10:19:00",5,4,4,544,Champions
13151,296,1,1257.87,"2011-02-17 12:29:00","2011-02-17 12:29:00",1,1,4,114,Lost
17412,3,7,1258.06,"2010-12-02 16:29:00","2011-12-07 11:36:00",5,5,4,554,Champions
17019,12,4,1258.08,"2010-12-06 12:55:00","2011-11-28 13:06:00",5,4,4,544,Champions
14669,242,3,1259.24,"2011-01-11 12:30:00","2011-04-12 11:43:00",1,3,4,134,"Cant Lose Them"
15009,13,3,1259.43,"2011-11-14 17:40:00","2011-11-27 13:35:00",5,3,4,534,"Loyal Customers"
17388,78,4,1259.56,"2011-02-25 12:28:00","2011-09-23 10:31:00",2,4,4,244,"At Risk"
16688,2,4,1260.86,"2011-10-10 12:23:00","2011-12-08 15:24:00",5,4,4,544,Champions
15497,18,2,1262.20,"2011-01-24 10:01:00","2011-11-22 11:51:00",4,2,4,424,"New Customers"
16842,101,3,1264.19,"2011-02-10 14:51:00","2011-08-31 10:42:00",2,4,4,244,"At Risk"
13989,66,2,1266.08,"2011-04-14 15:39:00","2011-10-05 09:47:00",3,3,4,334,"Loyal Customers"
14105,240,1,1266.23,"2011-04-14 17:58:00","2011-04-14 17:58:00",1,1,4,114,Lost
17158,33,3,1266.97,"2010-12-14 13:03:00","2011-11-07 15:15:00",3,3,4,334,"Loyal Customers"
17037,88,1,1267.32,"2011-09-13 12:49:00","2011-09-13 12:49:00",2,2,4,224,"Needs Attention"
16660,17,4,1267.65,"2011-01-24 12:44:00","2011-11-23 14:53:00",4,4,4,444,Champions
15199,60,4,1268.70,"2011-02-04 14:04:00","2011-10-11 15:12:00",3,4,4,344,"Loyal Customers"
14916,71,4,1268.98,"2011-01-19 15:30:00","2011-09-30 09:20:00",3,4,4,344,"Loyal Customers"
13431,68,2,1269.10,"2011-09-12 11:25:00","2011-10-03 13:49:00",3,3,4,334,"Loyal Customers"
14898,24,6,1269.31,"2010-12-03 15:25:00","2011-11-16 14:54:00",4,5,4,454,Champions
13492,137,3,1269.84,"2011-05-09 10:06:00","2011-07-26 14:25:00",2,4,4,244,"At Risk"
12630,10,2,1270.88,"2011-10-27 10:41:00","2011-11-30 10:48:00",5,2,4,524,"New Customers"
16899,8,6,1271.06,"2010-12-14 13:11:00","2011-12-02 12:03:00",5,5,4,554,Champions
13878,55,1,1271.57,"2011-10-16 12:19:00","2011-10-16 12:19:00",3,2,4,324,"Potential Loyalist"
12394,64,2,1272.48,"2011-05-06 14:01:00","2011-10-07 08:08:00",3,3,4,334,"Loyal Customers"
16692,257,2,1276.00,"2011-02-23 15:41:00","2011-03-28 14:46:00",1,3,4,134,"Cant Lose Them"
16951,135,3,1277.75,"2011-02-08 14:58:00","2011-07-28 12:05:00",2,4,4,244,"At Risk"
15494,22,2,1280.58,"2011-08-10 15:29:00","2011-11-18 14:51:00",4,2,4,424,"New Customers"
13538,44,7,1280.85,"2011-01-28 10:40:00","2011-10-27 16:34:00",3,5,4,354,"Loyal Customers"
17350,9,4,1281.32,"2011-10-19 16:05:00","2011-12-01 15:47:00",5,4,4,544,Champions
17802,83,3,1285.04,"2010-12-02 13:44:00","2011-09-18 14:56:00",2,4,4,244,"At Risk"
16949,4,6,1286.27,"2011-01-27 12:11:00","2011-12-06 11:07:00",5,5,4,554,Champions
15136,3,4,1286.70,"2011-09-04 16:05:00","2011-12-07 12:26:00",5,4,4,544,Champions
15171,332,1,1289.50,"2011-01-12 15:36:00","2011-01-12 15:36:00",1,1,4,114,Lost
14856,37,3,1290.53,"2011-10-14 09:35:00","2011-11-03 14:53:00",3,4,4,344,"Loyal Customers"
16101,71,1,1290.70,"2011-09-30 10:18:00","2011-09-30 10:18:00",3,2,4,324,"Potential Loyalist"
16744,12,7,1291.91,"2011-06-19 15:13:00","2011-11-28 13:06:00",5,5,4,554,Champions
15621,5,4,1293.03,"2011-11-18 11:49:00","2011-12-05 14:01:00",5,4,4,544,Champions
16224,58,4,1295.30,"2011-04-04 12:00:00","2011-10-13 17:51:00",3,4,4,344,"Loyal Customers"
16929,4,7,1295.39,"2011-07-07 12:39:00","2011-12-06 08:37:00",5,5,4,554,Champions
17961,22,39,1296.44,"2010-12-02 19:18:00","2011-11-18 16:55:00",4,5,4,454,Champions
15602,9,9,1297.87,"2010-12-06 15:35:00","2011-12-01 14:14:00",5,5,4,554,Champions
12372,72,3,1298.04,"2011-02-16 12:46:00","2011-09-29 12:12:00",3,4,4,344,"Loyal Customers"
12488,10,3,1298.66,"2011-09-25 10:34:00","2011-11-30 08:50:00",5,3,4,534,"Loyal Customers"
16464,20,3,1298.66,"2011-07-20 13:53:00","2011-11-20 12:11:00",4,3,4,434,"Loyal Customers"
13168,37,4,1299.59,"2011-01-25 13:55:00","2011-11-03 12:56:00",3,4,4,344,"Loyal Customers"
15108,142,4,1300.25,"2011-04-26 10:54:00","2011-07-21 10:24:00",2,4,4,244,"At Risk"
16370,83,4,1301.91,"2011-04-28 16:40:00","2011-09-18 15:55:00",2,4,4,244,"At Risk"
15813,208,2,1303.91,"2011-04-14 09:09:00","2011-05-16 08:13:00",1,3,4,134,"Cant Lose Them"
17919,89,1,1304.04,"2011-09-12 13:41:00","2011-09-12 13:41:00",2,2,4,224,"Needs Attention"
12507,135,3,1304.81,"2011-02-14 09:24:00","2011-07-28 17:09:00",2,4,4,244,"At Risk"
14297,18,4,1305.33,"2011-03-10 08:31:00","2011-11-22 09:06:00",4,4,4,444,Champions
13328,317,1,1308.48,"2011-01-27 15:22:00","2011-01-27 15:22:00",1,1,4,114,Lost
14047,9,5,1308.61,"2010-12-02 10:09:00","2011-12-01 11:43:00",5,4,4,544,Champions
16120,60,4,1309.14,"2011-10-11 14:10:00","2011-10-11 14:22:00",3,4,4,344,"Loyal Customers"
14477,20,4,1309.60,"2011-02-15 15:44:00","2011-11-20 11:11:00",4,4,4,444,Champions
12516,78,2,1312.06,"2011-06-12 11:37:00","2011-09-23 09:13:00",2,3,4,234,"Cant Lose Them"
17004,47,2,1312.14,"2011-09-08 12:16:00","2011-10-24 14:25:00",3,3,4,334,"Loyal Customers"
12364,8,4,1313.10,"2011-08-19 15:24:00","2011-12-02 10:22:00",5,4,4,544,Champions
16040,66,3,1313.55,"2011-03-16 09:58:00","2011-10-05 13:47:00",3,4,4,344,"Loyal Customers"
14973,108,3,1314.45,"2011-04-28 12:22:00","2011-08-24 15:51:00",2,4,4,244,"At Risk"
14738,43,7,1314.45,"2011-01-27 14:10:00","2011-10-28 08:56:00",3,5,4,354,"Loyal Customers"
14511,12,5,1314.81,"2011-07-29 12:13:00","2011-11-28 17:05:00",5,4,4,544,Champions
12576,36,5,1315.83,"2011-02-08 11:31:00","2011-11-04 10:11:00",3,4,4,344,"Loyal Customers"
14921,31,2,1316.07,"2011-05-22 12:51:00","2011-11-09 13:17:00",4,3,4,434,"Loyal Customers"
12854,79,3,1316.25,"2011-01-25 13:35:00","2011-09-22 12:15:00",2,4,4,244,"At Risk"
12526,1,3,1316.66,"2011-09-06 14:19:00","2011-12-09 12:09:00",5,3,4,534,"Loyal Customers"
16083,101,2,1317.62,"2010-12-14 11:51:00","2011-08-31 10:47:00",2,3,4,234,"Cant Lose Them"
14794,3,7,1319.91,"2011-01-09 16:11:00","2011-12-07 10:11:00",5,5,4,554,Champions
14591,16,4,1320.21,"2011-05-10 14:09:00","2011-11-24 13:57:00",4,4,4,444,Champions
16110,46,3,1320.95,"2011-02-01 14:01:00","2011-10-25 14:35:00",3,4,4,344,"Loyal Customers"
17095,23,3,1324.16,"2011-01-09 11:05:00","2011-11-17 12:21:00",4,3,4,434,"Loyal Customers"
17633,32,4,1324.84,"2011-08-11 15:43:00","2011-11-08 13:25:00",4,4,4,444,Champions
15146,165,2,1327.16,"2011-02-21 13:07:00","2011-06-28 12:09:00",2,3,4,234,"Cant Lose Them"
13232,13,7,1328.35,"2011-04-10 13:48:00","2011-11-27 10:39:00",5,5,4,554,Champions
16295,10,4,1328.55,"2011-10-06 10:45:00","2011-11-30 08:17:00",5,4,4,544,Champions
12676,25,6,1331.39,"2011-02-01 15:41:00","2011-11-15 12:25:00",4,5,4,454,Champions
17932,30,3,1331.57,"2011-05-12 13:58:00","2011-11-10 19:49:00",4,3,4,434,"Loyal Customers"
15680,10,3,1333.68,"2010-12-08 14:43:00","2011-11-30 13:46:00",5,3,4,534,"Loyal Customers"
14064,30,5,1334.34,"2011-03-10 12:59:00","2011-11-10 13:14:00",4,4,4,444,Champions
12919,9,6,1335.19,"2011-06-23 09:22:00","2011-12-01 13:47:00",5,5,4,554,Champions
17372,41,8,1337.18,"2010-12-12 12:00:00","2011-10-30 11:37:00",3,5,4,354,"Loyal Customers"
15059,41,9,1337.72,"2011-01-09 11:54:00","2011-10-30 11:35:00",3,5,4,354,"Loyal Customers"
12620,15,3,1339.41,"2011-05-19 12:10:00","2011-11-25 10:20:00",4,3,4,434,"Loyal Customers"
15734,115,2,1339.45,"2011-05-23 14:59:00","2011-08-17 10:50:00",2,3,4,234,"Cant Lose Them"
13501,289,1,1340.32,"2011-02-24 18:59:00","2011-02-24 18:59:00",1,1,4,114,Lost
16045,120,4,1340.70,"2011-02-22 14:55:00","2011-08-12 12:41:00",2,4,4,244,"At Risk"
18177,32,6,1340.87,"2011-03-29 08:46:00","2011-11-08 14:44:00",4,5,4,454,Champions
13743,3,7,1341.60,"2011-03-25 14:46:00","2011-12-07 10:09:00",5,5,4,554,Champions
16317,120,3,1341.65,"2011-02-15 14:30:00","2011-08-12 12:46:00",2,4,4,244,"At Risk"
12463,54,4,1344.78,"2011-04-12 12:47:00","2011-10-17 13:44:00",3,4,4,344,"Loyal Customers"
15398,17,2,1345.53,"2011-09-22 14:56:00","2011-11-23 16:47:00",4,2,4,424,"New Customers"
14154,240,2,1345.62,"2011-04-14 15:58:00","2011-04-14 16:26:00",1,3,4,134,"Cant Lose Them"
12646,5,2,1346.97,"2011-10-21 12:52:00","2011-12-05 10:14:00",5,2,4,524,"New Customers"
16669,24,3,1348.88,"2011-09-22 14:13:00","2011-11-16 12:26:00",4,3,4,434,"Loyal Customers"
15411,27,4,1348.93,"2011-06-10 12:30:00","2011-11-13 15:19:00",4,4,4,444,Champions
12770,211,1,1351.45,"2011-05-13 09:33:00","2011-05-13 09:33:00",1,1,4,114,Lost
16493,80,4,1351.63,"2011-01-14 08:16:00","2011-09-21 11:10:00",2,4,4,244,"At Risk"
16079,17,3,1352.00,"2011-10-30 13:06:00","2011-11-23 12:48:00",4,3,4,434,"Loyal Customers"
15116,18,4,1352.75,"2011-05-19 08:50:00","2011-11-22 12:25:00",4,4,4,444,Champions
14859,13,4,1353.74,"2011-05-19 14:42:00","2011-11-27 11:18:00",5,4,4,544,Champions
17054,29,5,1356.33,"2011-04-08 13:14:00","2011-11-11 12:56:00",4,4,4,444,Champions
16726,27,5,1358.74,"2010-12-13 13:28:00","2011-11-13 14:53:00",4,4,4,444,Champions
13396,30,2,1360.99,"2011-01-24 13:37:00","2011-11-10 16:59:00",4,3,4,434,"Loyal Customers"
14897,8,4,1366.38,"2011-02-16 08:37:00","2011-12-02 10:32:00",5,4,4,544,Champions
13813,40,4,1366.86,"2011-07-28 10:33:00","2011-10-31 10:38:00",3,4,4,344,"Loyal Customers"
14507,24,6,1367.88,"2011-03-08 17:23:00","2011-11-16 12:21:00",4,5,4,454,Champions
15095,104,4,1370.60,"2011-05-20 14:27:00","2011-08-28 12:01:00",2,4,4,244,"At Risk"
17676,5,6,1371.18,"2010-12-08 13:49:00","2011-12-05 15:16:00",5,5,4,554,Champions
15453,2,7,1371.77,"2011-06-05 12:37:00","2011-12-08 10:59:00",5,5,4,554,Champions
14434,22,6,1372.80,"2011-09-28 15:31:00","2011-11-18 08:56:00",4,5,4,454,Champions
15569,104,5,1375.71,"2011-01-11 13:26:00","2011-08-28 10:15:00",2,4,4,244,"At Risk"
12886,68,2,1378.40,"2011-05-04 11:21:00","2011-10-03 10:09:00",3,3,4,334,"Loyal Customers"
17621,22,3,1379.90,"2010-12-20 13:31:00","2011-11-18 17:11:00",4,3,4,434,"Loyal Customers"
16389,54,4,1382.07,"2011-03-01 15:47:00","2011-10-17 14:41:00",3,4,4,344,"Loyal Customers"
14116,20,5,1382.74,"2011-08-10 12:44:00","2011-11-20 10:29:00",4,4,4,444,Champions
15051,24,3,1383.36,"2011-07-12 15:29:00","2011-11-16 15:38:00",4,3,4,434,"Loyal Customers"
15898,2,5,1383.83,"2010-12-06 11:01:00","2011-12-08 15:23:00",5,4,4,544,Champions
13572,206,1,1384.25,"2011-05-18 11:59:00","2011-05-18 11:59:00",1,1,4,114,Lost
17311,79,2,1384.85,"2011-01-27 10:56:00","2011-09-22 14:11:00",2,3,4,234,"Cant Lose Them"
18167,24,3,1384.86,"2011-08-26 11:40:00","2011-11-16 15:56:00",4,3,4,434,"Loyal Customers"
13308,23,3,1385.51,"2011-05-20 13:13:00","2011-11-17 09:31:00",4,3,4,434,"Loyal Customers"
12775,18,5,1386.04,"2011-02-01 13:45:00","2011-11-22 16:33:00",4,4,4,444,Champions
12952,6,4,1387.79,"2011-09-22 16:37:00","2011-12-04 10:35:00",5,4,4,544,Champions
15134,15,8,1387.99,"2011-04-13 11:05:00","2011-11-25 08:55:00",4,5,4,454,Champions
16539,3,4,1388.81,"2010-12-01 15:40:00","2011-12-07 08:41:00",5,4,4,544,Champions
13516,22,3,1389.41,"2011-04-15 11:06:00","2011-11-18 13:15:00",4,3,4,434,"Loyal Customers"
13414,134,3,1390.50,"2011-02-16 12:13:00","2011-07-29 11:45:00",2,4,4,244,"At Risk"
15810,79,4,1391.98,"2011-02-16 09:11:00","2011-09-22 09:38:00",2,4,4,244,"At Risk"
17354,51,1,1393.06,"2011-10-20 10:34:00","2011-10-20 10:34:00",3,2,4,324,"Potential Loyalist"
13995,16,5,1393.69,"2011-04-08 08:20:00","2011-11-24 14:22:00",4,4,4,444,Champions
18202,200,3,1396.99,"2011-02-01 13:36:00","2011-05-24 12:12:00",1,3,4,134,"Cant Lose Them"
15478,41,2,1399.92,"2011-10-14 11:09:00","2011-10-30 14:19:00",3,3,4,334,"Loyal Customers"
14741,12,6,1400.34,"2010-12-02 08:43:00","2011-11-28 08:48:00",5,5,4,554,Champions
15563,23,4,1400.44,"2010-12-16 11:27:00","2011-11-17 14:50:00",4,4,4,444,Champions
14649,5,4,1402.59,"2011-05-11 14:37:00","2011-12-05 12:30:00",5,4,4,544,Champions
18116,68,8,1403.11,"2010-12-10 12:14:00","2011-10-03 11:00:00",3,5,4,354,"Loyal Customers"
15426,20,5,1404.07,"2010-12-05 13:55:00","2011-11-20 15:36:00",4,4,4,444,Champions
16271,3,5,1404.64,"2010-12-16 16:36:00","2011-12-07 12:45:00",5,4,4,544,Champions
17083,110,3,1405.78,"2011-02-09 11:38:00","2011-08-22 15:43:00",2,4,4,244,"At Risk"
15596,101,5,1406.59,"2010-12-09 16:10:00","2011-08-31 10:55:00",2,4,4,244,"At Risk"
15444,10,2,1411.21,"2011-10-30 16:12:00","2011-11-30 17:37:00",5,2,4,524,"New Customers"
15237,2,4,1412.32,"2011-04-26 15:04:00","2011-12-08 09:46:00",5,4,4,544,Champions
16245,24,3,1413.66,"2011-03-28 09:30:00","2011-11-16 10:14:00",4,3,4,434,"Loyal Customers"
16012,36,3,1415.29,"2011-07-07 18:02:00","2011-11-04 13:25:00",3,4,4,344,"Loyal Customers"
16348,33,7,1415.65,"2011-04-13 15:49:00","2011-11-07 15:44:00",3,5,4,354,"Loyal Customers"
14748,30,5,1415.75,"2010-12-06 10:19:00","2011-11-10 18:33:00",4,4,4,444,Champions
17288,10,7,1417.63,"2010-12-16 13:33:00","2011-11-30 16:09:00",5,5,4,554,Champions
17856,2,4,1418.03,"2011-03-03 11:40:00","2011-12-08 09:40:00",5,4,4,544,Champions
16173,16,6,1418.32,"2011-09-02 15:23:00","2011-11-24 10:53:00",4,5,4,454,Champions
14443,54,4,1420.20,"2010-12-06 11:03:00","2011-10-17 10:10:00",3,4,4,344,"Loyal Customers"
14901,12,9,1421.29,"2010-12-02 11:20:00","2011-11-28 17:09:00",5,5,4,554,Champions
14019,47,3,1421.61,"2011-07-24 15:39:00","2011-10-24 10:13:00",3,4,4,344,"Loyal Customers"
16571,27,3,1421.69,"2011-03-03 09:41:00","2011-11-13 11:46:00",4,3,4,434,"Loyal Customers"
16463,22,4,1422.40,"2011-05-19 14:45:00","2011-11-18 14:01:00",4,4,4,444,Champions
15106,18,5,1422.52,"2011-03-15 12:52:00","2011-11-22 09:16:00",4,4,4,444,Champions
17571,51,4,1425.67,"2011-02-14 15:15:00","2011-10-20 15:57:00",3,4,4,344,"Loyal Customers"
15681,26,5,1426.16,"2011-03-04 13:46:00","2011-11-14 16:30:00",4,4,4,444,Champions
15858,16,5,1427.57,"2010-12-07 14:31:00","2011-11-24 12:48:00",4,4,4,444,Champions
14035,29,5,1428.02,"2011-02-15 12:48:00","2011-11-11 10:03:00",4,4,4,444,Champions
13159,9,4,1429.35,"2011-08-16 11:44:00","2011-12-01 11:20:00",5,4,4,544,Champions
16103,8,6,1429.64,"2011-04-20 12:28:00","2011-12-02 14:16:00",5,5,4,554,Champions
15427,34,3,1430.54,"2011-10-23 14:47:00","2011-11-06 14:29:00",3,3,4,334,"Loyal Customers"
13475,192,4,1431.78,"2011-02-14 12:36:00","2011-06-01 13:52:00",1,4,4,144,"At Risk"
16503,107,4,1431.93,"2010-12-14 13:50:00","2011-08-25 11:46:00",2,4,4,244,"At Risk"
14566,111,1,1432.00,"2011-08-21 11:05:00","2011-08-21 11:05:00",2,2,4,224,"Needs Attention"
15987,13,7,1432.77,"2010-12-06 08:34:00","2011-11-27 15:38:00",5,5,4,554,Champions
14071,4,8,1437.57,"2011-03-20 11:33:00","2011-12-06 12:27:00",5,5,4,554,Champions
17175,45,4,1443.69,"2011-02-16 14:56:00","2011-10-26 15:31:00",3,4,4,344,"Loyal Customers"
13461,39,3,1445.00,"2011-06-29 10:23:00","2011-11-01 09:01:00",3,4,4,344,"Loyal Customers"
13717,33,6,1445.01,"2011-02-14 13:21:00","2011-11-07 14:13:00",4,5,4,454,Champions
17073,18,4,1446.09,"2011-08-22 14:37:00","2011-11-22 11:47:00",4,4,4,444,Champions
14740,198,3,1448.21,"2011-03-01 08:35:00","2011-05-26 18:17:00",1,3,4,134,"Cant Lose Them"
14404,34,6,1449.32,"2010-12-05 16:00:00","2011-11-06 12:30:00",3,5,4,354,"Loyal Customers"
16059,66,6,1453.16,"2010-12-07 10:36:00","2011-10-05 09:56:00",3,5,4,354,"Loyal Customers"
14541,59,8,1453.35,"2011-01-24 14:16:00","2011-10-12 10:08:00",3,5,4,354,"Loyal Customers"
13477,38,6,1454.58,"2011-02-21 12:29:00","2011-11-02 12:04:00",3,5,4,354,"Loyal Customers"
13309,8,5,1456.79,"2011-02-04 12:29:00","2011-12-02 16:34:00",5,4,4,544,Champions
16996,31,6,1456.96,"2010-12-21 13:22:00","2011-11-09 16:43:00",4,5,4,454,Champions
17063,22,7,1461.14,"2011-02-23 13:44:00","2011-11-18 16:19:00",4,5,4,454,Champions
14233,50,4,1462.72,"2011-01-26 12:43:00","2011-10-21 15:54:00",3,4,4,344,"Loyal Customers"
12882,10,2,1463.04,"2011-11-06 11:22:00","2011-11-30 16:18:00",5,2,4,524,"New Customers"
15983,23,4,1465.12,"2010-12-01 12:15:00","2011-11-17 17:34:00",4,4,4,444,Champions
14875,108,2,1465.32,"2011-03-22 11:53:00","2011-08-24 12:20:00",2,3,4,234,"Cant Lose Them"
16016,4,8,1465.51,"2010-12-08 12:36:00","2011-12-06 14:35:00",5,5,4,554,Champions
17590,3,3,1468.02,"2011-10-30 14:05:00","2011-12-07 12:55:00",5,3,4,534,"Loyal Customers"
15128,61,4,1471.00,"2011-05-04 12:32:00","2011-10-10 13:54:00",3,4,4,344,"Loyal Customers"
14963,10,5,1472.34,"2011-06-09 12:30:00","2011-11-30 12:16:00",5,4,4,544,Champions
14246,111,3,1474.06,"2011-04-08 08:25:00","2011-08-21 11:50:00",2,4,4,244,"At Risk"
12826,3,7,1474.72,"2010-12-09 15:21:00","2011-12-07 10:25:00",5,5,4,554,Champions
16755,115,3,1475.43,"2011-01-28 10:47:00","2011-08-17 13:21:00",2,4,4,244,"At Risk"
14403,131,4,1475.81,"2011-04-06 14:23:00","2011-08-01 12:57:00",2,4,4,244,"At Risk"
14878,13,9,1476.09,"2010-12-16 12:11:00","2011-11-27 11:15:00",5,5,4,554,Champions
18016,33,5,1477.66,"2010-12-10 17:14:00","2011-11-07 13:25:00",4,4,4,444,Champions
16395,61,5,1482.06,"2011-01-13 12:10:00","2011-10-10 12:50:00",3,4,4,344,"Loyal Customers"
14758,145,4,1484.06,"2011-03-25 12:10:00","2011-07-18 08:21:00",2,4,4,244,"At Risk"
17553,130,1,1487.60,"2011-08-02 10:00:00","2011-08-02 10:00:00",2,2,4,224,"Needs Attention"
13692,25,3,1488.32,"2011-04-17 12:57:00","2011-11-15 11:17:00",4,3,4,434,"Loyal Customers"
13110,32,7,1488.67,"2011-02-01 15:24:00","2011-11-08 14:30:00",4,5,4,454,Champions
15057,276,2,1489.50,"2011-01-28 09:09:00","2011-03-09 15:17:00",1,3,4,134,"Cant Lose Them"
16880,31,7,1491.43,"2011-06-03 16:45:00","2011-11-09 11:33:00",4,5,4,454,Champions
17002,86,3,1493.73,"2011-02-22 11:46:00","2011-09-15 12:40:00",2,4,4,244,"At Risk"
14704,12,9,1493.96,"2011-06-12 13:59:00","2011-11-28 12:51:00",5,5,4,554,Champions
14414,92,7,1496.98,"2010-12-16 11:11:00","2011-09-09 12:09:00",2,5,4,254,"At Risk"
15530,22,4,1497.31,"2011-04-07 11:16:00","2011-11-18 12:25:00",4,4,4,444,Champions
13810,29,3,1499.01,"2011-10-14 12:57:00","2011-11-11 08:33:00",4,3,4,434,"Loyal Customers"
16279,22,3,1502.78,"2011-06-16 11:50:00","2011-11-18 15:00:00",4,3,4,434,"Loyal Customers"
15916,17,8,1502.86,"2010-12-08 13:07:00","2011-11-23 13:46:00",4,5,4,454,Champions
12937,16,4,1504.27,"2011-03-17 14:19:00","2011-11-24 15:05:00",4,4,4,444,Champions
15265,152,2,1506.12,"2011-04-18 12:16:00","2011-07-11 14:46:00",2,3,4,234,"Cant Lose Them"
16910,5,8,1508.96,"2011-09-09 14:14:00","2011-12-05 12:51:00",5,5,4,554,Champions
16434,30,7,1511.80,"2011-02-13 12:17:00","2011-11-10 14:28:00",4,5,4,454,Champions
16053,33,2,1511.95,"2011-08-09 14:57:00","2011-11-07 11:21:00",3,3,4,334,"Loyal Customers"
16748,18,5,1515.90,"2011-01-09 13:50:00","2011-11-22 10:17:00",4,4,4,444,Champions
13791,128,2,1516.00,"2011-06-24 16:38:00","2011-08-04 11:44:00",2,3,4,234,"Cant Lose Them"
14267,163,3,1516.24,"2011-03-24 11:38:00","2011-06-30 10:09:00",2,3,4,234,"Cant Lose Them"
13764,71,3,1519.42,"2011-01-06 14:53:00","2011-09-30 12:03:00",3,4,4,344,"Loyal Customers"
13213,57,5,1520.58,"2011-05-24 12:22:00","2011-10-14 11:42:00",3,4,4,344,"Loyal Customers"
16066,17,5,1521.04,"2011-08-07 14:33:00","2011-11-23 11:54:00",4,4,4,444,Champions
16244,212,2,1522.75,"2010-12-02 11:41:00","2011-05-12 10:18:00",1,3,4,134,"Cant Lose Them"
15701,3,4,1529.00,"2011-08-21 12:36:00","2011-12-07 14:39:00",5,4,4,544,Champions
14567,57,2,1530.36,"2011-08-01 13:48:00","2011-10-14 10:21:00",3,3,4,334,"Loyal Customers"
14321,11,5,1530.75,"2011-01-10 11:35:00","2011-11-29 09:47:00",5,4,4,544,Champions
12759,53,3,1531.44,"2011-03-09 08:09:00","2011-10-18 14:49:00",3,4,4,344,"Loyal Customers"
13107,45,4,1531.62,"2011-01-10 12:28:00","2011-10-26 14:52:00",3,4,4,344,"Loyal Customers"
13320,79,4,1532.20,"2011-05-10 10:29:00","2011-09-22 18:07:00",2,4,4,244,"At Risk"
15625,104,4,1534.26,"2011-04-18 14:01:00","2011-08-28 10:21:00",2,4,4,244,"At Risk"
15392,5,4,1535.53,"2010-12-14 15:50:00","2011-12-05 11:01:00",5,4,4,544,Champions
12877,4,12,1535.77,"2010-12-16 12:23:00","2011-12-06 10:30:00",5,5,4,554,Champions
13849,52,2,1537.95,"2011-06-22 10:11:00","2011-10-19 10:59:00",3,3,4,334,"Loyal Customers"
17159,22,3,1538.88,"2011-06-21 09:49:00","2011-11-18 10:52:00",4,3,4,434,"Loyal Customers"
16365,18,9,1540.42,"2010-12-07 17:19:00","2011-11-22 11:24:00",4,5,4,454,Champions
17837,43,8,1541.23,"2011-06-29 16:44:00","2011-10-28 16:13:00",3,5,4,354,"Loyal Customers"
12818,262,1,1542.08,"2011-03-23 12:06:00","2011-03-23 12:06:00",1,1,4,114,Lost
13397,73,5,1544.13,"2011-01-04 13:50:00","2011-09-28 10:56:00",2,4,4,244,"At Risk"
16369,19,3,1545.41,"2011-05-27 09:39:00","2011-11-21 16:25:00",4,3,4,434,"Loyal Customers"
16790,4,6,1545.62,"2011-11-02 11:23:00","2011-12-06 11:53:00",5,5,4,554,Champions
14229,52,3,1547.20,"2011-01-10 12:03:00","2011-10-19 10:04:00",3,4,4,344,"Loyal Customers"
13634,34,5,1547.36,"2011-01-16 15:30:00","2011-11-06 13:40:00",3,4,4,344,"Loyal Customers"
15117,15,5,1551.78,"2011-05-08 12:38:00","2011-11-25 08:12:00",4,4,4,444,Champions
15620,57,3,1553.18,"2010-12-16 14:34:00","2011-10-14 12:41:00",3,4,4,344,"Loyal Customers"
13313,23,5,1555.32,"2011-01-04 10:00:00","2011-11-17 16:48:00",4,4,4,444,Champions
16394,57,5,1555.34,"2011-02-23 10:58:00","2011-10-14 09:48:00",3,4,4,344,"Loyal Customers"
14038,79,3,1560.38,"2011-05-16 14:05:00","2011-09-22 13:37:00",2,4,4,244,"At Risk"
18239,219,5,1561.61,"2010-12-02 17:48:00","2011-05-05 12:38:00",1,4,4,144,"At Risk"
17085,124,5,1562.40,"2010-12-12 12:24:00","2011-08-08 14:15:00",2,4,4,244,"At Risk"
13659,206,2,1563.00,"2011-01-23 12:08:00","2011-05-18 12:37:00",1,3,4,134,"Cant Lose Them"
17204,176,4,1564.56,"2011-03-21 12:42:00","2011-06-17 14:46:00",2,4,4,244,"At Risk"
15532,26,4,1564.73,"2010-12-16 16:45:00","2011-11-14 14:51:00",4,4,4,444,Champions
15111,30,3,1567.48,"2010-12-02 11:45:00","2011-11-10 16:58:00",4,3,4,434,"Loyal Customers"
15906,20,7,1567.69,"2011-03-29 13:28:00","2011-11-20 12:24:00",4,5,4,454,Champions
12865,27,2,1568.23,"2011-08-08 10:11:00","2011-11-13 14:31:00",4,2,4,424,"New Customers"
16283,6,5,1570.81,"2011-05-15 13:37:00","2011-12-04 12:08:00",5,4,4,544,Champions
17671,16,4,1572.71,"2010-12-09 14:27:00","2011-11-24 12:21:00",4,4,4,444,Champions
13186,40,3,1575.89,"2011-08-03 09:09:00","2011-10-31 11:40:00",3,4,4,344,"Loyal Customers"
16889,195,3,1578.67,"2011-01-07 10:47:00","2011-05-29 11:05:00",1,3,4,134,"Cant Lose Them"
13814,93,2,1579.12,"2011-07-25 13:54:00","2011-09-08 13:48:00",2,3,4,234,"Cant Lose Them"
12607,61,1,1579.51,"2011-10-10 16:06:00","2011-10-10 16:06:00",3,2,4,324,"Potential Loyalist"
14587,19,9,1580.29,"2011-01-12 13:16:00","2011-11-21 11:34:00",4,5,4,454,Champions
14719,2,5,1581.84,"2011-04-04 14:17:00","2011-12-08 12:43:00",5,4,4,544,Champions
12393,73,4,1582.60,"2011-01-11 09:47:00","2011-09-28 15:41:00",2,4,4,244,"At Risk"
16332,29,7,1582.80,"2011-02-07 14:16:00","2011-11-11 14:22:00",4,5,4,454,Champions
13614,25,4,1585.46,"2011-01-13 12:37:00","2011-11-15 14:47:00",4,4,4,444,Champions
14442,205,2,1589.82,"2011-01-27 09:33:00","2011-05-19 11:36:00",1,3,4,134,"Cant Lose Them"
18178,129,4,1590.81,"2010-12-10 12:42:00","2011-08-03 09:30:00",2,4,4,244,"At Risk"
15611,10,13,1591.45,"2011-01-09 11:32:00","2011-11-30 12:36:00",5,5,4,554,Champions
14970,69,4,1592.06,"2011-01-27 12:23:00","2011-10-02 13:44:00",3,4,4,344,"Loyal Customers"
16676,34,4,1592.12,"2011-01-06 13:00:00","2011-11-06 12:01:00",3,4,4,344,"Loyal Customers"
16801,164,4,1594.23,"2011-03-11 13:56:00","2011-06-29 15:33:00",2,4,4,244,"At Risk"
17673,2,6,1594.97,"2011-01-23 15:16:00","2011-12-08 12:50:00",5,4,4,544,Champions
13850,130,1,1595.48,"2011-08-02 14:04:00","2011-08-02 14:04:00",2,2,4,224,"Needs Attention"
16466,34,7,1595.96,"2011-02-20 11:39:00","2011-11-06 11:35:00",3,5,4,354,"Loyal Customers"
16496,9,3,1599.52,"2011-01-27 09:42:00","2011-12-01 10:31:00",5,3,4,534,"Loyal Customers"
14178,9,7,1600.26,"2011-06-10 12:51:00","2011-12-01 12:01:00",5,5,4,554,Champions
15660,26,9,1600.86,"2010-12-09 09:49:00","2011-11-14 16:58:00",4,5,4,454,Champions
12947,144,6,1603.99,"2010-12-01 16:21:00","2011-07-19 10:06:00",2,5,4,254,"At Risk"
16817,3,9,1604.75,"2010-12-06 14:19:00","2011-12-07 11:03:00",5,5,4,554,Champions
12868,186,6,1607.06,"2010-12-01 12:50:00","2011-06-07 10:42:00",1,5,4,154,"At Risk"
14918,116,2,1610.15,"2011-07-08 12:50:00","2011-08-16 11:50:00",2,3,4,234,"Cant Lose Them"
14312,47,6,1611.59,"2011-01-06 16:35:00","2011-10-24 09:46:00",3,5,4,354,"Loyal Customers"
15791,44,2,1612.69,"2011-05-19 15:15:00","2011-10-27 10:14:00",3,3,4,334,"Loyal Customers"
16992,11,5,1614.31,"2011-02-28 10:37:00","2011-11-29 11:50:00",5,4,4,544,Champions
14336,17,4,1614.91,"2011-03-08 16:48:00","2011-11-23 11:40:00",4,4,4,444,Champions
16987,4,7,1616.80,"2011-05-18 15:55:00","2011-12-06 17:26:00",5,5,4,554,Champions
18161,16,5,1618.69,"2011-01-24 11:56:00","2011-11-24 16:40:00",4,4,4,444,Champions
17101,11,4,1621.73,"2011-06-14 14:49:00","2011-11-29 13:57:00",5,4,4,544,Champions
14937,57,3,1621.88,"2011-08-01 14:16:00","2011-10-14 12:29:00",3,4,4,344,"Loyal Customers"
15172,9,5,1624.05,"2011-04-17 11:56:00","2011-12-01 11:51:00",5,4,4,544,Champions
16515,53,5,1624.14,"2011-02-01 13:09:00","2011-10-18 13:10:00",3,4,4,344,"Loyal Customers"
13425,109,3,1624.21,"2011-02-18 08:34:00","2011-08-23 17:13:00",2,4,4,244,"At Risk"
14759,5,3,1625.97,"2011-04-21 10:55:00","2011-12-05 12:03:00",5,3,4,534,"Loyal Customers"
12377,316,2,1628.12,"2010-12-20 09:37:00","2011-01-28 15:45:00",1,3,4,134,"Cant Lose Them"
14164,71,2,1631.77,"2011-09-20 12:18:00","2011-09-30 12:24:00",3,3,4,334,"Loyal Customers"
15122,115,3,1633.78,"2011-02-15 09:59:00","2011-08-17 16:48:00",2,4,4,244,"At Risk"
12398,46,1,1635.66,"2011-10-25 10:27:00","2011-10-25 10:27:00",3,2,4,324,"Potential Loyalist"
15024,10,10,1636.43,"2010-12-07 13:20:00","2011-11-30 12:06:00",5,5,4,554,Champions
13627,60,5,1638.47,"2010-12-17 09:52:00","2011-10-11 14:20:00",3,4,4,344,"Loyal Customers"
14573,180,9,1639.82,"2010-12-02 19:59:00","2011-06-13 11:15:00",1,5,4,154,"At Risk"
15002,116,4,1641.76,"2010-12-07 13:16:00","2011-08-16 10:44:00",2,4,4,244,"At Risk"
12657,12,4,1643.18,"2011-09-22 11:40:00","2011-11-28 15:47:00",5,4,4,544,Champions
13012,10,8,1646.84,"2011-02-18 09:43:00","2011-11-30 13:05:00",5,5,4,554,Champions
13750,54,5,1647.26,"2011-01-07 11:49:00","2011-10-17 12:16:00",3,4,4,344,"Loyal Customers"
17284,61,6,1647.48,"2011-01-07 14:31:00","2011-10-10 14:38:00",3,5,4,354,"Loyal Customers"
13647,10,4,1648.12,"2011-04-19 09:49:00","2011-11-30 12:00:00",5,4,4,544,Champions
14837,90,4,1649.50,"2011-05-22 12:49:00","2011-09-11 10:58:00",2,4,4,244,"At Risk"
16711,4,5,1651.03,"2010-12-17 12:43:00","2011-12-06 16:32:00",5,4,4,544,Champions
16813,9,10,1652.18,"2011-05-19 13:28:00","2011-12-01 14:03:00",5,5,4,554,Champions
15826,57,3,1654.31,"2011-05-13 10:44:00","2011-10-14 16:05:00",3,4,4,344,"Loyal Customers"
15953,16,8,1657.28,"2010-12-05 15:15:00","2011-11-24 15:32:00",4,5,4,454,Champions
14045,110,4,1659.75,"2010-12-01 11:32:00","2011-08-22 15:27:00",2,4,4,244,"At Risk"
16115,10,8,1660.88,"2011-02-20 12:14:00","2011-11-30 11:32:00",5,5,4,554,Champions
12967,359,2,1660.90,"2010-12-03 09:49:00","2010-12-16 19:10:00",1,3,4,134,"Cant Lose Them"
15332,367,4,1661.06,"2010-12-05 12:00:00","2010-12-08 14:43:00",1,4,4,144,"At Risk"
15214,2,8,1661.44,"2011-04-11 09:46:00","2011-12-08 12:07:00",5,5,4,554,Champions
12530,60,4,1662.28,"2011-01-07 10:04:00","2011-10-11 12:34:00",3,4,4,344,"Loyal Customers"
12912,3,5,1662.30,"2011-10-30 11:35:00","2011-12-07 08:55:00",5,4,4,544,Champions
17754,1,5,1664.65,"2011-03-24 13:54:00","2011-12-09 11:20:00",5,4,4,544,Champions
13184,15,10,1668.95,"2011-02-22 17:25:00","2011-11-25 12:02:00",4,5,4,454,Champions
17656,74,5,1674.69,"2011-08-03 10:45:00","2011-09-27 13:04:00",2,4,4,244,"At Risk"
13149,15,4,1676.06,"2011-02-23 13:57:00","2011-11-25 13:09:00",4,4,4,444,Champions
16638,23,10,1680.72,"2010-12-06 10:19:00","2011-11-17 11:09:00",4,5,4,454,Champions
15549,78,3,1681.46,"2011-01-27 15:38:00","2011-09-23 16:22:00",2,4,4,244,"At Risk"
17282,131,3,1685.46,"2011-02-13 11:36:00","2011-08-01 14:29:00",2,4,4,244,"At Risk"
13577,26,4,1687.60,"2011-04-12 10:33:00","2011-11-14 15:19:00",4,4,4,444,Champions
13162,123,4,1688.29,"2011-01-09 10:43:00","2011-08-09 15:59:00",2,4,4,244,"At Risk"
12635,90,2,1689.18,"2011-07-08 08:43:00","2011-09-11 11:04:00",2,3,4,234,"Cant Lose Them"
17152,195,3,1689.50,"2011-03-21 16:20:00","2011-05-29 12:19:00",1,3,4,134,"Cant Lose Them"
15380,9,5,1690.26,"2010-12-09 15:01:00","2011-12-01 12:13:00",5,4,4,544,Champions
16775,11,11,1691.51,"2010-12-07 15:15:00","2011-11-29 15:22:00",5,5,4,554,Champions
16671,29,3,1692.27,"2011-06-28 11:20:00","2011-11-11 13:40:00",4,3,4,434,"Loyal Customers"
14245,220,2,1693.45,"2011-03-21 10:41:00","2011-05-04 08:40:00",1,3,4,134,"Cant Lose Them"
16007,48,4,1693.81,"2011-05-08 13:32:00","2011-10-23 11:05:00",3,4,4,344,"Loyal Customers"
12764,317,1,1693.88,"2011-01-27 10:19:00","2011-01-27 10:19:00",1,1,4,114,Lost
17813,15,5,1698.07,"2011-09-29 15:57:00","2011-11-25 16:13:00",4,4,4,444,Champions
13824,33,5,1698.94,"2011-02-02 13:07:00","2011-11-07 12:41:00",4,4,4,444,Champions
17193,36,7,1699.30,"2011-06-16 10:04:00","2011-11-04 12:47:00",3,5,4,354,"Loyal Customers"
12843,66,8,1702.26,"2011-03-20 14:38:00","2011-10-05 12:09:00",3,5,4,354,"Loyal Customers"
16791,30,7,1705.78,"2011-01-11 15:42:00","2011-11-10 19:12:00",4,5,4,454,Champions
16398,155,2,1705.80,"2011-03-31 09:38:00","2011-07-08 15:16:00",2,3,4,234,"Cant Lose Them"
15240,45,5,1706.57,"2011-02-01 08:23:00","2011-10-26 09:50:00",3,4,4,344,"Loyal Customers"
16902,117,1,1706.88,"2011-08-15 14:17:00","2011-08-15 14:17:00",2,2,4,224,"Needs Attention"
12407,50,5,1708.12,"2011-03-20 13:21:00","2011-10-21 10:11:00",3,4,4,344,"Loyal Customers"
15947,83,1,1708.24,"2011-09-18 10:46:00","2011-09-18 10:46:00",2,2,4,224,"Needs Attention"
12405,149,1,1710.39,"2011-07-14 08:52:00","2011-07-14 08:52:00",2,2,4,224,"Needs Attention"
17750,6,9,1710.45,"2011-06-28 15:44:00","2011-12-04 14:09:00",5,5,4,554,Champions
14441,1,4,1712.89,"2011-03-29 12:01:00","2011-12-09 09:07:00",5,4,4,544,Champions
17147,23,4,1714.59,"2011-02-01 09:36:00","2011-11-17 12:32:00",4,4,4,444,Champions
13763,64,1,1714.96,"2011-10-07 15:13:00","2011-10-07 15:13:00",3,2,4,324,"Potential Loyalist"
17162,29,10,1715.46,"2011-02-07 12:27:00","2011-11-11 11:34:00",4,5,4,454,Champions
15267,23,5,1717.36,"2011-06-10 10:24:00","2011-11-17 15:59:00",4,4,4,444,Champions
14834,18,6,1720.30,"2011-04-13 15:00:00","2011-11-22 10:30:00",4,5,4,454,Champions
17451,2,7,1721.40,"2011-08-26 11:54:00","2011-12-08 15:02:00",5,5,4,554,Champions
13564,145,3,1724.67,"2010-12-06 17:26:00","2011-07-18 14:33:00",2,4,4,244,"At Risk"
14387,33,3,1727.60,"2011-08-22 14:13:00","2011-11-07 12:29:00",4,3,4,434,"Loyal Customers"
17043,33,4,1735.18,"2011-03-18 14:53:00","2011-11-07 15:33:00",3,4,4,344,"Loyal Customers"
14673,4,5,1736.40,"2010-12-07 12:49:00","2011-12-06 14:31:00",5,4,4,544,Champions
15050,26,3,1737.69,"2011-09-29 13:22:00","2011-11-14 16:17:00",4,3,4,434,"Loyal Customers"
17457,127,5,1737.70,"2011-01-04 14:33:00","2011-08-05 12:48:00",2,4,4,244,"At Risk"
17353,130,2,1740.00,"2011-07-08 16:17:00","2011-08-02 17:19:00",2,3,4,234,"Cant Lose Them"
17930,36,5,1740.48,"2011-04-14 15:46:00","2011-11-04 10:23:00",3,4,4,344,"Loyal Customers"
14595,20,6,1740.60,"2011-01-30 13:36:00","2011-11-20 12:12:00",4,5,4,454,Champions
13157,50,4,1741.22,"2011-02-14 14:03:00","2011-10-21 13:50:00",3,4,4,344,"Loyal Customers"
16380,62,1,1743.15,"2011-10-09 15:40:00","2011-10-09 15:40:00",3,2,4,324,"Potential Loyalist"
15950,32,4,1744.71,"2010-12-15 11:56:00","2011-11-08 11:09:00",4,4,4,444,Champions
15067,79,3,1744.76,"2011-03-02 12:10:00","2011-09-22 13:20:00",2,4,4,244,"At Risk"
13808,6,5,1747.66,"2011-09-04 12:07:00","2011-12-04 12:18:00",5,4,4,544,Champions
16359,8,9,1750.92,"2011-01-12 10:49:00","2011-12-02 17:04:00",5,5,4,554,Champions
15241,67,8,1756.44,"2011-03-01 11:02:00","2011-10-04 09:05:00",3,5,4,354,"Loyal Customers"
12349,19,1,1757.55,"2011-11-21 09:51:00","2011-11-21 09:51:00",4,1,4,414,"New Customers"
12823,75,5,1759.50,"2011-02-16 12:15:00","2011-09-26 07:35:00",2,4,4,244,"At Risk"
12424,163,2,1760.96,"2011-06-30 12:06:00","2011-06-30 12:06:00",2,3,4,234,"Cant Lose Them"
16751,31,1,1764.72,"2011-11-09 10:48:00","2011-11-09 10:48:00",4,2,4,424,"New Customers"
13456,18,6,1766.72,"2011-05-16 15:34:00","2011-11-22 09:18:00",4,5,4,454,Champions
16719,15,7,1770.22,"2010-12-06 12:06:00","2011-11-25 09:27:00",4,5,4,454,Champions
16681,73,6,1770.34,"2011-03-31 13:46:00","2011-09-28 11:11:00",2,5,4,254,"At Risk"
15473,15,7,1771.20,"2011-10-10 11:12:00","2011-11-25 15:15:00",4,5,4,454,Champions
15594,16,5,1771.78,"2011-04-19 10:08:00","2011-11-24 08:53:00",4,4,4,444,Champions
17092,51,4,1774.03,"2011-03-07 14:51:00","2011-10-20 19:51:00",3,4,4,344,"Loyal Customers"
12645,34,4,1775.18,"2011-01-27 13:08:00","2011-11-06 12:38:00",3,4,4,344,"Loyal Customers"
15220,52,6,1778.96,"2011-03-04 10:24:00","2011-10-19 12:39:00",3,5,4,354,"Loyal Customers"
14935,298,1,1784.71,"2011-02-15 14:44:00","2011-02-15 14:44:00",1,1,4,114,Lost
14608,5,4,1785.15,"2010-12-12 14:49:00","2011-12-05 16:52:00",5,4,4,544,Champions
13875,54,5,1786.79,"2011-02-11 15:39:00","2011-10-17 09:36:00",3,4,4,344,"Loyal Customers"
14621,2,5,1788.36,"2010-12-16 13:00:00","2011-12-08 16:22:00",5,4,4,544,Champions
14215,12,6,1789.72,"2010-12-06 15:34:00","2011-11-28 12:19:00",5,5,4,554,Champions
12523,20,11,1789.77,"2011-01-12 09:43:00","2011-11-20 12:55:00",4,5,4,454,Champions
13510,2,4,1791.56,"2011-06-09 09:32:00","2011-12-08 13:46:00",5,4,4,544,Champions
18122,9,6,1793.06,"2011-07-12 11:37:00","2011-12-01 13:08:00",5,5,4,554,Champions
18179,10,6,1793.17,"2011-01-07 14:22:00","2011-11-30 16:23:00",5,5,4,554,Champions
13134,86,4,1793.58,"2011-04-13 12:57:00","2011-09-15 10:35:00",2,4,4,244,"At Risk"
18235,72,3,1796.48,"2011-05-06 13:35:00","2011-09-29 08:27:00",3,4,4,344,"Loyal Customers"
12348,76,4,1797.24,"2010-12-16 19:09:00","2011-09-25 13:13:00",2,4,4,244,"At Risk"
17648,61,4,1797.50,"2011-04-04 10:29:00","2011-10-10 09:41:00",3,4,4,344,"Loyal Customers"
13196,12,4,1797.78,"2011-03-22 14:24:00","2011-11-28 13:54:00",5,4,4,544,Champions
13562,82,3,1799.33,"2011-04-08 12:42:00","2011-09-19 10:51:00",2,4,4,244,"At Risk"
16249,53,5,1800.07,"2011-04-14 13:50:00","2011-10-18 10:07:00",3,4,4,344,"Loyal Customers"
15812,108,5,1801.14,"2011-01-26 12:12:00","2011-08-24 14:19:00",2,4,4,244,"At Risk"
17663,26,7,1802.91,"2011-02-25 14:11:00","2011-11-14 08:56:00",4,5,4,454,Champions
13481,46,5,1804.56,"2011-03-28 09:07:00","2011-10-25 09:07:00",3,4,4,344,"Loyal Customers"
16474,8,7,1810.65,"2011-07-17 14:51:00","2011-12-02 13:02:00",5,5,4,554,Champions
15260,101,7,1810.77,"2010-12-02 12:09:00","2011-08-31 13:55:00",2,5,4,254,"At Risk"
17629,6,8,1814.12,"2010-12-15 09:58:00","2011-12-04 10:56:00",5,5,4,554,Champions
17787,153,4,1817.54,"2010-12-03 13:43:00","2011-07-10 11:24:00",2,4,4,244,"At Risk"
13048,15,4,1819.41,"2011-01-16 14:36:00","2011-11-25 13:23:00",4,4,4,444,Champions
17828,23,4,1820.09,"2011-06-08 08:31:00","2011-11-17 08:41:00",4,4,4,444,Champions
16169,9,4,1822.97,"2011-09-25 11:33:00","2011-12-01 15:28:00",5,4,4,544,Champions
17705,4,9,1823.52,"2011-02-11 10:57:00","2011-12-06 13:45:00",5,5,4,554,Champions
16153,50,5,1824.23,"2010-12-20 09:22:00","2011-10-21 10:50:00",3,4,4,344,"Loyal Customers"
17702,31,4,1824.37,"2011-05-17 16:23:00","2011-11-09 16:03:00",4,4,4,444,Champions
15203,26,6,1827.80,"2011-02-01 12:29:00","2011-11-14 08:16:00",4,5,4,454,Champions
16152,269,1,1829.04,"2011-03-16 09:47:00","2011-03-16 09:47:00",1,1,4,114,Lost
13421,41,2,1833.71,"2011-02-22 15:46:00","2011-10-30 14:21:00",3,3,4,334,"Loyal Customers"
14665,61,5,1835.70,"2011-02-02 09:08:00","2011-10-10 09:14:00",3,4,4,344,"Loyal Customers"
15827,74,14,1836.09,"2010-12-02 13:06:00","2011-09-27 15:35:00",2,5,4,254,"At Risk"
13650,17,6,1836.34,"2011-03-17 12:37:00","2011-11-23 12:22:00",4,5,4,454,Champions
18287,43,3,1837.28,"2011-05-22 10:39:00","2011-10-28 09:29:00",3,4,4,344,"Loyal Customers"
14459,156,1,1837.92,"2011-07-07 13:35:00","2011-07-07 13:35:00",2,2,4,224,"Needs Attention"
17015,29,3,1838.61,"2011-06-07 13:19:00","2011-11-11 10:45:00",4,3,4,434,"Loyal Customers"
13924,2,6,1838.85,"2011-09-28 15:07:00","2011-12-08 09:39:00",5,4,4,544,Champions
14216,4,4,1839.30,"2011-11-02 10:51:00","2011-12-06 14:56:00",5,4,4,544,Champions
14113,4,4,1840.42,"2010-12-20 12:14:00","2011-12-06 12:18:00",5,4,4,544,Champions
16455,64,7,1841.18,"2010-12-03 16:44:00","2011-10-07 12:17:00",3,5,4,354,"Loyal Customers"
16102,43,3,1842.14,"2011-08-03 12:50:00","2011-10-28 13:19:00",3,4,4,344,"Loyal Customers"
12950,3,3,1843.00,"2011-11-15 13:48:00","2011-12-07 13:17:00",5,3,4,534,"Loyal Customers"
18180,5,6,1843.75,"2011-07-20 08:59:00","2011-12-05 08:39:00",5,5,4,554,Champions
14524,32,9,1843.83,"2010-12-14 11:01:00","2011-11-08 12:29:00",4,5,4,454,Champions
17519,18,6,1844.02,"2010-12-06 15:18:00","2011-11-22 16:43:00",4,5,4,454,Champions
12381,5,5,1845.31,"2011-08-12 09:57:00","2011-12-05 12:44:00",5,4,4,544,Champions
17873,81,5,1848.96,"2010-12-01 14:54:00","2011-09-20 16:41:00",2,4,4,244,"At Risk"
12383,185,5,1850.56,"2010-12-22 14:28:00","2011-06-08 08:02:00",1,4,4,144,"At Risk"
16979,4,6,1852.00,"2011-02-15 09:20:00","2011-12-06 12:21:00",5,5,4,554,Champions
14472,104,8,1852.67,"2010-12-19 14:03:00","2011-08-28 11:01:00",2,5,4,254,"At Risk"
17293,9,9,1854.06,"2010-12-13 14:55:00","2011-12-01 14:37:00",5,5,4,554,Champions
12963,9,8,1856.63,"2010-12-09 09:14:00","2011-12-01 12:55:00",5,5,4,554,Champions
14305,72,3,1858.96,"2011-07-27 14:14:00","2011-09-29 15:29:00",3,4,4,344,"Loyal Customers"
12423,1,8,1859.31,"2010-12-21 10:54:00","2011-12-09 10:10:00",5,5,4,554,Champions
14887,80,1,1862.00,"2011-09-21 15:32:00","2011-09-21 15:32:00",2,2,4,224,"Needs Attention"
16201,4,4,1863.47,"2011-08-22 10:47:00","2011-12-06 16:02:00",5,4,4,544,Champions
16426,3,10,1863.76,"2011-03-08 15:45:00","2011-12-07 14:01:00",5,5,4,554,Champions
17870,3,12,1865.89,"2010-12-08 08:12:00","2011-12-07 15:07:00",5,5,4,554,Champions
16841,37,6,1869.82,"2011-02-25 12:40:00","2011-11-03 11:51:00",3,5,4,354,"Loyal Customers"
17469,17,5,1870.97,"2011-05-19 08:55:00","2011-11-23 13:15:00",4,4,4,444,Champions
15021,9,9,1871.77,"2010-12-08 12:17:00","2011-12-01 11:53:00",5,5,4,554,Champions
13982,40,4,1871.81,"2010-12-09 13:57:00","2011-10-31 16:24:00",3,4,4,344,"Loyal Customers"
16986,30,2,1873.20,"2011-11-09 15:52:00","2011-11-10 11:55:00",4,3,4,434,"Loyal Customers"
17463,17,5,1875.86,"2011-01-30 15:48:00","2011-11-23 13:40:00",4,4,4,444,Champions
15367,58,4,1877.59,"2011-03-09 13:53:00","2011-10-13 14:13:00",3,4,4,344,"Loyal Customers"
17368,24,8,1878.87,"2011-01-06 11:57:00","2011-11-16 15:26:00",4,5,4,454,Champions
17738,20,4,1879.05,"2011-03-02 16:26:00","2011-11-20 15:05:00",4,4,4,444,Champions
16128,18,5,1880.22,"2011-03-02 12:21:00","2011-11-22 11:14:00",4,4,4,444,Champions
13890,2,10,1883.81,"2010-12-16 09:31:00","2011-12-08 15:36:00",5,5,4,554,Champions
16170,51,6,1885.05,"2011-04-05 13:42:00","2011-10-20 08:21:00",3,5,4,354,"Loyal Customers"
15641,106,4,1887.20,"2010-12-15 14:45:00","2011-08-26 14:04:00",2,4,4,244,"At Risk"
12371,45,2,1887.96,"2011-10-11 10:43:00","2011-10-26 10:16:00",3,3,4,334,"Loyal Customers"
14934,82,2,1890.94,"2011-03-02 11:48:00","2011-09-19 10:10:00",2,3,4,234,"Cant Lose Them"
14730,2,8,1897.57,"2011-03-08 12:49:00","2011-12-08 14:39:00",5,5,4,554,Champions
12762,8,2,1898.52,"2011-11-14 14:23:00","2011-12-02 10:23:00",5,2,4,524,"New Customers"
14250,8,3,1904.05,"2011-09-11 13:44:00","2011-12-02 14:30:00",5,3,4,534,"Loyal Customers"
16942,13,9,1904.99,"2011-04-26 11:59:00","2011-11-27 12:40:00",5,5,4,554,Champions
15819,50,4,1905.45,"2011-03-08 09:45:00","2011-10-21 14:50:00",3,4,4,344,"Loyal Customers"
14210,106,6,1905.84,"2010-12-03 12:43:00","2011-08-26 12:36:00",2,5,4,254,"At Risk"
16983,13,7,1905.87,"2010-12-05 12:34:00","2011-11-27 12:10:00",5,5,4,554,Champions
17228,16,8,1906.09,"2010-12-02 16:00:00","2011-11-24 10:24:00",4,5,4,454,Champions
14285,22,4,1910.01,"2011-06-16 12:36:00","2011-11-18 14:50:00",4,4,4,444,Champions
14978,73,5,1921.37,"2011-01-13 12:03:00","2011-09-28 13:07:00",2,4,4,244,"At Risk"
15518,65,8,1921.55,"2011-01-11 12:55:00","2011-10-06 13:05:00",3,5,4,354,"Loyal Customers"
14653,2,7,1926.65,"2011-01-05 13:40:00","2011-12-08 13:45:00",5,5,4,554,Champions
13094,22,12,1927.32,"2010-12-06 10:34:00","2011-11-18 14:07:00",4,5,4,454,Champions
14655,9,4,1932.23,"2011-05-01 14:59:00","2011-12-01 16:28:00",5,4,4,544,Champions
12528,10,6,1933.48,"2011-01-31 09:05:00","2011-11-30 14:40:00",5,5,4,554,Champions
15351,13,7,1934.66,"2010-12-05 11:49:00","2011-11-27 12:52:00",5,5,4,554,Champions
15157,4,3,1936.07,"2010-12-16 13:44:00","2011-12-06 11:28:00",5,3,4,534,"Loyal Customers"
15864,23,6,1936.32,"2011-01-27 16:43:00","2011-11-17 13:32:00",4,5,4,454,Champions
14418,4,3,1937.25,"2011-08-23 17:18:00","2011-12-06 11:39:00",5,3,4,534,"Loyal Customers"
15814,17,4,1945.33,"2011-10-20 09:04:00","2011-11-23 08:17:00",4,4,4,444,Champions
14533,25,7,1949.72,"2010-12-22 11:07:00","2011-11-15 12:05:00",4,5,4,454,Champions
17218,5,10,1951.97,"2010-12-06 15:25:00","2011-12-05 13:52:00",5,5,4,554,Champions
17554,2,5,1952.45,"2011-07-14 20:01:00","2011-12-08 14:15:00",5,4,4,544,Champions
15493,33,5,1953.41,"2011-03-14 11:44:00","2011-11-07 12:04:00",4,4,4,444,Champions
12853,135,6,1957.10,"2011-01-28 10:28:00","2011-07-28 11:29:00",2,5,4,254,"At Risk"
14498,43,5,1957.32,"2010-12-13 11:29:00","2011-10-28 12:09:00",3,4,4,344,"Loyal Customers"
14506,18,5,1960.65,"2010-12-05 14:25:00","2011-11-22 13:02:00",4,4,4,444,Champions
13246,19,6,1961.52,"2011-01-13 13:36:00","2011-11-21 16:50:00",4,5,4,454,Champions
17997,75,8,1962.46,"2011-06-28 17:28:00","2011-09-26 16:13:00",2,5,4,254,"At Risk"
17790,27,14,1964.30,"2010-12-10 10:47:00","2011-11-13 11:30:00",4,5,4,454,Champions
12674,39,4,1970.60,"2011-05-16 09:10:00","2011-11-01 12:12:00",3,4,4,344,"Loyal Customers"
16341,25,4,1971.87,"2011-05-22 13:20:00","2011-11-15 09:12:00",4,4,4,444,Champions
15531,9,2,1972.39,"2011-11-09 17:47:00","2011-12-01 18:43:00",5,2,4,524,"New Customers"
17090,5,7,1974.65,"2010-12-20 13:52:00","2011-12-05 13:44:00",5,5,4,554,Champions
18204,72,3,1975.35,"2011-05-31 15:26:00","2011-09-29 16:44:00",3,4,4,344,"Loyal Customers"
17422,17,6,1979.37,"2011-02-16 14:44:00","2011-11-23 13:27:00",4,5,4,454,Champions
13725,50,8,1980.56,"2011-02-04 12:18:00","2011-10-21 10:03:00",3,5,4,354,"Loyal Customers"
14462,67,11,1980.57,"2011-01-04 12:45:00","2011-10-04 15:55:00",3,5,4,354,"Loyal Customers"
17337,152,4,1981.06,"2011-02-02 17:06:00","2011-07-11 14:55:00",2,4,4,244,"At Risk"
13590,12,6,1981.92,"2011-02-09 13:25:00","2011-11-28 12:54:00",5,5,4,554,Champions
17827,6,5,1987.33,"2010-12-10 10:18:00","2011-12-04 15:00:00",5,4,4,544,Champions
17088,29,4,1991.01,"2011-03-31 09:48:00","2011-11-11 14:23:00",4,4,4,444,Champions
17679,53,2,1992.11,"2011-09-15 10:35:00","2011-10-18 07:43:00",3,3,4,334,"Loyal Customers"
16698,227,2,1998.00,"2011-03-31 13:33:00","2011-04-27 10:52:00",1,3,4,134,"Cant Lose Them"
13305,5,10,2000.86,"2010-12-02 12:10:00","2011-12-05 15:15:00",5,5,4,554,Champions
18188,16,3,2001.04,"2011-02-22 14:43:00","2011-11-24 16:46:00",4,3,4,434,"Loyal Customers"
16754,373,1,2002.40,"2010-12-02 17:38:00","2010-12-02 17:38:00",1,1,4,114,Lost
17082,34,2,2003.85,"2011-01-25 14:36:00","2011-11-06 15:17:00",3,3,4,334,"Loyal Customers"
14544,25,2,2004.30,"2010-12-13 12:50:00","2011-11-15 15:06:00",4,2,4,424,"New Customers"
14217,2,17,2004.98,"2010-12-08 13:28:00","2011-12-08 11:53:00",5,5,4,554,Champions
16098,88,7,2005.63,"2010-12-01 09:45:00","2011-09-13 09:59:00",2,5,4,254,"At Risk"
15372,138,1,2007.40,"2011-07-25 16:39:00","2011-07-25 16:39:00",2,2,4,224,"Needs Attention"
18069,27,5,2009.24,"2011-01-16 15:50:00","2011-11-13 16:03:00",4,4,4,444,Champions
13593,109,5,2011.88,"2011-01-07 16:32:00","2011-08-23 13:35:00",2,4,4,244,"At Risk"
17625,19,4,2020.40,"2011-03-27 12:21:00","2011-11-21 13:36:00",4,4,4,444,Champions
15341,81,1,2020.52,"2011-09-20 09:40:00","2011-09-20 09:40:00",2,2,4,224,"Needs Attention"
14482,19,6,2022.81,"2011-04-14 16:41:00","2011-11-21 13:14:00",4,5,4,454,Champions
16409,37,5,2022.98,"2011-01-26 14:51:00","2011-11-03 16:45:00",3,4,4,344,"Loyal Customers"
16358,2,4,2027.50,"2011-06-08 15:05:00","2011-12-08 15:09:00",5,4,4,544,Champions
13630,6,7,2031.78,"2011-02-27 12:49:00","2011-12-04 15:16:00",5,5,4,554,Champions
17846,86,1,2033.10,"2011-09-15 15:20:00","2011-09-15 15:20:00",2,2,4,224,"Needs Attention"
12585,235,2,2040.10,"2010-12-23 12:58:00","2011-04-19 13:39:00",1,3,4,134,"Cant Lose Them"
14001,46,3,2043.08,"2010-12-01 12:58:00","2011-10-25 10:31:00",3,4,4,344,"Loyal Customers"
13450,27,6,2043.72,"2011-05-05 19:48:00","2011-11-13 11:54:00",4,5,4,454,Champions
17597,214,1,2044.37,"2011-05-10 11:54:00","2011-05-10 11:54:00",1,1,4,114,Lost
13495,8,5,2044.87,"2010-12-06 15:14:00","2011-12-02 11:21:00",5,4,4,544,Champions
18283,4,16,2045.53,"2011-01-06 14:14:00","2011-12-06 12:02:00",5,5,4,554,Champions
14232,43,5,2048.07,"2011-03-20 12:44:00","2011-10-28 11:09:00",3,4,4,344,"Loyal Customers"
17612,54,6,2048.45,"2011-02-15 10:40:00","2011-10-17 14:59:00",3,5,4,354,"Loyal Customers"
17086,8,6,2050.08,"2011-10-07 11:22:00","2011-12-02 13:54:00",5,5,4,554,Champions
16150,43,5,2053.02,"2010-12-02 18:27:00","2011-10-28 12:39:00",3,4,4,344,"Loyal Customers"
14188,31,6,2054.36,"2011-02-02 13:46:00","2011-11-09 12:45:00",4,5,4,454,Champions
17667,67,5,2055.51,"2011-02-14 09:24:00","2011-10-04 14:32:00",3,4,4,344,"Loyal Customers"
12518,1,5,2056.89,"2011-08-21 13:18:00","2011-12-09 10:13:00",5,4,5,545,Champions
14409,72,6,2059.45,"2010-12-06 15:03:00","2011-09-29 18:18:00",3,5,5,355,"Loyal Customers"
16281,73,1,2062.06,"2011-09-28 14:57:00","2011-09-28 14:57:00",2,2,5,225,"Needs Attention"
12928,36,5,2062.70,"2010-12-15 15:45:00","2011-11-04 14:24:00",3,4,5,345,"Loyal Customers"
12948,17,7,2064.95,"2011-03-20 10:17:00","2011-11-23 17:10:00",4,5,5,455,Champions
18219,3,10,2069.77,"2010-12-06 10:05:00","2011-12-07 11:43:00",5,5,5,555,Champions
18231,193,5,2071.77,"2011-02-24 09:08:00","2011-05-31 14:18:00",1,4,5,145,"At Risk"
18241,10,17,2073.09,"2011-05-06 09:22:00","2011-11-30 12:10:00",5,5,5,555,Champions
14209,11,6,2073.43,"2011-01-11 12:56:00","2011-11-29 10:18:00",5,5,5,555,Champions
14515,18,6,2076.89,"2011-05-05 12:13:00","2011-11-22 11:37:00",4,5,5,455,Champions
14696,5,7,2078.95,"2010-12-01 15:37:00","2011-12-05 13:43:00",5,5,5,555,Champions
16407,13,10,2079.68,"2011-01-31 14:02:00","2011-11-27 11:05:00",5,5,5,555,Champions
17768,9,3,2081.90,"2011-06-26 13:46:00","2011-12-01 13:22:00",5,3,5,535,"Loyal Customers"
16954,1,9,2085.08,"2010-12-15 10:41:00","2011-12-09 09:46:00",5,5,5,555,Champions
14810,41,11,2085.33,"2010-12-05 12:08:00","2011-10-30 11:19:00",3,5,5,355,"Loyal Customers"
18044,5,10,2088.60,"2010-12-14 12:25:00","2011-12-05 14:26:00",5,5,5,555,Champions
13571,13,12,2088.94,"2011-03-31 12:43:00","2011-11-27 10:47:00",5,5,5,555,Champions
13297,8,4,2089.85,"2011-10-03 15:08:00","2011-12-02 09:32:00",5,4,5,545,Champions
17490,1,7,2092.32,"2011-06-16 09:15:00","2011-12-09 09:08:00",5,5,5,555,Champions
13265,54,5,2092.66,"2011-03-11 09:54:00","2011-10-17 15:02:00",3,4,5,345,"Loyal Customers"
14306,52,2,2093.32,"2011-09-15 10:31:00","2011-10-19 13:23:00",3,3,5,335,"Loyal Customers"
17191,29,7,2093.68,"2010-12-06 14:36:00","2011-11-11 16:58:00",4,5,5,455,Champions
16875,68,5,2095.53,"2011-01-04 10:37:00","2011-10-03 13:39:00",3,4,5,345,"Loyal Customers"
17400,127,5,2097.84,"2010-12-21 17:16:00","2011-08-05 15:38:00",2,4,5,245,"At Risk"
17861,4,8,2097.88,"2011-01-24 11:34:00","2011-12-06 16:21:00",5,5,5,555,Champions
12610,23,5,2099.54,"2011-08-05 13:52:00","2011-11-17 09:34:00",4,4,5,445,Champions
13126,5,8,2099.64,"2010-12-08 11:42:00","2011-12-05 10:00:00",5,5,5,555,Champions
15815,64,5,2100.60,"2011-03-25 08:43:00","2011-10-07 12:42:00",3,4,5,345,"Loyal Customers"
15058,26,11,2102.54,"2011-01-31 15:35:00","2011-11-14 14:57:00",4,5,5,455,Champions
14461,149,3,2103.06,"2011-03-23 12:15:00","2011-07-14 17:11:00",2,4,5,245,"At Risk"
18093,94,4,2106.52,"2011-02-10 12:15:00","2011-09-07 15:43:00",2,4,5,245,"At Risk"
18173,87,4,2106.84,"2011-03-10 11:56:00","2011-09-14 11:26:00",2,4,5,245,"At Risk"
14640,25,6,2107.38,"2011-04-26 12:31:00","2011-11-15 13:07:00",4,5,5,455,Champions
13755,4,9,2108.06,"2011-10-07 15:45:00","2011-12-06 12:26:00",5,5,5,555,Champions
14691,31,5,2114.33,"2011-05-11 09:55:00","2011-11-09 12:30:00",4,4,5,445,Champions
18008,71,9,2116.19,"2011-01-25 12:26:00","2011-09-30 15:17:00",3,5,5,355,"Loyal Customers"
14360,32,4,2118.03,"2011-09-06 11:58:00","2011-11-08 09:12:00",4,4,5,445,Champions
13632,25,5,2118.93,"2011-04-10 15:07:00","2011-11-15 10:51:00",4,4,5,445,Champions
18061,22,10,2119.41,"2010-12-08 13:03:00","2011-11-18 11:20:00",4,5,5,455,Champions
13517,60,3,2128.42,"2011-06-13 08:44:00","2011-10-11 11:43:00",3,4,5,345,"Loyal Customers"
12560,6,3,2134.01,"2011-07-19 15:55:00","2011-12-04 13:54:00",5,3,5,535,"Loyal Customers"
14828,197,3,2139.76,"2011-01-07 09:50:00","2011-05-27 10:16:00",1,3,5,135,"Cant Lose Them"
17272,43,4,2148.63,"2011-03-22 12:05:00","2011-10-28 16:37:00",3,4,5,345,"Loyal Customers"
16966,9,7,2154.97,"2011-04-13 14:17:00","2011-12-01 13:40:00",5,5,5,555,Champions
13224,61,2,2155.95,"2011-07-11 14:10:00","2011-10-10 14:55:00",3,3,5,335,"Loyal Customers"
16379,5,4,2157.40,"2011-09-22 09:33:00","2011-12-05 15:38:00",5,4,5,545,Champions
14407,108,6,2157.73,"2011-03-08 11:59:00","2011-08-24 14:02:00",2,5,5,255,"At Risk"
16456,100,5,2158.18,"2010-12-01 14:11:00","2011-09-01 13:50:00",2,4,5,245,"At Risk"
12935,3,7,2160.70,"2011-01-24 13:58:00","2011-12-07 17:25:00",5,5,5,555,Champions
12633,59,4,2163.98,"2011-02-25 08:44:00","2011-10-12 11:40:00",3,4,5,345,"Loyal Customers"
14341,46,8,2166.98,"2011-01-25 13:55:00","2011-10-25 15:48:00",3,5,5,355,"Loyal Customers"
12501,337,1,2169.39,"2011-01-07 12:28:00","2011-01-07 12:28:00",1,1,5,115,Lost
12856,8,6,2170.78,"2011-10-07 12:38:00","2011-12-02 10:52:00",5,5,5,555,Champions
12909,40,5,2178.67,"2011-03-31 12:51:00","2011-10-31 12:43:00",3,4,5,345,"Loyal Customers"
15394,10,4,2183.54,"2010-12-16 12:46:00","2011-11-30 11:49:00",5,4,5,545,Champions
17406,334,3,2184.42,"2010-12-08 10:35:00","2011-01-10 15:07:00",1,3,5,135,"Cant Lose Them"
16628,30,5,2188.05,"2011-04-19 08:55:00","2011-11-10 12:45:00",4,4,5,445,Champions
14700,33,3,2195.10,"2011-04-15 13:16:00","2011-11-07 14:40:00",4,3,5,435,"Loyal Customers"
13831,17,6,2198.45,"2010-12-05 12:13:00","2011-11-23 15:41:00",4,5,5,455,Champions
15123,8,2,2199.31,"2011-05-17 14:57:00","2011-12-02 13:12:00",5,2,5,525,"New Customers"
17591,74,7,2203.67,"2010-12-07 15:39:00","2011-09-27 13:42:00",2,5,5,255,"At Risk"
15179,19,5,2206.95,"2011-01-24 13:48:00","2011-11-21 12:53:00",4,4,5,445,Champions
15797,114,4,2207.40,"2011-01-24 15:47:00","2011-08-18 17:04:00",2,4,5,245,"At Risk"
13862,19,8,2209.36,"2011-01-11 15:13:00","2011-11-21 16:24:00",4,5,5,455,Champions
12653,149,2,2209.85,"2011-02-16 10:53:00","2011-07-14 10:41:00",2,3,5,235,"Cant Lose Them"
15722,36,5,2211.21,"2011-02-22 12:24:00","2011-11-04 11:43:00",3,4,5,345,"Loyal Customers"
16743,30,7,2213.13,"2010-12-16 12:15:00","2011-11-10 13:13:00",4,5,5,455,Champions
14226,29,5,2214.79,"2011-03-15 15:36:00","2011-11-11 11:34:00",4,4,5,445,Champions
12876,58,2,2218.02,"2011-05-27 13:34:00","2011-10-13 12:26:00",3,3,5,335,"Loyal Customers"
15811,23,6,2218.62,"2010-12-09 15:29:00","2011-11-17 15:31:00",4,5,5,455,Champions
14825,4,12,2221.01,"2010-12-06 12:30:00","2011-12-06 11:38:00",5,5,5,555,Champions
15665,169,2,2222.21,"2011-04-10 15:09:00","2011-06-24 14:57:00",2,3,5,235,"Cant Lose Them"
15834,71,4,2225.15,"2011-03-07 17:52:00","2011-09-30 14:41:00",3,4,5,345,"Loyal Customers"
13365,34,2,2225.37,"2011-05-06 12:00:00","2011-11-06 12:36:00",3,3,5,335,"Loyal Customers"
12783,3,6,2225.91,"2011-09-25 15:35:00","2011-12-07 15:56:00",5,5,5,555,Champions
18242,73,4,2232.49,"2011-05-10 11:20:00","2011-09-28 13:43:00",2,4,5,245,"At Risk"
16076,4,10,2234.73,"2011-05-15 12:31:00","2011-12-06 14:59:00",5,5,5,555,Champions
14560,8,22,2237.77,"2010-12-17 09:22:00","2011-12-02 15:22:00",5,5,5,555,Champions
14211,54,9,2241.10,"2011-02-17 15:50:00","2011-10-17 13:23:00",3,5,5,355,"Loyal Customers"
13527,34,7,2242.36,"2011-01-17 11:17:00","2011-11-06 12:04:00",3,5,5,355,"Loyal Customers"
16771,34,5,2242.61,"2011-01-05 13:57:00","2011-11-06 13:28:00",3,4,5,345,"Loyal Customers"
16735,79,5,2247.41,"2011-01-09 12:53:00","2011-09-22 11:49:00",2,4,5,245,"At Risk"
15235,218,12,2247.51,"2010-12-01 17:22:00","2011-05-06 09:44:00",1,5,5,155,"At Risk"
14432,10,6,2248.50,"2011-09-11 14:09:00","2011-11-30 08:04:00",5,5,5,555,Champions
17442,37,6,2248.56,"2011-02-22 13:02:00","2011-11-03 09:17:00",3,5,5,355,"Loyal Customers"
13700,27,10,2248.63,"2011-01-16 13:18:00","2011-11-13 13:00:00",4,5,5,455,Champions
16293,22,10,2248.99,"2010-12-07 15:02:00","2011-11-18 09:58:00",4,5,5,455,Champions
16209,89,5,2262.62,"2011-04-07 12:23:00","2011-09-12 11:58:00",2,4,5,245,"At Risk"
16057,17,7,2263.12,"2011-02-28 10:35:00","2011-11-23 15:23:00",4,5,5,455,Champions
16782,11,13,2267.95,"2010-12-09 11:28:00","2011-11-29 13:20:00",5,5,5,555,Champions
14466,30,7,2272.40,"2010-12-02 13:36:00","2011-11-10 14:07:00",4,5,5,455,Champions
13317,67,6,2273.68,"2010-12-16 09:22:00","2011-10-04 13:35:00",3,5,5,355,"Loyal Customers"
13994,4,6,2274.14,"2011-07-14 18:28:00","2011-12-06 11:05:00",5,5,5,555,Champions
14554,11,4,2279.49,"2011-10-18 13:04:00","2011-11-29 16:44:00",5,4,5,545,Champions
12684,8,7,2283.63,"2011-05-10 12:55:00","2011-12-02 09:53:00",5,5,5,555,Champions
17696,39,8,2285.71,"2010-12-10 09:51:00","2011-11-01 13:43:00",3,5,5,355,"Loyal Customers"
12615,3,4,2291.19,"2011-06-24 13:35:00","2011-12-07 15:02:00",5,4,5,545,Champions
15704,141,4,2293.62,"2011-05-08 12:42:00","2011-07-22 13:35:00",2,4,5,245,"At Risk"
13115,12,4,2294.78,"2011-06-08 16:15:00","2011-11-28 12:38:00",5,4,5,545,Champions
15105,19,7,2298.93,"2011-07-28 10:09:00","2011-11-21 16:54:00",4,5,5,455,Champions
16550,109,5,2298.97,"2010-12-06 13:53:00","2011-08-23 11:12:00",2,4,5,245,"At Risk"
15288,44,5,2306.52,"2010-12-09 13:59:00","2011-10-27 16:58:00",3,4,5,345,"Loyal Customers"
13704,6,9,2308.06,"2011-09-12 14:40:00","2011-12-04 15:13:00",5,5,5,555,Champions
17954,6,12,2314.13,"2010-12-03 14:18:00","2011-12-04 14:15:00",5,5,5,555,Champions
15365,26,7,2314.32,"2011-01-28 13:08:00","2011-11-14 08:29:00",4,5,5,455,Champions
14290,12,5,2314.65,"2010-12-13 10:24:00","2011-11-28 14:02:00",5,4,5,545,Champions
17211,27,8,2317.22,"2010-12-05 12:44:00","2011-11-13 12:03:00",4,5,5,455,Champions
17744,4,6,2322.40,"2010-12-16 14:17:00","2011-12-06 12:11:00",5,5,5,555,Champions
17313,32,1,2328.84,"2011-11-08 15:45:00","2011-11-08 15:45:00",4,2,5,425,"New Customers"
15785,33,5,2328.97,"2011-02-17 14:17:00","2011-11-07 11:33:00",3,4,5,345,"Loyal Customers"
12782,5,5,2330.92,"2010-12-17 11:30:00","2011-12-05 09:16:00",5,4,5,545,Champions
15281,59,9,2332.15,"2011-01-10 15:51:00","2011-10-12 09:10:00",3,5,5,355,"Loyal Customers"
18257,40,8,2337.63,"2011-02-16 15:13:00","2011-10-31 14:48:00",3,5,5,355,"Loyal Customers"
12584,4,9,2338.15,"2011-03-04 15:15:00","2011-12-06 09:35:00",5,5,5,555,Champions
18259,25,3,2338.60,"2010-12-08 13:38:00","2011-11-15 12:34:00",4,3,5,435,"Loyal Customers"
12704,8,8,2340.84,"2011-06-23 10:20:00","2011-12-02 13:15:00",5,5,5,555,Champions
14309,9,9,2352.53,"2010-12-16 13:05:00","2011-12-01 13:33:00",5,5,5,555,Champions
15140,53,7,2354.25,"2011-03-20 14:37:00","2011-10-18 14:07:00",3,5,5,355,"Loyal Customers"
14440,9,5,2357.68,"2010-12-09 12:49:00","2011-12-01 15:42:00",5,4,5,545,Champions
17634,37,9,2358.59,"2011-01-06 12:45:00","2011-11-03 13:09:00",3,5,5,355,"Loyal Customers"
14030,19,8,2358.84,"2010-12-08 16:11:00","2011-11-21 16:48:00",4,5,5,455,Champions
14930,109,3,2362.96,"2011-03-10 14:42:00","2011-08-23 10:31:00",2,4,5,245,"At Risk"
12457,67,7,2363.23,"2011-04-14 18:57:00","2011-10-04 13:13:00",3,5,5,355,"Loyal Customers"
15755,11,6,2364.25,"2011-02-18 11:53:00","2011-11-29 14:57:00",5,5,5,555,Champions
17530,2,10,2367.12,"2010-12-09 20:01:00","2011-12-08 18:42:00",5,5,5,555,Champions
13908,80,4,2369.55,"2011-03-08 12:04:00","2011-09-21 11:49:00",2,4,5,245,"At Risk"
17434,3,7,2373.82,"2011-09-15 13:54:00","2011-12-07 13:16:00",5,5,5,555,Champions
13722,132,3,2375.41,"2011-03-02 11:43:00","2011-07-31 12:44:00",2,4,5,245,"At Risk"
15270,16,7,2379.49,"2011-02-02 13:25:00","2011-11-24 09:24:00",4,5,5,455,Champions
14239,44,11,2380.85,"2011-01-27 14:45:00","2011-10-27 14:40:00",3,5,5,355,"Loyal Customers"
14493,8,5,2383.24,"2011-07-07 16:59:00","2011-12-02 16:14:00",5,4,5,545,Champions
15370,41,7,2386.05,"2011-01-11 11:32:00","2011-10-30 10:58:00",3,5,5,355,"Loyal Customers"
13141,85,5,2388.75,"2011-01-28 13:04:00","2011-09-16 09:54:00",2,4,5,245,"At Risk"
18065,6,14,2392.83,"2010-12-10 12:44:00","2011-12-04 10:30:00",5,5,5,555,Champions
15980,89,3,2398.86,"2011-03-30 15:05:00","2011-09-12 09:41:00",2,4,5,245,"At Risk"
17589,61,4,2404.17,"2011-04-13 13:47:00","2011-10-10 16:58:00",3,4,5,345,"Loyal Customers"
12397,36,2,2409.90,"2011-07-27 14:21:00","2011-11-04 09:52:00",3,3,5,335,"Loyal Customers"
15373,9,12,2415.91,"2010-12-03 14:40:00","2011-12-01 15:05:00",5,5,5,555,Champions
15089,11,6,2420.84,"2011-08-03 14:14:00","2011-11-29 16:31:00",5,5,5,555,Champions
17722,97,4,2424.04,"2010-12-08 12:41:00","2011-09-04 15:22:00",2,4,5,245,"At Risk"
16143,4,6,2424.94,"2010-12-05 15:18:00","2011-12-06 14:13:00",5,5,5,555,Champions
13949,3,6,2427.32,"2011-09-06 11:55:00","2011-12-07 09:35:00",5,5,5,555,Champions
15527,19,8,2428.53,"2010-12-20 14:15:00","2011-11-21 12:17:00",4,5,5,455,Champions
17071,29,9,2429.03,"2011-02-03 08:18:00","2011-11-11 16:31:00",4,5,5,455,Champions
14502,20,11,2429.83,"2011-01-30 15:52:00","2011-11-20 11:50:00",4,5,5,455,Champions
14163,88,4,2445.91,"2011-04-14 17:33:00","2011-09-13 15:18:00",2,4,5,245,"At Risk"
15674,74,5,2446.60,"2011-03-30 09:19:00","2011-09-27 15:17:00",2,4,5,245,"At Risk"
13975,32,6,2461.24,"2011-03-08 12:19:00","2011-11-08 13:19:00",4,5,5,455,Champions
13784,10,11,2462.79,"2011-01-11 14:38:00","2011-11-30 09:33:00",5,5,5,555,Champions
15750,3,8,2463.05,"2010-12-08 10:36:00","2011-12-07 12:34:00",5,5,5,555,Champions
17131,6,5,2463.17,"2011-09-25 12:42:00","2011-12-04 12:52:00",5,4,5,545,Champions
12455,74,6,2466.86,"2011-02-16 09:56:00","2011-09-27 15:31:00",2,5,5,255,"At Risk"
17164,33,7,2467.35,"2011-03-11 14:26:00","2011-11-07 09:14:00",3,5,5,355,"Loyal Customers"
16710,20,10,2467.99,"2010-12-06 13:13:00","2011-11-20 14:50:00",4,5,5,455,Champions
14766,9,6,2473.37,"2010-12-08 15:33:00","2011-12-01 16:05:00",5,5,5,555,Champions
17188,12,7,2474.23,"2010-12-12 12:56:00","2011-11-28 13:53:00",5,5,5,555,Champions
17682,11,6,2474.33,"2010-12-06 13:35:00","2011-11-29 15:59:00",5,5,5,555,Champions
13588,16,9,2478.95,"2011-03-29 15:53:00","2011-11-24 10:42:00",4,5,5,455,Champions
13507,4,4,2479.16,"2011-07-17 11:50:00","2011-12-06 13:13:00",5,4,5,545,Champions
14315,45,6,2481.13,"2011-03-18 12:59:00","2011-10-26 12:06:00",3,5,5,355,"Loyal Customers"
12517,29,5,2481.60,"2011-06-02 15:13:00","2011-11-11 14:04:00",4,4,5,445,Champions
12913,5,5,2483.63,"2010-12-06 16:36:00","2011-12-05 12:11:00",5,4,5,545,Champions
12483,18,8,2484.98,"2011-01-04 14:20:00","2011-11-22 17:02:00",4,5,5,455,Champions
15271,8,15,2493.34,"2010-12-09 13:47:00","2011-12-02 14:11:00",5,5,5,555,Champions
16477,64,7,2494.46,"2010-12-03 12:48:00","2011-10-07 09:44:00",3,5,5,355,"Loyal Customers"
15932,5,8,2495.87,"2011-02-23 14:50:00","2011-12-05 17:13:00",5,5,5,555,Champions
13471,2,4,2501.84,"2011-10-23 13:10:00","2011-12-08 15:44:00",5,4,5,545,Champions
13695,32,15,2504.13,"2011-03-25 11:31:00","2011-11-08 14:26:00",4,5,5,455,Champions
12352,37,8,2506.04,"2011-02-16 12:33:00","2011-11-03 14:37:00",3,5,5,355,"Loyal Customers"
13344,68,3,2511.69,"2011-03-07 10:28:00","2011-10-03 09:45:00",3,4,5,345,"Loyal Customers"
15245,135,3,2515.84,"2011-03-23 13:42:00","2011-07-28 18:56:00",2,4,5,245,"At Risk"
17449,3,7,2519.21,"2010-12-15 10:57:00","2011-12-07 16:56:00",5,5,5,555,Champions
13394,2,8,2520.02,"2011-02-03 10:39:00","2011-12-08 11:36:00",5,5,5,555,Champions
14701,11,9,2526.09,"2011-01-27 12:40:00","2011-11-29 12:38:00",5,5,5,555,Champions
17314,25,8,2527.92,"2011-01-31 11:25:00","2011-11-15 09:41:00",4,5,5,455,Champions
14659,9,9,2529.93,"2011-01-28 12:43:00","2011-12-01 12:17:00",5,5,5,555,Champions
15572,5,7,2533.42,"2011-03-06 14:44:00","2011-12-05 10:09:00",5,5,5,555,Champions
17700,17,4,2534.64,"2011-03-03 16:34:00","2011-11-23 11:51:00",4,4,5,445,Champions
14776,52,11,2538.30,"2011-01-31 13:17:00","2011-10-19 15:34:00",3,5,5,355,"Loyal Customers"
14676,32,6,2548.24,"2011-03-01 14:26:00","2011-11-08 13:29:00",4,5,5,455,Champions
14334,17,8,2552.21,"2010-12-16 17:37:00","2011-11-23 10:01:00",4,5,5,455,Champions
16912,29,11,2555.58,"2011-01-20 15:42:00","2011-11-11 12:18:00",4,5,5,455,Champions
15033,5,10,2557.18,"2011-01-14 13:28:00","2011-12-05 12:40:00",5,5,5,555,Champions
16308,38,4,2560.00,"2011-03-23 14:46:00","2011-11-02 11:24:00",3,4,5,345,"Loyal Customers"
15485,31,3,2564.50,"2010-12-01 13:23:00","2011-11-09 14:31:00",4,3,5,435,"Loyal Customers"
18245,8,7,2567.06,"2010-12-19 14:58:00","2011-12-02 14:48:00",5,5,5,555,Champions
14546,6,5,2573.93,"2011-04-05 12:37:00","2011-12-04 13:00:00",5,4,5,545,Champions
13911,58,9,2580.91,"2011-02-04 14:46:00","2011-10-13 15:43:00",3,5,5,355,"Loyal Customers"
18077,9,11,2584.41,"2010-12-08 10:21:00","2011-12-01 13:32:00",5,5,5,555,Champions
13804,31,7,2588.39,"2011-02-23 09:09:00","2011-11-09 12:32:00",4,5,5,455,Champions
14243,9,10,2588.77,"2010-12-09 08:34:00","2011-12-01 11:12:00",5,5,5,555,Champions
16241,10,13,2590.31,"2010-12-05 11:04:00","2011-11-30 11:08:00",5,5,5,555,Champions
16919,157,11,2592.25,"2010-12-06 12:52:00","2011-07-06 13:35:00",2,5,5,255,"At Risk"
13895,29,4,2593.07,"2011-06-28 10:17:00","2011-11-11 16:57:00",4,4,5,445,Champions
14408,11,7,2599.03,"2011-03-20 14:41:00","2011-11-29 11:41:00",5,5,5,555,Champions
12600,29,10,2599.04,"2010-12-03 12:57:00","2011-11-11 10:29:00",4,5,5,455,Champions
17965,38,14,2599.19,"2010-12-05 15:54:00","2011-11-02 09:31:00",3,5,5,355,"Loyal Customers"
17317,47,3,2600.34,"2011-09-11 12:45:00","2011-10-24 17:19:00",3,4,5,345,"Loyal Customers"
13983,30,12,2603.43,"2010-12-08 10:38:00","2011-11-10 11:06:00",4,5,5,455,Champions
13136,57,5,2607.61,"2011-05-11 12:47:00","2011-10-14 13:41:00",3,4,5,345,"Loyal Customers"
12726,29,7,2609.10,"2010-12-17 12:56:00","2011-11-11 13:35:00",4,5,5,455,Champions
12836,60,4,2610.36,"2011-02-01 11:19:00","2011-10-11 15:10:00",3,4,5,345,"Loyal Customers"
18075,24,10,2611.75,"2010-12-14 10:48:00","2011-11-16 15:21:00",4,5,5,455,Champions
14397,3,19,2612.96,"2011-05-10 12:25:00","2011-12-07 09:22:00",5,5,5,555,Champions
15782,10,3,2614.74,"2011-09-11 14:29:00","2011-11-30 10:49:00",5,3,5,535,"Loyal Customers"
13021,5,9,2616.38,"2010-12-16 10:12:00","2011-12-05 16:37:00",5,5,5,555,Champions
14262,9,8,2618.23,"2011-04-13 12:23:00","2011-12-01 14:17:00",5,5,5,555,Champions
16255,17,8,2619.91,"2010-12-09 14:25:00","2011-11-23 12:40:00",4,5,5,455,Champions
18210,2,6,2621.38,"2011-03-17 16:58:00","2011-12-08 11:02:00",5,4,5,545,Champions
17346,4,15,2622.88,"2010-12-01 14:34:00","2011-12-06 12:18:00",5,5,5,555,Champions
13644,17,4,2624.26,"2011-08-26 11:53:00","2011-11-23 14:07:00",4,4,5,445,Champions
13422,65,1,2626.30,"2011-10-06 13:42:00","2011-10-06 13:42:00",3,2,5,325,"Potential Loyalist"
15752,40,7,2626.60,"2010-12-02 09:43:00","2011-10-31 11:37:00",3,5,5,355,"Loyal Customers"
18260,173,6,2628.35,"2010-12-16 18:23:00","2011-06-20 12:37:00",2,5,5,255,"At Risk"
17402,5,13,2633.85,"2010-12-05 13:53:00","2011-12-05 10:15:00",5,5,5,555,Champions
12520,80,5,2634.26,"2011-03-11 11:35:00","2011-09-21 15:23:00",2,4,5,245,"At Risk"
13771,65,4,2634.45,"2011-04-06 15:47:00","2011-10-06 14:18:00",3,4,5,345,"Loyal Customers"
17655,11,7,2638.94,"2010-12-08 16:45:00","2011-11-29 11:34:00",5,5,5,555,Champions
13658,10,5,2639.17,"2011-05-19 17:15:00","2011-11-30 10:13:00",5,4,5,545,Champions
16618,32,5,2647.59,"2011-01-21 11:55:00","2011-11-08 13:52:00",4,4,5,445,Champions
13851,96,3,2651.46,"2011-02-24 17:18:00","2011-09-05 12:36:00",2,4,5,245,"At Risk"
12721,32,6,2656.13,"2010-12-20 11:38:00","2011-11-08 12:13:00",4,5,5,455,Champions
15671,19,7,2657.13,"2011-03-14 09:37:00","2011-11-21 12:43:00",4,5,5,455,Champions
14439,320,1,2661.24,"2011-01-24 11:39:00","2011-01-24 11:39:00",1,1,5,115,Lost
12360,53,3,2662.06,"2011-05-23 09:43:00","2011-10-18 15:22:00",3,4,5,345,"Loyal Customers"
14713,10,11,2662.20,"2010-12-09 18:58:00","2011-11-30 16:26:00",5,5,5,555,Champions
18097,8,6,2662.40,"2010-12-20 14:49:00","2011-12-02 11:16:00",5,5,5,555,Champions
13883,11,5,2674.48,"2011-03-31 17:17:00","2011-11-29 10:45:00",5,4,5,545,Champions
12625,212,2,2683.82,"2011-01-24 13:27:00","2011-05-12 09:54:00",1,3,5,135,"Cant Lose Them"
17386,8,6,2686.42,"2011-06-27 12:11:00","2011-12-02 11:28:00",5,5,5,555,Champions
14732,9,8,2702.49,"2011-01-04 14:40:00","2011-12-01 14:34:00",5,5,5,555,Champions
14107,52,7,2703.23,"2010-12-10 13:29:00","2011-10-19 12:12:00",3,5,5,355,"Loyal Customers"
13654,44,6,2707.33,"2011-03-11 12:54:00","2011-10-27 16:24:00",3,5,5,355,"Loyal Customers"
15796,2,8,2708.61,"2011-02-10 15:40:00","2011-12-08 19:55:00",5,5,5,555,Champions
13285,24,4,2709.12,"2011-02-22 17:13:00","2011-11-16 13:19:00",4,4,5,445,Champions
17069,29,9,2709.70,"2010-12-01 16:49:00","2011-11-11 17:13:00",4,5,5,455,Champions
15696,34,8,2711.11,"2011-01-17 11:24:00","2011-11-06 14:02:00",3,5,5,355,"Loyal Customers"
16938,9,4,2711.68,"2011-02-04 09:34:00","2011-12-01 10:20:00",5,4,5,545,Champions
12708,30,10,2712.91,"2010-12-06 10:43:00","2011-11-10 09:52:00",4,5,5,455,Champions
15356,32,10,2718.03,"2010-12-06 14:05:00","2011-11-08 13:11:00",4,5,5,455,Champions
14808,40,8,2718.60,"2011-06-20 12:53:00","2011-10-31 12:21:00",3,5,5,355,"Loyal Customers"
14125,11,3,2720.63,"2011-09-22 15:40:00","2011-11-29 12:47:00",5,3,5,535,"Loyal Customers"
17838,27,5,2720.80,"2010-12-02 15:55:00","2011-11-13 11:20:00",4,4,5,445,Champions
12380,22,4,2724.81,"2011-06-07 09:49:00","2011-11-18 11:27:00",4,4,5,445,Champions
15673,89,4,2726.23,"2011-01-16 16:25:00","2011-09-12 16:12:00",2,4,5,245,"At Risk"
12840,144,4,2726.77,"2011-04-27 12:21:00","2011-07-19 09:29:00",2,4,5,245,"At Risk"
16003,30,5,2735.37,"2010-12-15 12:09:00","2011-11-10 09:57:00",4,4,5,445,Champions
14854,79,7,2740.03,"2011-03-10 12:22:00","2011-09-22 17:00:00",2,5,5,255,"At Risk"
13174,17,3,2742.82,"2010-12-05 16:24:00","2011-11-23 14:35:00",4,3,5,435,"Loyal Customers"
12669,151,3,2744.03,"2011-03-28 10:15:00","2011-07-12 09:54:00",2,4,5,245,"At Risk"
17084,36,2,2747.99,"2011-11-04 14:49:00","2011-11-04 14:54:00",3,3,5,335,"Loyal Customers"
15321,71,3,2748.31,"2011-02-21 11:10:00","2011-09-30 09:40:00",3,4,5,345,"Loyal Customers"
13230,5,14,2755.63,"2010-12-09 19:28:00","2011-12-05 16:03:00",5,5,5,555,Champions
13971,19,8,2758.26,"2011-02-27 12:27:00","2011-11-21 12:06:00",4,5,5,455,Champions
15114,31,10,2760.56,"2011-02-11 08:45:00","2011-11-09 15:05:00",4,5,5,455,Champions
13870,3,8,2770.94,"2011-02-25 09:09:00","2011-12-07 13:23:00",5,5,5,555,Champions
15993,9,7,2777.67,"2011-10-26 16:21:00","2011-12-01 10:45:00",5,5,5,555,Champions
14121,4,4,2780.15,"2011-10-11 10:39:00","2011-12-06 12:19:00",5,4,5,545,Champions
15984,3,10,2780.63,"2010-12-06 13:21:00","2011-12-07 12:16:00",5,5,5,555,Champions
12388,16,6,2780.66,"2011-01-17 11:12:00","2011-11-24 12:30:00",4,5,5,455,Champions
17213,41,7,2781.23,"2010-12-08 13:03:00","2011-10-30 14:53:00",3,5,5,355,"Loyal Customers"
16764,4,13,2790.95,"2011-07-19 17:17:00","2011-12-06 11:41:00",5,5,5,555,Champions
14626,24,4,2791.27,"2011-04-20 13:18:00","2011-11-16 10:37:00",4,4,5,445,Champions
17739,12,7,2791.35,"2010-12-14 14:26:00","2011-11-28 09:12:00",5,5,5,555,Champions
12758,117,2,2791.59,"2011-03-08 12:05:00","2011-08-15 10:22:00",2,3,5,235,"Cant Lose Them"
12578,22,2,2794.51,"2011-01-13 15:34:00","2011-11-18 13:30:00",4,2,5,425,"New Customers"
14903,22,5,2795.33,"2011-03-06 11:50:00","2011-11-18 16:07:00",4,4,5,445,Champions
13769,3,10,2796.51,"2010-12-07 13:28:00","2011-12-07 15:08:00",5,5,5,555,Champions
16081,57,5,2799.42,"2010-12-08 11:16:00","2011-10-14 13:06:00",3,4,5,345,"Loyal Customers"
14572,4,7,2804.54,"2011-01-19 17:23:00","2011-12-06 14:40:00",5,5,5,555,Champions
17596,24,7,2806.69,"2010-12-06 12:34:00","2011-11-16 14:11:00",4,5,5,455,Champions
18230,10,7,2810.20,"2011-02-10 13:06:00","2011-11-30 13:22:00",5,5,5,555,Champions
12356,23,3,2811.43,"2011-01-18 09:50:00","2011-11-17 08:40:00",4,3,5,435,"Loyal Customers"
16871,23,6,2812.34,"2011-03-14 10:31:00","2011-11-17 19:27:00",4,5,5,455,Champions
16928,81,17,2814.70,"2010-12-01 15:21:00","2011-09-20 15:10:00",2,5,5,255,"At Risk"
14842,44,4,2824.69,"2011-02-04 15:32:00","2011-10-27 12:37:00",3,4,5,345,"Loyal Customers"
14852,59,6,2836.69,"2011-04-01 13:22:00","2011-10-12 13:20:00",3,5,5,355,"Loyal Customers"
14711,11,11,2839.62,"2011-03-22 13:32:00","2011-11-29 14:58:00",5,5,5,555,Champions
14535,61,3,2854.84,"2011-04-05 12:50:00","2011-10-10 15:39:00",3,4,5,345,"Loyal Customers"
18145,13,4,2861.55,"2011-01-31 12:10:00","2011-11-27 11:22:00",5,4,5,545,Champions
14530,26,6,2862.11,"2011-02-16 10:47:00","2011-11-14 10:38:00",4,5,5,455,Champions
12685,29,6,2863.08,"2011-09-07 10:28:00","2011-11-11 13:46:00",4,5,5,455,Champions
13901,73,5,2867.20,"2011-01-25 09:01:00","2011-09-28 14:48:00",2,4,5,245,"At Risk"
15628,5,9,2870.24,"2010-12-08 09:51:00","2011-12-05 10:24:00",5,5,5,555,Champions
14005,10,5,2874.72,"2011-05-08 10:33:00","2011-11-30 12:41:00",5,4,5,545,Champions
17728,4,3,2876.01,"2011-09-14 11:39:00","2011-12-06 08:52:00",5,3,5,535,"Loyal Customers"
14251,2,5,2879.70,"2011-10-13 12:46:00","2011-12-08 08:32:00",5,4,5,545,Champions
16633,18,6,2883.10,"2011-04-19 14:36:00","2011-11-22 13:41:00",4,5,5,455,Champions
13735,25,4,2883.54,"2011-04-19 13:49:00","2011-11-15 11:14:00",4,4,5,445,Champions
12408,33,5,2888.55,"2011-03-24 14:46:00","2011-11-07 12:27:00",4,4,5,445,Champions
18144,8,12,2888.75,"2010-12-01 13:45:00","2011-12-02 12:46:00",5,5,5,555,Champions
17644,2,11,2895.64,"2011-03-24 09:44:00","2011-12-08 13:43:00",5,5,5,555,Champions
13451,27,5,2898.26,"2011-01-09 15:35:00","2011-11-13 15:58:00",4,4,5,445,Champions
12438,15,2,2906.85,"2011-07-22 13:29:00","2011-11-25 13:28:00",4,2,5,425,"New Customers"
14112,23,7,2915.15,"2011-03-09 11:28:00","2011-11-17 12:30:00",4,5,5,455,Champions
12906,12,5,2919.81,"2011-09-22 15:03:00","2011-11-28 09:55:00",5,4,5,545,Champions
15606,62,9,2920.16,"2011-01-19 12:07:00","2011-10-09 15:47:00",3,5,5,355,"Loyal Customers"
17512,29,10,2924.99,"2011-02-11 12:22:00","2011-11-11 12:11:00",4,5,5,455,Champions
16316,65,8,2938.91,"2010-12-16 14:26:00","2011-10-06 13:48:00",3,5,5,355,"Loyal Customers"
17444,148,3,2940.04,"2011-06-20 09:04:00","2011-07-15 12:05:00",2,4,5,245,"At Risk"
12916,139,4,2944.95,"2011-01-23 10:43:00","2011-07-24 10:35:00",2,4,5,245,"At Risk"
14868,4,8,2953.59,"2011-04-20 13:36:00","2011-12-06 14:49:00",5,5,5,555,Champions
16686,48,7,2959.88,"2010-12-19 14:41:00","2011-10-23 13:49:00",3,5,5,355,"Loyal Customers"
17924,12,7,2962.50,"2010-12-01 10:51:00","2011-11-28 09:11:00",5,5,5,555,Champions
16497,50,6,2965.69,"2011-01-10 13:20:00","2011-10-21 10:55:00",3,5,5,355,"Loyal Customers"
15854,5,12,2969.12,"2010-12-13 11:47:00","2011-12-05 13:39:00",5,5,5,555,Champions
14032,3,11,2975.59,"2010-12-08 10:53:00","2011-12-07 15:23:00",5,5,5,555,Champions
14639,53,6,2984.49,"2010-12-13 13:50:00","2011-10-18 15:06:00",3,5,5,355,"Loyal Customers"
15687,9,9,2993.10,"2011-01-13 15:13:00","2011-12-01 08:33:00",5,5,5,555,Champions
14307,89,6,2995.72,"2010-12-01 11:41:00","2011-09-12 09:38:00",2,5,5,255,"At Risk"
12670,11,5,2996.05,"2011-04-21 10:16:00","2011-11-29 15:23:00",5,4,5,545,Champions
17504,207,9,2997.03,"2011-01-21 11:09:00","2011-05-17 12:59:00",1,5,5,155,"At Risk"
17659,18,12,2999.46,"2010-12-02 16:46:00","2011-11-22 13:29:00",4,5,5,455,Champions
15521,41,8,3000.20,"2011-03-30 09:15:00","2011-10-30 13:42:00",3,5,5,355,"Loyal Customers"
12754,236,3,3010.74,"2011-02-04 10:31:00","2011-04-18 09:00:00",1,3,5,135,"Cant Lose Them"
14456,6,9,3017.28,"2011-07-20 13:06:00","2011-12-04 13:59:00",5,5,5,555,Champions
18094,82,7,3017.30,"2011-02-21 08:50:00","2011-09-19 09:28:00",2,5,5,255,"At Risk"
12395,20,12,3018.63,"2010-12-03 16:35:00","2011-11-20 15:21:00",4,5,5,455,Champions
12598,10,8,3023.08,"2011-02-28 11:58:00","2011-11-30 12:18:00",5,5,5,555,Champions
16709,85,5,3029.87,"2011-03-03 10:55:00","2011-09-16 10:56:00",2,4,5,245,"At Risk"
16905,6,7,3037.60,"2010-12-03 10:43:00","2011-12-04 14:01:00",5,5,5,555,Champions
17799,23,10,3039.17,"2010-12-13 13:10:00","2011-11-17 15:16:00",4,5,5,455,Champions
16326,6,14,3039.22,"2011-01-09 12:01:00","2011-12-04 10:11:00",5,5,5,555,Champions
16393,3,13,3040.96,"2010-12-05 13:10:00","2011-12-07 12:51:00",5,5,5,555,Champions
16940,53,3,3049.88,"2011-02-23 12:27:00","2011-10-18 13:15:00",3,4,5,345,"Loyal Customers"
13631,100,11,3070.42,"2011-03-17 17:13:00","2011-09-01 09:57:00",2,5,5,255,"At Risk"
12910,24,8,3075.04,"2011-04-12 10:01:00","2011-11-16 14:28:00",4,5,5,455,Champions
18272,3,6,3078.58,"2011-04-07 09:35:00","2011-12-07 12:43:00",5,5,5,555,Champions
15998,37,5,3080.22,"2010-12-12 13:32:00","2011-11-03 12:45:00",3,4,5,345,"Loyal Customers"
17059,30,5,3080.39,"2010-12-05 12:35:00","2011-11-10 12:27:00",4,4,5,445,Champions
13869,124,4,3083.65,"2010-12-17 15:14:00","2011-08-08 13:53:00",2,4,5,245,"At Risk"
16218,30,7,3084.68,"2010-12-01 11:29:00","2011-11-10 09:59:00",4,5,5,455,Champions
13362,10,4,3090.74,"2011-02-25 11:33:00","2011-11-30 14:41:00",5,4,5,545,Champions
16156,9,9,3092.04,"2011-02-02 12:02:00","2011-12-01 12:42:00",5,5,5,555,Champions
13135,197,1,3096.00,"2011-05-27 10:52:00","2011-05-27 10:52:00",1,1,5,115,Lost
14565,96,4,3099.12,"2010-12-13 13:25:00","2011-09-05 09:07:00",2,4,5,245,"At Risk"
14257,65,5,3099.72,"2011-01-25 10:49:00","2011-10-06 16:54:00",3,4,5,345,"Loyal Customers"
15491,96,6,3100.09,"2011-04-18 10:04:00","2011-09-05 15:56:00",2,5,5,255,"At Risk"
14099,17,11,3104.17,"2010-12-20 11:14:00","2011-11-23 13:53:00",4,5,5,455,Champions
13742,17,12,3107.87,"2011-01-23 14:59:00","2011-11-23 11:07:00",4,5,5,455,Champions
16678,3,12,3109.99,"2011-03-02 09:24:00","2011-12-07 12:17:00",5,5,5,555,Champions
13685,3,7,3119.44,"2011-10-10 12:59:00","2011-12-07 11:41:00",5,5,5,555,Champions
17231,13,10,3124.72,"2010-12-13 14:16:00","2011-11-27 15:18:00",5,5,5,555,Champions
14235,76,5,3144.86,"2011-03-24 13:23:00","2011-09-25 14:37:00",2,4,5,245,"At Risk"
15861,13,8,3146.92,"2011-03-17 20:12:00","2011-11-27 15:59:00",5,5,5,555,Champions
17685,17,7,3155.83,"2010-12-02 14:42:00","2011-11-23 11:36:00",4,5,5,455,Champions
15065,38,4,3158.13,"2011-02-21 12:54:00","2011-11-02 09:45:00",3,4,5,345,"Loyal Customers"
17863,60,6,3160.00,"2010-12-05 13:21:00","2011-10-11 13:45:00",3,5,5,355,"Loyal Customers"
16041,31,3,3166.40,"2011-07-21 16:27:00","2011-11-09 12:25:00",4,3,5,435,"Loyal Customers"
16837,32,11,3170.98,"2011-04-08 08:48:00","2011-11-08 14:27:00",4,5,5,455,Champions
13268,18,11,3174.75,"2011-03-17 13:20:00","2011-11-22 11:51:00",4,5,5,455,Champions
17672,51,2,3178.17,"2011-02-03 13:29:00","2011-10-20 14:18:00",3,3,5,335,"Loyal Customers"
12456,45,3,3181.04,"2011-03-30 09:12:00","2011-10-26 14:41:00",3,4,5,345,"Loyal Customers"
17050,97,6,3185.64,"2011-02-13 12:41:00","2011-09-04 13:48:00",2,5,5,255,"At Risk"
17220,25,14,3187.55,"2010-12-10 14:54:00","2011-11-15 13:47:00",4,5,5,455,Champions
14844,64,4,3189.81,"2011-04-12 13:10:00","2011-10-07 10:41:00",3,4,5,345,"Loyal Customers"
13758,12,7,3190.55,"2010-12-01 12:08:00","2011-11-28 11:11:00",5,5,5,555,Champions
13868,8,2,3192.54,"2011-11-01 12:45:00","2011-12-02 16:32:00",5,2,5,525,"New Customers"
16107,18,7,3204.16,"2011-06-09 18:42:00","2011-11-22 09:40:00",4,5,5,455,Champions
14388,11,8,3212.84,"2010-12-02 11:02:00","2011-11-29 13:32:00",5,5,5,555,Champions
15443,2,7,3213.59,"2011-01-23 13:25:00","2011-12-08 10:40:00",5,5,5,555,Champions
13880,22,13,3219.77,"2010-12-07 14:00:00","2011-11-18 13:44:00",4,5,5,455,Champions
14175,60,3,3222.30,"2011-01-14 12:22:00","2011-10-11 11:55:00",3,4,5,345,"Loyal Customers"
15708,41,7,3235.25,"2010-12-05 11:12:00","2011-10-30 10:54:00",3,5,5,355,"Loyal Customers"
13047,32,10,3237.54,"2010-12-01 08:34:00","2011-11-08 12:06:00",4,5,5,455,Champions
13952,218,2,3251.07,"2011-04-15 09:27:00","2011-05-06 09:00:00",1,3,5,135,"Cant Lose Them"
14702,2,17,3251.79,"2010-12-09 19:23:00","2011-12-08 19:29:00",5,5,5,555,Champions
17723,128,6,3276.40,"2011-05-09 14:44:00","2011-08-04 18:37:00",2,5,5,255,"At Risk"
15764,89,6,3279.97,"2011-03-08 09:23:00","2011-09-12 17:58:00",2,5,5,255,"At Risk"
12480,29,4,3281.63,"2011-01-07 15:27:00","2011-11-11 14:52:00",4,4,5,445,Champions
15632,16,8,3285.31,"2011-03-10 08:29:00","2011-11-24 09:51:00",4,5,5,455,Champions
14841,54,6,3295.76,"2010-12-16 10:28:00","2011-10-17 15:03:00",3,5,5,355,"Loyal Customers"
13373,61,3,3312.25,"2011-03-08 14:35:00","2011-10-10 10:51:00",3,4,5,345,"Loyal Customers"
16556,67,7,3313.79,"2010-12-14 13:32:00","2011-10-04 11:36:00",3,5,5,355,"Loyal Customers"
12594,38,10,3338.22,"2011-01-21 09:52:00","2011-11-02 12:20:00",3,5,5,355,"Loyal Customers"
13015,54,5,3339.64,"2011-04-04 14:28:00","2011-10-17 13:19:00",3,4,5,345,"Loyal Customers"
12613,58,5,3344.38,"2011-03-22 15:42:00","2011-10-13 14:59:00",3,4,5,345,"Loyal Customers"
12643,129,6,3344.64,"2011-01-11 11:48:00","2011-08-03 12:56:00",2,5,5,255,"At Risk"
17183,8,6,3347.31,"2011-08-26 15:25:00","2011-12-02 10:07:00",5,5,5,555,Champions
16607,18,14,3347.71,"2010-12-16 08:41:00","2011-11-22 10:24:00",4,5,5,455,Champions
16818,11,11,3349.57,"2011-05-18 11:42:00","2011-11-29 10:41:00",5,5,5,555,Champions
14227,27,10,3350.96,"2011-02-28 12:27:00","2011-11-13 15:48:00",4,5,5,455,Champions
16011,9,16,3352.96,"2010-12-08 16:34:00","2011-12-01 16:31:00",5,5,5,555,Champions
13842,59,9,3385.62,"2010-12-08 10:39:00","2011-10-12 10:51:00",3,5,5,355,"Loyal Customers"
15228,67,4,3386.71,"2011-02-18 09:04:00","2011-10-04 13:56:00",3,4,5,345,"Loyal Customers"
13198,11,6,3401.24,"2010-12-13 09:29:00","2011-11-29 15:17:00",5,5,5,555,Champions
17669,43,7,3406.72,"2011-04-04 10:11:00","2011-10-28 08:53:00",3,5,5,355,"Loyal Customers"
13437,15,7,3408.06,"2011-06-02 14:30:00","2011-11-25 14:00:00",4,5,5,455,Champions
17758,20,8,3408.20,"2011-04-03 15:22:00","2011-11-20 14:45:00",4,5,5,455,Champions
15981,25,8,3408.48,"2011-02-01 13:50:00","2011-11-15 08:00:00",4,5,5,455,Champions
12406,23,2,3415.30,"2011-06-09 10:23:00","2011-11-17 19:22:00",4,2,5,425,"New Customers"
14221,43,9,3432.80,"2011-01-04 15:33:00","2011-10-28 13:42:00",3,5,5,355,"Loyal Customers"
15676,19,3,3435.76,"2011-03-01 10:19:00","2011-11-21 12:40:00",4,3,5,435,"Loyal Customers"
17725,17,11,3439.08,"2011-03-17 19:47:00","2011-11-23 16:34:00",4,5,5,455,Champions
15974,40,7,3442.15,"2011-02-24 10:10:00","2011-10-31 13:13:00",3,5,5,355,"Loyal Customers"
13536,2,7,3444.39,"2011-09-25 13:30:00","2011-12-08 16:38:00",5,5,5,555,Champions
15129,51,11,3447.40,"2011-02-21 09:09:00","2011-10-20 14:40:00",3,5,5,355,"Loyal Customers"
16360,5,6,3450.41,"2011-09-12 13:50:00","2011-12-05 12:16:00",5,5,5,555,Champions
15410,85,8,3450.84,"2011-03-23 10:15:00","2011-09-16 14:47:00",2,5,5,255,"At Risk"
13014,11,10,3466.28,"2011-03-03 18:28:00","2011-11-29 12:27:00",5,5,5,555,Champions
13993,43,9,3466.36,"2011-01-13 10:43:00","2011-10-28 09:06:00",3,5,5,355,"Loyal Customers"
14395,3,9,3479.91,"2010-12-02 18:15:00","2011-12-07 14:34:00",5,5,5,555,Champions
16458,3,18,3482.74,"2010-12-14 11:51:00","2011-12-07 09:34:00",5,5,5,555,Champions
14907,4,7,3501.10,"2010-12-07 10:14:00","2011-12-06 14:14:00",5,5,5,555,Champions
13334,83,3,3502.32,"2011-02-07 11:42:00","2011-09-18 15:21:00",2,4,5,245,"At Risk"
16131,52,6,3506.54,"2011-04-14 08:32:00","2011-10-19 11:53:00",3,5,5,355,"Loyal Customers"
15113,10,3,3509.43,"2011-10-16 15:27:00","2011-11-30 08:23:00",5,3,5,535,"Loyal Customers"
13953,8,7,3515.68,"2010-12-22 10:29:00","2011-12-02 16:04:00",5,5,5,555,Champions
17160,32,6,3518.03,"2011-04-12 12:00:00","2011-11-08 14:05:00",4,5,5,455,Champions
12454,57,1,3528.34,"2011-10-14 17:13:00","2011-10-14 17:13:00",3,2,5,325,"Potential Loyalist"
13448,17,6,3534.69,"2010-12-01 10:52:00","2011-11-23 12:33:00",4,5,5,455,Champions
12370,52,4,3541.94,"2010-12-14 12:58:00","2011-10-19 14:51:00",3,4,5,345,"Loyal Customers"
14503,4,6,3543.26,"2011-06-14 10:00:00","2011-12-06 13:30:00",5,5,5,555,Champions
15544,10,9,3546.71,"2010-12-02 12:47:00","2011-11-30 16:43:00",5,5,5,555,Champions
17491,2,10,3558.87,"2010-12-07 12:18:00","2011-12-08 16:18:00",5,5,5,555,Champions
17203,36,6,3560.08,"2011-10-10 14:37:00","2011-11-04 12:27:00",3,5,5,355,"Loyal Customers"
14040,41,12,3560.32,"2011-01-12 14:57:00","2011-10-30 12:42:00",3,5,5,355,"Loyal Customers"
17576,9,19,3564.83,"2010-12-09 16:57:00","2011-12-01 17:56:00",5,5,5,555,Champions
16242,9,7,3579.86,"2011-03-07 17:04:00","2011-12-01 15:12:00",5,5,5,555,Champions
14132,3,11,3586.03,"2011-06-09 12:04:00","2011-12-07 13:35:00",5,5,5,555,Champions
15484,2,4,3590.41,"2011-09-22 13:31:00","2011-12-08 15:03:00",5,4,5,545,Champions
14543,29,16,3599.73,"2010-12-10 11:51:00","2011-11-11 12:45:00",4,5,5,455,Champions
13137,11,8,3603.29,"2011-02-04 11:54:00","2011-11-29 12:09:00",5,5,5,555,Champions
15505,53,5,3610.96,"2011-07-07 13:33:00","2011-10-18 07:56:00",3,4,5,345,"Loyal Customers"
16712,10,11,3611.31,"2011-03-08 15:07:00","2011-11-30 13:48:00",5,5,5,555,Champions
18079,46,4,3613.15,"2011-04-15 12:14:00","2011-10-25 15:27:00",3,4,5,345,"Loyal Customers"
13082,127,9,3613.63,"2011-01-05 15:42:00","2011-08-05 16:16:00",2,5,5,255,"At Risk"
13520,59,6,3624.35,"2010-12-03 10:36:00","2011-10-12 10:20:00",3,5,5,355,"Loyal Customers"
13327,39,8,3627.77,"2010-12-09 15:32:00","2011-11-01 10:21:00",3,5,5,355,"Loyal Customers"
17528,2,8,3628.50,"2011-09-29 13:04:00","2011-12-08 13:27:00",5,5,5,555,Champions
17230,265,8,3638.41,"2010-12-15 11:22:00","2011-03-20 16:12:00",1,5,5,155,"At Risk"
13381,32,6,3639.31,"2011-02-14 10:10:00","2011-11-08 11:58:00",4,5,5,455,Champions
16440,8,5,3640.67,"2011-05-09 12:25:00","2011-12-02 12:02:00",5,4,5,545,Champions
12619,17,9,3641.24,"2011-03-31 13:10:00","2011-11-23 14:52:00",4,5,5,455,Champions
13426,1,10,3641.32,"2010-12-15 12:43:00","2011-12-09 08:59:00",5,5,5,555,Champions
12417,4,9,3649.10,"2010-12-17 11:51:00","2011-12-06 14:52:00",5,5,5,555,Champions
15808,307,4,3651.27,"2010-12-05 13:05:00","2011-02-06 14:33:00",1,4,5,145,"At Risk"
16904,5,16,3653.75,"2010-12-07 13:29:00","2011-12-05 13:10:00",5,5,5,555,Champions
15296,51,6,3672.86,"2011-01-17 11:57:00","2011-10-20 11:47:00",3,5,5,355,"Loyal Customers"
15581,121,13,3675.77,"2010-12-08 14:38:00","2011-08-11 09:38:00",2,5,5,255,"At Risk"
13148,30,12,3683.26,"2010-12-10 13:06:00","2011-11-10 15:23:00",4,5,5,455,Champions
16253,67,2,3683.86,"2011-03-29 13:33:00","2011-10-04 09:09:00",3,3,5,335,"Loyal Customers"
12553,9,10,3692.28,"2011-01-14 10:42:00","2011-12-01 16:38:00",5,5,5,555,Champions
14282,4,15,3701.44,"2010-12-07 12:21:00","2011-12-06 17:04:00",5,5,5,555,Champions
15379,170,7,3703.29,"2010-12-16 13:02:00","2011-06-23 13:13:00",2,5,5,255,"At Risk"
17819,72,7,3704.87,"2010-12-03 14:26:00","2011-09-29 10:52:00",3,5,5,355,"Loyal Customers"
15622,44,9,3709.56,"2011-03-02 13:42:00","2011-10-27 16:44:00",3,5,5,355,"Loyal Customers"
15845,18,8,3711.77,"2011-01-06 17:19:00","2011-11-22 09:42:00",4,5,5,455,Champions
14364,109,8,3717.35,"2011-05-12 12:56:00","2011-08-23 11:01:00",2,5,5,255,"At Risk"
16240,25,2,3718.80,"2011-09-23 13:44:00","2011-11-15 14:30:00",4,2,5,425,"New Customers"
17238,3,17,3719.10,"2010-12-03 15:05:00","2011-12-07 11:35:00",5,5,5,555,Champions
13680,2,4,3719.12,"2011-01-04 14:12:00","2011-12-08 13:47:00",5,4,5,545,Champions
12647,23,12,3722.82,"2010-12-05 14:02:00","2011-11-17 12:56:00",4,5,5,455,Champions
12502,96,5,3723.87,"2011-02-03 10:41:00","2011-09-05 11:52:00",2,4,5,245,"At Risk"
16570,16,10,3738.40,"2011-02-01 10:37:00","2011-11-24 17:02:00",4,5,5,455,Champions
13552,67,12,3740.07,"2011-01-28 10:10:00","2011-10-04 15:19:00",3,5,5,355,"Loyal Customers"
14145,47,4,3742.20,"2011-05-06 13:01:00","2011-10-24 12:10:00",3,4,5,345,"Loyal Customers"
12429,10,4,3750.40,"2010-12-09 12:05:00","2011-11-30 17:22:00",5,4,5,545,Champions
13124,90,3,3756.33,"2010-12-15 15:00:00","2011-09-11 12:45:00",2,4,5,245,"At Risk"
17173,6,8,3766.60,"2011-07-31 15:26:00","2011-12-04 14:40:00",5,5,5,555,Champions
12562,9,7,3781.74,"2011-05-25 12:44:00","2011-12-01 17:20:00",5,5,5,555,Champions
16019,47,9,3786.24,"2010-12-10 12:29:00","2011-10-24 11:51:00",3,5,5,355,"Loyal Customers"
16168,11,27,3787.60,"2010-12-05 11:38:00","2011-11-29 12:45:00",5,5,5,555,Champions
16655,18,6,3789.52,"2011-01-12 10:16:00","2011-11-22 11:25:00",4,5,5,455,Champions
16145,9,11,3799.49,"2010-12-15 09:09:00","2011-12-01 10:33:00",5,5,5,555,Champions
12668,12,4,3807.15,"2010-12-19 12:46:00","2011-11-28 10:56:00",5,4,5,545,Champions
13435,6,7,3809.89,"2011-06-03 17:07:00","2011-12-04 14:45:00",5,5,5,555,Champions
15867,6,15,3810.14,"2010-12-05 14:17:00","2011-12-04 13:32:00",5,5,5,555,Champions
12597,20,4,3811.22,"2011-03-16 14:00:00","2011-11-20 13:33:00",4,4,5,445,Champions
12755,281,2,3811.95,"2010-12-09 10:44:00","2011-03-04 12:42:00",1,3,5,135,"Cant Lose Them"
16327,15,6,3820.27,"2010-12-05 12:43:00","2011-11-25 13:23:00",4,5,5,455,Champions
17091,3,9,3827.76,"2010-12-07 09:55:00","2011-12-07 10:43:00",5,5,5,555,Champions
13266,12,12,3834.26,"2011-03-28 10:14:00","2011-11-28 14:39:00",5,5,5,555,Champions
16717,24,6,3843.08,"2010-12-08 16:48:00","2011-11-16 12:16:00",4,5,5,455,Champions
12662,1,11,3849.78,"2010-12-01 13:04:00","2011-12-09 11:59:00",5,5,5,555,Champions
18073,115,12,3859.82,"2011-05-26 19:38:00","2011-08-17 14:02:00",2,5,5,255,"At Risk"
15195,3,1,3861.00,"2011-12-07 12:20:00","2011-12-07 12:20:00",5,1,5,515,"New Customers"
14291,2,11,3883.25,"2011-03-09 15:20:00","2011-12-08 10:26:00",5,5,5,555,Champions
13999,11,12,3901.81,"2010-12-13 11:23:00","2011-11-29 13:40:00",5,5,5,555,Champions
14739,5,7,3902.28,"2010-12-07 14:58:00","2011-12-05 16:54:00",5,5,5,555,Champions
17593,4,5,3923.86,"2010-12-22 10:29:00","2011-12-06 10:30:00",5,4,5,545,Champions
12473,30,5,3928.05,"2011-06-01 10:15:00","2011-11-10 13:46:00",4,4,5,445,Champions
17651,12,10,3945.00,"2011-06-15 15:57:00","2011-11-28 10:29:00",5,5,5,555,Champions
17769,13,10,3957.43,"2011-01-23 11:15:00","2011-11-27 11:18:00",5,5,5,555,Champions
13183,8,9,3957.78,"2011-01-09 10:50:00","2011-12-02 10:30:00",5,5,5,555,Champions
17611,8,15,3961.12,"2010-12-13 13:52:00","2011-12-02 13:29:00",5,5,5,555,Champions
15529,23,11,3962.60,"2010-12-08 12:24:00","2011-11-17 11:29:00",4,5,5,455,Champions
13523,34,5,3964.88,"2010-12-08 14:22:00","2011-11-06 15:11:00",3,4,5,345,"Loyal Customers"
14299,9,9,3965.62,"2010-12-09 10:30:00","2011-12-01 16:05:00",5,5,5,555,Champions
14547,4,8,3974.75,"2011-10-16 14:35:00","2011-12-06 11:06:00",5,5,5,555,Champions
12727,11,7,3980.70,"2011-01-23 15:17:00","2011-11-29 11:46:00",5,5,5,555,Champions
12779,38,8,3981.36,"2010-12-03 13:40:00","2011-11-02 11:43:00",3,5,5,355,"Loyal Customers"
15416,65,4,3984.32,"2011-03-02 08:41:00","2011-10-06 09:38:00",3,4,5,345,"Loyal Customers"
17001,1,11,3989.57,"2010-12-16 09:35:00","2011-12-09 09:38:00",5,5,5,555,Champions
12841,5,25,3991.58,"2010-12-03 10:43:00","2011-12-05 11:13:00",5,5,5,555,Champions
16186,23,12,4006.94,"2010-12-02 14:40:00","2011-11-17 12:43:00",4,5,5,455,Champions
12378,130,1,4008.62,"2011-08-02 10:34:00","2011-08-02 10:34:00",2,2,5,225,"Needs Attention"
12867,27,7,4009.34,"2010-12-14 16:39:00","2011-11-13 15:30:00",4,5,5,455,Champions
12957,10,8,4017.54,"2011-01-04 12:18:00","2011-11-30 09:53:00",5,5,5,555,Champions
17940,50,10,4020.04,"2011-02-10 09:29:00","2011-10-21 13:27:00",3,5,5,355,"Loyal Customers"
15514,13,11,4023.72,"2010-12-10 13:50:00","2011-11-27 14:40:00",5,5,5,555,Champions
13815,23,4,4027.36,"2011-01-25 12:16:00","2011-11-17 14:19:00",4,4,5,445,Champions
16549,11,10,4034.90,"2011-01-09 14:03:00","2011-11-29 15:06:00",5,5,5,555,Champions
12656,18,5,4051.17,"2011-04-20 09:20:00","2011-11-22 13:42:00",4,4,5,445,Champions
14401,5,13,4051.48,"2010-12-15 09:07:00","2011-12-05 13:30:00",5,5,5,555,Champions
18087,99,2,4055.72,"2011-02-22 10:43:00","2011-09-02 15:12:00",2,3,5,235,"Cant Lose Them"
17377,24,20,4058.32,"2010-12-01 12:35:00","2011-11-16 11:17:00",4,5,5,455,Champions
12449,23,4,4067.29,"2011-06-05 15:37:00","2011-11-17 13:46:00",4,4,5,445,Champions
14092,8,14,4076.91,"2010-12-16 15:47:00","2011-12-02 12:13:00",5,5,5,555,Champions
12749,4,5,4090.88,"2011-05-10 15:25:00","2011-12-06 09:56:00",5,4,5,545,Champions
16670,17,11,4095.90,"2010-12-16 10:30:00","2011-11-23 09:34:00",4,5,5,455,Champions
18041,12,21,4097.37,"2010-12-02 11:21:00","2011-11-28 11:39:00",5,5,5,555,Champions
16401,2,12,4098.32,"2011-01-16 10:56:00","2011-12-08 18:15:00",5,5,5,555,Champions
13555,74,4,4098.88,"2011-05-22 11:06:00","2011-09-27 12:36:00",2,4,5,245,"At Risk"
16592,5,16,4113.68,"2011-02-25 10:19:00","2011-12-05 13:49:00",5,5,5,555,Champions
17920,5,17,4119.50,"2010-12-01 11:49:00","2011-12-05 14:29:00",5,5,5,555,Champions
12569,3,32,4124.69,"2011-04-01 13:47:00","2011-12-07 16:24:00",5,5,5,555,Champions
13988,20,6,4147.96,"2011-03-30 11:48:00","2011-11-20 10:15:00",4,5,5,455,Champions
15570,8,12,4148.82,"2010-12-05 12:57:00","2011-12-02 14:47:00",5,5,5,555,Champions
13384,31,7,4151.93,"2011-06-14 12:47:00","2011-11-09 11:04:00",4,5,5,455,Champions
12949,31,8,4167.22,"2011-04-01 13:20:00","2011-11-09 11:25:00",4,5,5,455,Champions
14277,16,3,4188.00,"2011-05-11 13:20:00","2011-11-24 15:01:00",4,3,5,435,"Loyal Customers"
14146,9,5,4191.00,"2010-12-17 15:52:00","2011-12-01 10:18:00",5,4,5,545,Champions
12747,3,11,4196.01,"2010-12-05 15:38:00","2011-12-07 14:34:00",5,5,5,555,Champions
15971,18,12,4199.85,"2011-02-01 16:47:00","2011-11-22 12:50:00",4,5,5,455,Champions
15804,1,13,4206.39,"2011-05-25 10:12:00","2011-12-09 12:31:00",5,5,5,555,Champions
14525,20,9,4215.90,"2010-12-13 17:40:00","2011-11-20 11:37:00",4,5,5,455,Champions
17419,12,12,4226.57,"2010-12-07 15:03:00","2011-11-28 13:47:00",5,5,5,555,Champions
12500,24,11,4257.82,"2011-01-10 09:48:00","2011-11-16 16:20:00",4,5,5,455,Champions
14422,1,6,4263.64,"2011-03-17 17:26:00","2011-12-09 11:26:00",5,4,5,545,Champions
15034,16,8,4274.16,"2010-12-21 09:47:00","2011-11-24 12:11:00",4,5,5,455,Champions
17937,9,7,4301.22,"2010-12-12 14:43:00","2011-12-01 11:45:00",5,5,5,555,Champions
12347,3,7,4310.00,"2010-12-07 14:57:00","2011-12-07 15:52:00",5,5,5,555,Champions
18251,88,1,4314.72,"2011-09-13 15:03:00","2011-09-13 15:03:00",2,2,5,225,"Needs Attention"
17567,8,8,4331.48,"2010-12-02 15:18:00","2011-12-02 15:48:00",5,5,5,555,Champions
14800,48,12,4331.79,"2010-12-05 11:10:00","2011-10-23 12:46:00",3,5,5,355,"Loyal Customers"
14016,162,4,4341.21,"2010-12-17 14:21:00","2011-07-01 11:29:00",2,4,5,245,"At Risk"
16945,22,19,4345.50,"2010-12-16 17:49:00","2011-11-18 11:39:00",4,5,5,455,Champions
12752,82,1,4366.78,"2011-09-19 13:32:00","2011-09-19 13:32:00",2,2,5,225,"Needs Attention"
13505,73,4,4393.63,"2011-04-21 12:07:00","2011-09-28 11:56:00",2,4,5,245,"At Risk"
12712,29,13,4396.13,"2010-12-03 14:30:00","2011-11-11 08:19:00",4,5,5,455,Champions
14534,3,18,4397.30,"2011-01-25 12:33:00","2011-12-07 12:19:00",5,5,5,555,Champions
15874,64,7,4405.88,"2011-02-28 13:28:00","2011-10-07 12:31:00",3,5,5,355,"Loyal Customers"
16626,1,17,4413.10,"2011-03-18 12:27:00","2011-12-09 11:56:00",5,5,5,555,Champions
15955,25,14,4416.26,"2010-12-02 11:22:00","2011-11-15 14:15:00",4,5,5,455,Champions
14085,3,18,4421.29,"2010-12-06 12:39:00","2011-12-07 13:46:00",5,5,5,555,Champions
13069,1,24,4431.44,"2010-12-05 11:02:00","2011-12-09 08:39:00",5,5,5,555,Champions
16984,89,2,4459.52,"2011-08-01 17:37:00","2011-09-12 13:43:00",2,3,5,235,"Cant Lose Them"
17364,1,11,4462.68,"2011-01-12 16:57:00","2011-12-09 09:00:00",5,5,5,555,Champions
12627,11,7,4478.53,"2011-07-22 13:59:00","2011-11-29 12:07:00",5,5,5,555,Champions
14426,24,10,4481.67,"2011-01-31 09:51:00","2011-11-16 12:25:00",4,5,5,455,Champions
17975,16,13,4483.26,"2010-12-08 11:38:00","2011-11-24 13:27:00",4,5,5,455,Champions
12524,10,8,4485.72,"2011-01-10 10:35:00","2011-11-30 15:31:00",5,5,5,555,Champions
15299,68,7,4507.01,"2010-12-02 16:48:00","2011-10-03 14:19:00",3,5,5,355,"Loyal Customers"
13267,3,19,4521.49,"2010-12-08 09:20:00","2011-12-07 11:12:00",5,5,5,555,Champions
12484,33,6,4527.32,"2011-01-07 14:04:00","2011-11-07 11:37:00",4,5,5,455,Champions
17613,23,14,4544.55,"2011-02-07 11:20:00","2011-11-17 10:51:00",4,5,5,455,Champions
17068,13,21,4552.14,"2010-12-06 13:58:00","2011-11-27 13:14:00",5,5,5,555,Champions
16931,6,21,4554.87,"2010-12-05 11:40:00","2011-12-04 13:15:00",5,5,5,555,Champions
14004,44,7,4582.64,"2011-02-24 09:28:00","2011-10-27 14:40:00",3,5,5,355,"Loyal Customers"
15093,19,6,4597.02,"2010-12-02 18:25:00","2011-11-21 13:09:00",4,5,5,455,Champions
13802,139,3,4599.42,"2011-02-01 12:03:00","2011-07-24 10:54:00",2,4,5,245,"At Risk"
14286,24,3,4628.75,"2011-04-11 08:16:00","2011-11-16 10:34:00",4,3,5,435,"Loyal Customers"
14159,20,11,4630.35,"2010-12-12 11:17:00","2011-11-20 12:36:00",4,5,5,455,Champions
14390,11,9,4642.57,"2010-12-02 11:57:00","2011-11-29 13:49:00",5,5,5,555,Champions
14189,3,15,4654.08,"2010-12-06 11:42:00","2011-12-07 15:55:00",5,5,5,555,Champions
15291,26,15,4668.30,"2010-12-01 09:32:00","2011-11-14 11:02:00",4,5,5,455,Champions
14191,2,13,4684.76,"2011-05-03 10:30:00","2011-12-08 09:23:00",5,5,5,555,Champions
14135,2,15,4690.31,"2010-12-02 10:27:00","2011-12-08 11:38:00",5,5,5,555,Champions
12714,10,5,4708.86,"2011-02-18 10:53:00","2011-11-30 15:43:00",5,4,5,545,Champions
17690,31,15,4726.80,"2010-12-01 16:15:00","2011-11-09 15:17:00",4,5,5,455,Champions
16722,18,13,4730.81,"2010-12-06 12:59:00","2011-11-22 13:28:00",4,5,5,455,Champions
15152,10,13,4745.69,"2011-06-05 15:36:00","2011-11-30 12:32:00",5,5,5,555,Champions
14180,11,25,4748.52,"2010-12-02 13:08:00","2011-11-29 10:56:00",5,5,5,555,Champions
12955,2,11,4757.16,"2011-03-17 09:03:00","2011-12-08 16:29:00",5,5,5,555,Champions
17365,13,8,4767.36,"2011-01-11 12:11:00","2011-11-27 12:13:00",5,5,5,555,Champions
15187,2,16,4777.18,"2011-05-11 13:49:00","2011-12-08 11:56:00",5,5,5,555,Champions
15555,13,16,4794.86,"2010-12-05 14:45:00","2011-11-27 16:19:00",5,5,5,555,Champions
15298,3,12,4799.90,"2010-12-08 13:55:00","2011-12-07 17:17:00",5,5,5,555,Champions
13013,2,13,4810.94,"2010-12-03 12:28:00","2011-12-08 15:01:00",5,5,5,555,Champions
15738,19,16,4812.42,"2010-12-02 12:50:00","2011-11-21 08:26:00",4,5,5,455,Champions
17652,26,12,4867.72,"2011-03-03 14:05:00","2011-11-14 12:55:00",4,5,5,455,Champions
14292,8,9,4871.93,"2011-03-02 08:26:00","2011-12-02 11:50:00",5,5,5,555,Champions
12688,114,1,4873.81,"2011-08-18 08:49:00","2011-08-18 08:49:00",2,2,5,225,"Needs Attention"
12664,9,9,4881.88,"2011-01-21 11:42:00","2011-12-01 17:07:00",5,5,5,555,Champions
17133,16,7,4892.24,"2011-03-18 13:47:00","2011-11-24 12:27:00",4,5,5,455,Champions
15547,8,14,4910.60,"2010-12-12 13:26:00","2011-12-02 12:52:00",5,5,5,555,Champions
15786,47,3,4919.00,"2011-08-17 13:33:00","2011-10-24 14:13:00",3,4,5,345,"Loyal Customers"
14709,16,13,4921.04,"2010-12-16 13:43:00","2011-11-24 15:41:00",4,5,5,455,Champions
12700,8,4,4939.99,"2011-05-08 16:10:00","2011-12-02 10:47:00",5,4,5,545,Champions
12437,2,18,4951.41,"2011-01-12 14:13:00","2011-12-08 11:35:00",5,5,5,555,Champions
15032,257,3,4959.10,"2010-12-08 12:57:00","2011-03-28 15:03:00",1,3,5,135,"Cant Lose Them"
14329,18,7,4975.24,"2011-01-14 13:42:00","2011-11-22 15:50:00",4,5,5,455,Champions
12444,22,5,5005.46,"2011-06-21 14:00:00","2011-11-18 13:23:00",4,4,5,445,Champions
14562,4,18,5006.77,"2011-02-08 14:45:00","2011-12-06 11:05:00",5,5,5,555,Champions
14755,10,11,5010.28,"2011-01-09 14:02:00","2011-11-30 11:24:00",5,5,5,555,Champions
15719,33,13,5030.07,"2011-01-06 12:31:00","2011-11-07 12:29:00",3,5,5,355,"Loyal Customers"
17426,9,6,5037.26,"2011-03-02 16:34:00","2011-12-01 18:07:00",5,5,5,555,Champions
15301,51,12,5049.95,"2010-12-06 12:21:00","2011-10-20 09:57:00",3,5,5,355,"Loyal Customers"
17602,3,6,5054.42,"2011-01-19 16:18:00","2011-12-07 13:53:00",5,4,5,545,Champions
12432,43,5,5059.32,"2011-06-20 13:27:00","2011-10-28 11:43:00",3,4,5,345,"Loyal Customers"
13139,17,7,5064.94,"2011-03-25 11:57:00","2011-11-23 13:54:00",4,5,5,455,Champions
16700,9,13,5076.55,"2010-12-08 16:34:00","2011-12-01 11:00:00",5,5,5,555,Champions
15046,10,15,5090.42,"2011-01-05 15:30:00","2011-11-30 15:50:00",5,5,5,555,Champions
13941,22,5,5112.96,"2010-12-02 10:17:00","2011-11-18 09:43:00",4,4,5,445,Champions
15903,10,7,5126.76,"2011-02-17 14:04:00","2011-11-30 08:08:00",5,5,5,555,Champions
17858,6,12,5140.66,"2010-12-05 13:08:00","2011-12-04 11:56:00",5,5,5,555,Champions
13599,2,21,5149.92,"2010-12-08 10:11:00","2011-12-08 16:10:00",5,5,5,555,Champions
15727,17,7,5159.06,"2010-12-15 15:47:00","2011-11-23 12:36:00",4,5,5,455,Champions
16191,3,13,5180.52,"2010-12-14 12:38:00","2011-12-07 11:26:00",5,5,5,555,Champions
13756,3,14,5189.52,"2010-12-07 11:41:00","2011-12-07 16:44:00",5,5,5,555,Champions
16258,46,5,5203.51,"2011-05-04 14:33:00","2011-10-25 13:30:00",3,4,5,345,"Loyal Customers"
12362,4,10,5226.23,"2011-02-17 10:30:00","2011-12-06 15:40:00",5,5,5,555,Champions
18226,45,11,5228.05,"2011-01-06 09:00:00","2011-10-26 13:36:00",3,5,5,355,"Loyal Customers"
17061,74,11,5232.23,"2011-04-21 13:29:00","2011-09-27 11:24:00",2,5,5,255,"At Risk"
15150,18,10,5291.33,"2011-03-15 14:21:00","2011-11-22 12:52:00",4,5,5,455,Champions
17730,4,13,5298.48,"2011-01-17 14:49:00","2011-12-06 15:43:00",5,5,5,555,Champions
13269,2,15,5343.28,"2010-12-05 11:51:00","2011-12-08 14:53:00",5,5,5,555,Champions
16303,26,3,5360.63,"2011-01-10 14:16:00","2011-11-14 10:49:00",4,3,5,435,"Loyal Customers"
17850,373,34,5391.21,"2010-12-01 08:26:00","2010-12-02 15:27:00",1,5,5,155,"At Risk"
17719,38,15,5396.04,"2011-03-29 11:29:00","2011-11-02 10:36:00",3,5,5,355,"Loyal Customers"
16701,9,13,5398.30,"2010-12-13 11:51:00","2011-12-01 11:10:00",5,5,5,555,Champions
17809,17,12,5411.91,"2010-12-01 09:41:00","2011-11-23 12:59:00",4,5,5,455,Champions
12490,6,10,5417.93,"2011-01-14 09:13:00","2011-12-04 16:07:00",5,5,5,555,Champions
18198,5,17,5425.56,"2011-01-07 13:39:00","2011-12-05 14:49:00",5,5,5,555,Champions
16265,10,9,5447.00,"2010-12-10 10:21:00","2011-11-30 16:41:00",5,5,5,555,Champions
16985,18,10,5464.12,"2010-12-16 10:38:00","2011-11-22 13:33:00",4,5,5,455,Champions
15805,24,17,5488.18,"2010-12-10 09:33:00","2011-11-16 16:32:00",4,5,5,455,Champions
16609,16,7,5493.46,"2011-04-01 10:11:00","2011-11-24 13:32:00",4,5,5,455,Champions
18225,4,12,5504.96,"2010-12-09 15:46:00","2011-12-06 13:27:00",5,5,5,555,Champions
16161,2,19,5533.67,"2010-12-06 10:03:00","2011-12-08 12:10:00",5,5,5,555,Champions
12539,23,4,5568.35,"2011-01-10 09:11:00","2011-11-17 13:30:00",4,4,5,445,Champions
16767,31,11,5575.56,"2011-01-27 13:38:00","2011-11-09 09:42:00",4,5,5,455,Champions
14049,17,4,5578.72,"2011-01-26 11:27:00","2011-11-23 12:20:00",4,4,5,445,Champions
14688,8,21,5579.10,"2010-12-01 09:37:00","2011-12-02 12:26:00",5,5,5,555,Champions
12481,23,10,5579.82,"2010-12-09 10:13:00","2011-11-17 08:29:00",4,5,5,455,Champions
12839,3,14,5591.42,"2010-12-07 15:48:00","2011-12-07 12:33:00",5,5,5,555,Champions
17757,2,30,5593.39,"2010-12-02 17:17:00","2011-12-08 15:31:00",5,5,5,555,Champions
18118,11,26,5625.08,"2010-12-05 12:13:00","2011-11-29 11:32:00",5,5,5,555,Champions
17049,3,9,5655.03,"2011-03-09 08:33:00","2011-12-07 10:48:00",5,5,5,555,Champions
13004,12,18,5655.91,"2010-12-17 08:20:00","2011-11-28 11:27:00",5,5,5,555,Champions
17716,23,11,5655.99,"2011-03-17 10:38:00","2011-11-17 12:00:00",4,5,5,455,Champions
14110,4,12,5683.15,"2011-03-18 09:59:00","2011-12-06 12:26:00",5,5,5,555,Champions
13468,2,37,5704.97,"2010-12-01 15:08:00","2011-12-08 10:39:00",5,5,5,555,Champions
16553,164,12,5719.82,"2010-12-14 13:58:00","2011-06-29 15:42:00",2,5,5,255,"At Risk"
13178,27,11,5725.47,"2010-12-14 12:22:00","2011-11-13 16:14:00",4,5,5,455,Champions
13316,38,4,5732.93,"2011-03-30 13:01:00","2011-11-02 13:40:00",3,4,5,345,"Loyal Customers"
17686,8,7,5739.46,"2011-02-10 10:18:00","2011-12-02 15:39:00",5,5,5,555,Champions
15218,11,11,5756.89,"2011-01-25 11:20:00","2011-11-29 11:48:00",5,5,5,555,Champions
12720,3,25,5781.73,"2010-12-05 15:21:00","2011-12-07 08:03:00",5,5,5,555,Champions
13050,15,17,5836.86,"2010-12-08 09:30:00","2011-11-25 09:18:00",4,5,5,455,Champions
14415,2,13,5855.57,"2010-12-14 13:31:00","2011-12-08 14:38:00",5,5,5,555,Champions
14505,18,8,5859.43,"2010-12-12 16:14:00","2011-11-22 15:45:00",4,5,5,455,Champions
13534,3,25,5870.08,"2010-12-16 15:23:00","2011-12-07 14:52:00",5,5,5,555,Champions
13209,31,8,5891.61,"2010-12-13 10:31:00","2011-11-09 13:54:00",4,5,5,455,Champions
14944,30,12,5900.25,"2011-02-16 12:47:00","2011-11-10 09:10:00",4,5,5,455,Champions
15382,15,6,5955.71,"2011-02-17 12:01:00","2011-11-25 10:58:00",4,5,5,455,Champions
14101,74,6,5976.79,"2011-01-17 13:09:00","2011-09-27 12:28:00",2,5,5,255,"At Risk"
12637,68,8,6002.90,"2011-01-20 10:47:00","2011-10-03 13:46:00",3,5,5,355,"Loyal Customers"
13097,33,10,6003.22,"2010-12-14 15:13:00","2011-11-07 10:43:00",4,5,5,455,Champions
14735,4,32,6065.69,"2010-12-16 16:05:00","2011-12-06 12:09:00",5,5,5,555,Champions
17509,58,8,6083.64,"2011-10-07 13:14:00","2011-10-13 10:26:00",3,5,5,355,"Loyal Customers"
15939,90,15,6115.01,"2011-01-12 12:43:00","2011-09-11 11:30:00",2,5,5,255,"At Risk"
13418,12,18,6127.43,"2010-12-02 10:45:00","2011-11-28 10:23:00",5,5,5,555,Champions
14060,5,19,6140.42,"2010-12-02 12:11:00","2011-12-05 12:29:00",5,5,5,555,Champions
12357,34,1,6207.67,"2011-11-06 16:07:00","2011-11-06 16:07:00",3,2,5,325,"Potential Loyalist"
14057,24,17,6211.66,"2010-12-14 12:11:00","2011-11-16 10:32:00",4,5,5,455,Champions
17315,2,38,6281.23,"2010-12-17 12:24:00","2011-12-08 12:15:00",5,5,5,555,Champions
16126,30,4,6287.77,"2011-02-16 11:18:00","2011-11-10 16:03:00",4,4,5,445,Champions
15005,16,28,6295.37,"2010-12-08 14:36:00","2011-11-24 12:25:00",4,5,5,455,Champions
13709,4,13,6307.65,"2011-01-28 14:57:00","2011-12-06 10:28:00",5,5,5,555,Champions
13668,3,21,6309.83,"2010-12-12 12:35:00","2011-12-07 12:11:00",5,5,5,555,Champions
12359,58,4,6310.03,"2011-01-12 12:43:00","2011-10-13 12:47:00",3,4,5,345,"Loyal Customers"
13871,23,13,6403.25,"2011-02-04 09:30:00","2011-11-17 10:49:00",4,5,5,455,Champions
16814,15,21,6416.70,"2010-12-05 11:45:00","2011-11-25 13:27:00",4,5,5,455,Champions
12431,36,15,6419.95,"2010-12-01 10:03:00","2011-11-04 11:55:00",3,5,5,355,"Loyal Customers"
13102,2,24,6424.09,"2010-12-09 13:38:00","2011-12-08 12:52:00",5,5,5,555,Champions
13225,4,7,6463.84,"2010-12-13 09:49:00","2011-12-06 13:29:00",5,5,5,555,Champions
15694,1,14,6479.40,"2010-12-02 07:49:00","2011-12-09 09:44:00",5,5,5,555,Champions
18223,5,14,6484.54,"2010-12-16 16:42:00","2011-12-05 09:11:00",5,5,5,555,Champions
17338,18,8,6493.54,"2010-12-13 12:57:00","2011-11-22 14:23:00",4,5,5,455,Champions
12472,33,7,6572.11,"2010-12-05 14:19:00","2011-11-07 14:01:00",4,5,5,455,Champions
15144,9,17,6580.44,"2011-01-31 13:17:00","2011-12-01 15:12:00",5,5,5,555,Champions
16182,73,4,6617.65,"2011-02-18 10:11:00","2011-09-28 13:23:00",2,4,5,245,"At Risk"
12626,24,9,6620.48,"2011-01-17 11:01:00","2011-11-16 16:06:00",4,5,5,455,Champions
16353,4,23,6675.71,"2010-12-05 12:09:00","2011-12-06 12:23:00",5,5,5,555,Champions
16746,5,18,6680.11,"2010-12-16 11:43:00","2011-12-05 12:33:00",5,5,5,555,Champions
15249,32,13,6688.46,"2011-03-28 12:49:00","2011-11-08 11:45:00",4,5,5,455,Champions
13576,11,18,6717.34,"2010-12-01 17:24:00","2011-11-29 15:34:00",5,5,5,555,Champions
15023,4,11,6720.41,"2010-12-05 13:49:00","2011-12-06 17:23:00",5,5,5,555,Champions
16532,18,3,6748.80,"2011-01-05 12:37:00","2011-11-22 11:08:00",4,3,5,435,"Loyal Customers"
18055,8,10,6761.34,"2010-12-05 10:52:00","2011-12-02 14:25:00",5,5,5,555,Champions
16652,59,7,6773.97,"2011-03-11 13:13:00","2011-10-12 09:38:00",3,5,5,355,"Loyal Customers"
15601,12,14,6776.56,"2010-12-02 10:39:00","2011-11-28 15:15:00",5,5,5,555,Champions
12830,38,6,6814.64,"2011-06-21 10:53:00","2011-11-02 11:54:00",3,5,5,355,"Loyal Customers"
12476,16,11,6816.42,"2010-12-13 14:39:00","2011-11-24 12:40:00",4,5,5,455,Champions
12705,16,9,6868.29,"2010-12-17 15:58:00","2011-11-24 13:17:00",4,5,5,455,Champions
17416,30,7,6893.42,"2011-03-03 13:45:00","2011-11-10 12:47:00",4,5,5,455,Champions
16713,19,15,6910.78,"2010-12-08 13:01:00","2011-11-21 12:36:00",4,5,5,455,Champions
16187,32,15,6911.44,"2011-02-28 13:34:00","2011-11-08 09:50:00",4,5,5,455,Champions
13027,114,6,6912.00,"2010-12-20 12:45:00","2011-08-18 09:39:00",2,5,5,255,"At Risk"
12989,4,15,6924.11,"2010-12-10 13:24:00","2011-12-06 15:28:00",5,5,5,555,Champions
12798,11,3,6977.04,"2011-06-22 10:11:00","2011-11-29 15:52:00",5,3,5,535,"Loyal Customers"
12766,4,7,6989.63,"2010-12-08 13:53:00","2011-12-06 08:46:00",5,5,5,555,Champions
14961,11,9,7044.68,"2010-12-14 11:38:00","2011-11-29 09:42:00",5,5,5,555,Champions
13985,5,15,7060.13,"2011-03-20 13:48:00","2011-12-05 17:06:00",5,5,5,555,Champions
16923,13,19,7069.08,"2010-12-12 11:06:00","2011-11-27 13:00:00",5,5,5,555,Champions
13324,37,10,7121.95,"2010-12-14 09:50:00","2011-11-03 16:28:00",3,5,5,355,"Loyal Customers"
16873,5,6,7123.62,"2010-12-10 15:45:00","2011-12-05 12:05:00",5,5,5,555,Champions
16745,87,17,7180.70,"2011-02-01 11:31:00","2011-09-14 11:58:00",2,5,5,255,"At Risk"
16729,39,21,7205.33,"2011-04-12 14:22:00","2011-11-01 14:29:00",3,5,5,355,"Loyal Customers"
18229,12,20,7276.90,"2010-12-01 16:25:00","2011-11-28 09:48:00",5,5,5,555,Champions
13018,17,28,7277.70,"2011-02-17 11:05:00","2011-11-23 13:28:00",4,5,5,455,Champions
12583,3,15,7281.38,"2010-12-01 08:45:00","2011-12-07 08:07:00",5,5,5,555,Champions
12474,18,18,7324.09,"2011-01-14 10:06:00","2011-11-22 14:39:00",4,5,5,455,Champions
17396,40,8,7330.80,"2010-12-03 09:45:00","2011-10-31 14:12:00",3,5,5,355,"Loyal Customers"
15465,20,18,7354.62,"2010-12-05 10:12:00","2011-11-20 10:11:00",4,5,5,455,Champions
12980,158,9,7374.90,"2010-12-16 11:36:00","2011-07-05 09:34:00",2,5,5,255,"At Risk"
13263,2,35,7436.93,"2011-01-18 16:31:00","2011-12-08 13:59:00",5,5,5,555,Champions
18172,15,20,7561.68,"2011-02-23 10:44:00","2011-11-25 11:12:00",4,5,5,455,Champions
15194,4,15,7616.53,"2010-12-06 15:00:00","2011-12-06 15:10:00",5,5,5,555,Champions
15044,20,17,7634.73,"2010-12-12 14:27:00","2011-11-20 13:20:00",4,5,5,455,Champions
17811,5,39,7761.82,"2011-01-10 10:58:00","2011-12-05 13:46:00",5,5,5,555,Champions
13629,24,11,7792.36,"2011-01-05 12:09:00","2011-11-16 13:21:00",4,5,5,455,Champions
12435,80,2,7829.89,"2011-03-17 07:40:00","2011-09-21 09:06:00",2,3,5,235,"Cant Lose Them"
13093,276,8,7832.47,"2010-12-01 15:00:00","2011-03-09 12:14:00",1,5,5,155,"At Risk"
12757,16,13,7834.65,"2011-05-12 19:01:00","2011-11-24 12:30:00",4,5,5,455,Champions
14849,22,25,7930.54,"2010-12-01 12:22:00","2011-11-18 10:58:00",4,5,5,455,Champions
15290,5,18,7943.22,"2010-12-15 16:03:00","2011-12-05 11:39:00",5,5,5,555,Champions
12428,26,9,7956.46,"2011-03-01 09:33:00","2011-11-14 08:22:00",4,5,5,455,Champions
14796,2,17,7975.49,"2010-12-08 10:40:00","2011-12-08 15:31:00",5,5,5,555,Champions
18109,2,26,8004.92,"2010-12-05 10:58:00","2011-12-08 11:36:00",5,5,5,555,Champions
14952,60,11,8099.49,"2010-12-10 12:48:00","2011-10-11 10:33:00",3,5,5,355,"Loyal Customers"
13854,9,25,8109.52,"2010-12-09 10:48:00","2011-12-01 09:06:00",5,5,5,555,Champions
16672,3,20,8134.94,"2011-03-18 10:15:00","2011-12-07 16:29:00",5,5,5,555,Champions
14936,34,8,8137.02,"2011-03-09 11:53:00","2011-11-06 10:30:00",3,5,5,355,"Loyal Customers"
14056,2,23,8152.71,"2011-02-28 15:19:00","2011-12-08 13:36:00",5,5,5,555,Champions
16558,1,20,8338.49,"2010-12-08 12:01:00","2011-12-09 10:20:00",5,5,5,555,Champions
15358,5,22,8347.20,"2010-12-09 10:04:00","2011-12-05 09:04:00",5,5,5,555,Champions
18139,18,6,8438.34,"2011-11-21 14:06:00","2011-11-22 10:44:00",4,5,5,455,Champions
12683,5,15,8476.57,"2010-12-09 10:37:00","2011-12-05 16:31:00",5,5,5,555,Champions
14527,3,55,8507.13,"2010-12-05 13:17:00","2011-12-07 12:19:00",5,5,5,555,Champions
17243,2,26,8540.05,"2010-12-05 10:03:00","2011-12-08 13:26:00",5,5,5,555,Champions
16656,23,15,8625.80,"2010-12-10 11:23:00","2011-11-17 14:43:00",4,5,5,455,Champions
17306,11,19,8631.31,"2010-12-21 13:34:00","2011-11-29 12:14:00",5,5,5,555,Champions
17017,3,20,8694.26,"2010-12-02 10:17:00","2011-12-07 09:32:00",5,5,5,555,Champions
16033,6,20,8778.82,"2010-12-05 10:36:00","2011-12-04 12:44:00",5,5,5,555,Champions
13090,9,14,8910.82,"2010-12-02 07:48:00","2011-12-01 12:39:00",5,5,5,555,Champions
13488,18,13,8968.31,"2010-12-07 13:01:00","2011-11-22 14:41:00",4,5,5,455,Champions
13969,8,18,9024.17,"2010-12-09 19:32:00","2011-12-02 15:11:00",5,5,5,555,Champions
12451,11,5,9035.52,"2011-01-19 09:05:00","2011-11-29 08:40:00",5,4,5,545,Champions
18092,3,11,9068.26,"2010-12-09 10:00:00","2011-12-07 13:14:00",5,5,5,555,Champions
14667,11,25,9175.04,"2010-12-06 13:13:00","2011-11-29 11:30:00",5,5,5,555,Champions
14367,9,16,9227.82,"2011-03-08 14:12:00","2011-12-01 13:19:00",5,5,5,555,Champions
12567,23,10,9401.28,"2010-12-05 11:57:00","2011-11-17 11:02:00",4,5,5,455,Champions
16523,2,21,9418.47,"2011-01-28 12:06:00","2011-12-08 09:06:00",5,5,5,555,Champions
14733,17,12,9585.91,"2010-12-07 11:30:00","2011-11-23 15:39:00",4,5,5,455,Champions
13458,8,14,9646.57,"2010-12-15 12:05:00","2011-12-02 15:29:00",5,5,5,555,Champions
12709,16,15,9706.52,"2010-12-08 09:49:00","2011-11-24 15:38:00",4,5,5,455,Champions
15078,8,32,9743.11,"2010-12-06 12:38:00","2011-12-02 15:41:00",5,5,5,555,Champions
13001,5,13,9785.97,"2011-01-17 12:45:00","2011-12-05 14:51:00",5,5,5,555,Champions
13199,4,38,9817.12,"2010-12-08 10:51:00","2011-12-06 12:30:00",5,5,5,555,Champions
12590,212,2,9864.26,"2011-05-12 14:46:00","2011-05-12 14:52:00",1,3,5,135,"Cant Lose Them"
16843,43,16,10196.57,"2011-01-16 16:10:00","2011-10-28 09:06:00",3,5,5,355,"Loyal Customers"
16180,101,8,10254.18,"2011-04-01 10:23:00","2011-08-31 16:28:00",2,5,5,255,"At Risk"
15502,16,12,10384.93,"2010-12-05 15:40:00","2011-11-24 12:48:00",4,5,5,455,Champions
15615,11,23,10399.74,"2010-12-15 16:21:00","2011-11-29 14:42:00",5,5,5,555,Champions
14769,3,8,10416.98,"2010-12-17 11:40:00","2011-12-07 10:24:00",5,5,5,555,Champions
14062,10,12,10464.85,"2010-12-10 15:56:00","2011-11-30 10:04:00",5,5,5,555,Champions
15251,10,11,10484.99,"2011-04-12 10:38:00","2011-11-30 15:02:00",5,5,5,555,Champions
17706,5,17,10504.49,"2010-12-08 11:02:00","2011-12-05 13:34:00",5,5,5,555,Champions
17865,31,20,10526.32,"2010-12-10 14:53:00","2011-11-09 12:08:00",4,5,5,455,Champions
16779,3,22,10611.72,"2010-12-08 09:56:00","2011-12-07 14:54:00",5,5,5,555,Champions
17139,16,12,10650.77,"2011-02-24 09:32:00","2011-11-24 10:12:00",4,5,5,455,Champions
13340,46,7,10736.48,"2011-03-08 11:39:00","2011-10-25 13:15:00",3,5,5,355,"Loyal Customers"
17107,34,6,10797.48,"2011-03-06 15:17:00","2011-11-06 14:14:00",3,5,5,355,"Loyal Customers"
13319,6,26,10845.55,"2010-12-09 10:04:00","2011-12-04 13:34:00",5,5,5,555,Champions
15482,16,12,10879.76,"2010-12-16 10:08:00","2011-11-24 10:46:00",4,5,5,455,Champions
17581,1,25,11025.24,"2010-12-02 14:47:00","2011-12-09 12:21:00",5,5,5,555,Champions
12409,79,3,11072.67,"2011-06-10 12:19:00","2011-09-22 10:38:00",2,4,5,245,"At Risk"
14895,8,20,11138.71,"2011-02-22 13:08:00","2011-12-02 09:23:00",5,5,5,555,Champions
12971,4,86,11189.91,"2010-12-02 16:42:00","2011-12-06 12:20:00",5,5,5,555,Champions
14194,5,21,11349.52,"2011-02-04 14:51:00","2011-12-05 10:38:00",5,5,5,555,Champions
15125,26,15,11528.48,"2011-03-14 09:59:00","2011-11-14 13:57:00",4,5,5,455,Champions
12939,65,8,11581.80,"2011-01-09 11:20:00","2011-10-06 14:33:00",3,5,5,355,"Loyal Customers"
12557,17,5,11990.96,"2010-12-03 12:20:00","2011-11-23 16:59:00",4,4,5,445,Champions
14606,2,93,12076.15,"2010-12-01 16:57:00","2011-12-08 19:28:00",5,5,5,555,Champions
13113,1,24,12245.96,"2010-12-08 13:21:00","2011-12-09 12:49:00",5,5,5,555,Champions
12682,4,31,12279.82,"2010-12-03 13:59:00","2011-12-06 10:00:00",5,5,5,555,Champions
17340,30,11,12353.29,"2010-12-08 15:56:00","2011-11-10 10:45:00",4,5,5,455,Champions
16000,3,3,12393.70,"2011-12-07 12:14:00","2011-12-07 12:17:00",5,3,5,535,"Loyal Customers"
15640,5,15,12416.11,"2010-12-02 15:40:00","2011-12-05 14:35:00",5,5,5,555,Champions
12536,44,3,12601.83,"2011-10-11 14:52:00","2011-10-27 14:20:00",3,4,5,345,"Loyal Customers"
13078,4,26,12627.94,"2010-12-08 09:07:00","2011-12-06 15:36:00",5,5,5,555,Champions
14258,10,9,12669.98,"2011-01-06 12:18:00","2011-11-30 15:27:00",5,5,5,555,Champions
16525,3,26,13027.45,"2010-12-08 11:31:00","2011-12-07 15:07:00",5,5,5,555,Champions
17735,3,19,13110.02,"2010-12-07 10:32:00","2011-12-07 16:47:00",5,5,5,555,Champions
12477,23,6,13219.74,"2011-02-11 12:45:00","2011-11-17 09:51:00",4,5,5,455,Champions
15498,3,27,13316.40,"2010-12-08 12:29:00","2011-12-07 12:48:00",5,5,5,555,Champions
12433,1,7,13375.87,"2010-12-01 13:24:00","2011-12-09 10:02:00",5,5,5,555,Champions
12540,20,17,13400.24,"2010-12-13 09:39:00","2011-11-20 11:31:00",4,5,5,455,Champions
12621,2,20,13689.67,"2010-12-09 10:16:00","2011-12-08 11:25:00",5,5,5,555,Champions
12681,15,22,13787.54,"2010-12-07 10:08:00","2011-11-25 11:33:00",4,5,5,455,Champions
16705,1,20,14034.99,"2010-12-16 10:51:00","2011-12-09 12:08:00",5,5,5,555,Champions
14866,11,12,14389.90,"2010-12-08 14:58:00","2011-11-29 11:45:00",5,5,5,555,Champions
16133,4,33,14589.04,"2011-01-25 15:55:00","2011-12-06 11:24:00",5,5,5,555,Champions
15513,34,19,14758.22,"2010-12-01 11:22:00","2011-11-06 14:36:00",3,5,5,355,"Loyal Customers"
14051,1,23,15610.39,"2010-12-08 12:49:00","2011-12-09 10:20:00",5,5,5,555,Champions
15856,5,27,16143.64,"2010-12-09 13:34:00","2011-12-05 17:09:00",5,5,5,555,Champions
14607,16,14,16209.50,"2011-03-23 15:22:00","2011-11-24 10:35:00",4,5,5,455,Champions
15189,2,41,16225.39,"2011-01-11 12:29:00","2011-12-08 13:22:00",5,5,5,555,Champions
17677,2,30,16345.38,"2010-12-06 08:42:00","2011-12-08 09:56:00",5,5,5,555,Champions
12921,10,37,16587.09,"2010-12-01 15:06:00","2011-11-30 16:22:00",5,5,5,555,Champions
16839,9,34,16594.35,"2010-12-05 11:15:00","2011-12-01 09:03:00",5,5,5,555,Champions
13881,4,20,17159.52,"2011-02-01 10:14:00","2011-12-06 12:50:00",5,5,5,555,Champions
13767,3,37,17220.36,"2010-12-01 10:47:00","2011-12-07 15:00:00",5,5,5,555,Champions
17428,1,28,17256.85,"2010-12-06 09:37:00","2011-12-09 09:45:00",5,5,5,555,Champions
14031,8,19,17286.86,"2010-12-02 16:34:00","2011-12-02 17:13:00",5,5,5,555,Champions
12678,43,12,17628.46,"2010-12-21 11:00:00","2011-10-28 13:04:00",3,5,5,355,"Loyal Customers"
12901,9,28,17654.54,"2011-03-14 10:41:00","2011-12-01 10:07:00",5,5,5,555,Champions
15159,2,30,18641.01,"2010-12-13 15:44:00","2011-12-08 12:05:00",5,5,5,555,Champions
12731,24,12,18895.91,"2010-12-10 10:56:00","2011-11-16 11:59:00",4,5,5,455,Champions
15039,10,47,19766.59,"2010-12-06 11:26:00","2011-11-30 11:31:00",5,5,5,555,Champions
12471,3,30,19788.65,"2010-12-10 09:35:00","2011-12-07 15:43:00",5,5,5,555,Champions
17381,9,29,20275.61,"2010-12-02 12:58:00","2011-12-01 11:59:00",5,5,5,555,Champions
17675,2,31,20374.28,"2010-12-07 13:22:00","2011-12-08 18:03:00",5,5,5,555,Champions
16210,2,18,21086.30,"2010-12-01 12:27:00","2011-12-08 12:36:00",5,5,5,555,Champions
12744,52,7,21279.29,"2011-01-25 13:26:00","2011-10-19 11:18:00",3,5,5,355,"Loyal Customers"
12753,23,6,21429.39,"2010-12-12 11:44:00","2011-11-17 10:52:00",4,5,5,455,Champions
13777,1,33,25977.16,"2010-12-01 16:01:00","2011-12-09 12:25:00",5,5,5,555,Champions
16333,8,22,26626.80,"2011-02-03 10:50:00","2011-12-02 12:19:00",5,5,5,555,Champions
17857,5,23,26879.04,"2010-12-09 11:35:00","2011-12-05 13:13:00",5,5,5,555,Champions
13408,2,62,28117.04,"2010-12-01 10:39:00","2011-12-08 09:05:00",5,5,5,555,Champions
13081,12,11,28337.38,"2010-12-03 17:20:00","2011-11-28 10:54:00",5,5,5,555,Champions
14680,26,16,28754.11,"2010-12-03 12:05:00","2011-11-14 16:59:00",4,5,5,455,Champions
13098,2,28,28882.44,"2011-01-26 13:46:00","2011-12-08 14:14:00",5,5,5,555,Champions
17389,1,34,31833.68,"2011-01-12 15:48:00","2011-12-09 09:38:00",5,5,5,555,Champions
17404,5,15,31906.82,"2010-12-14 13:28:00","2011-12-05 16:26:00",5,5,5,555,Champions
12748,1,209,33053.19,"2010-12-01 12:48:00","2011-12-09 12:20:00",5,5,5,555,Champions
15838,12,19,33643.08,"2010-12-07 11:26:00","2011-11-28 14:00:00",5,5,5,555,Champions
16422,18,51,34684.40,"2010-12-05 15:35:00","2011-11-22 14:00:00",4,5,5,455,Champions
16013,4,47,37130.60,"2010-12-03 13:09:00","2011-12-06 10:36:00",5,5,5,555,Champions
13798,2,57,37153.85,"2010-12-02 17:24:00","2011-12-08 15:51:00",5,5,5,555,Champions
15098,183,3,39916.50,"2011-06-10 15:22:00","2011-06-10 15:33:00",1,3,5,135,"Cant Lose Them"
17841,2,124,40519.84,"2010-12-01 14:41:00","2011-12-08 12:07:00",5,5,5,555,Champions
12931,22,15,42055.96,"2010-12-17 09:45:00","2011-11-18 12:39:00",4,5,5,455,Champions
15749,236,3,44534.30,"2011-01-11 12:55:00","2011-04-18 13:20:00",1,3,5,135,"Cant Lose Them"
14088,11,13,50491.81,"2011-01-21 13:07:00","2011-11-29 16:16:00",5,5,5,555,Champions
14298,9,44,51527.30,"2010-12-14 12:59:00","2011-12-01 13:12:00",5,5,5,555,Champions
15061,4,48,54534.14,"2010-12-02 15:19:00","2011-12-06 12:06:00",5,5,5,555,Champions
15769,8,26,56252.72,"2010-12-03 15:16:00","2011-12-02 13:52:00",5,5,5,555,Champions
17949,2,45,58510.48,"2010-12-03 13:12:00","2011-12-08 18:46:00",5,5,5,555,Champions
13089,3,97,58762.08,"2010-12-05 10:27:00","2011-12-07 09:02:00",5,5,5,555,Champions
15311,1,91,60632.75,"2010-12-01 09:41:00","2011-12-09 12:00:00",5,5,5,555,Champions
13694,4,50,65039.62,"2010-12-01 12:12:00","2011-12-06 09:32:00",5,5,5,555,Champions
14096,5,17,65164.79,"2011-08-30 10:49:00","2011-12-05 17:17:00",5,5,5,555,Champions
16684,5,28,66653.56,"2010-12-16 17:34:00","2011-12-05 14:06:00",5,5,5,555,Champions
12346,326,1,77183.60,"2011-01-18 10:01:00","2011-01-18 10:01:00",1,1,5,115,Lost
16029,39,63,80850.84,"2010-12-01 09:57:00","2011-11-01 10:27:00",3,5,5,355,"Loyal Customers"
17511,3,31,91062.38,"2010-12-01 10:19:00","2011-12-07 10:12:00",5,5,5,555,Champions
14156,10,55,117210.08,"2010-12-03 11:48:00","2011-11-30 10:54:00",5,5,5,555,Champions
12415,25,21,124914.53,"2011-01-06 11:12:00","2011-11-15 14:22:00",4,5,5,455,Champions
14911,2,201,143711.17,"2010-12-01 14:05:00","2011-12-08 15:54:00",5,5,5,555,Champions
16446,1,2,168472.50,"2011-05-18 09:52:00","2011-12-09 09:15:00",5,2,5,525,"New Customers"
17450,9,46,194390.79,"2010-12-07 09:23:00","2011-12-01 13:29:00",5,5,5,555,Champions
18102,1,60,259657.30,"2010-12-07 16:42:00","2011-12-09 11:50:00",5,5,5,555,Champions
14646,2,73,280206.02,"2010-12-20 10:09:00","2011-12-08 12:12:00",5,5,5,555,Champions
